{"ts":"2026-06-23T08:35:54.295969Z","ts_unix":1782203754295972,"event":"NODE_START","node":"node_08","addr":"node_08:8001","seq":1,"fields":{"comp":9,"mem":11,"neighbors":0,"net":3,"task_latency_ms":160}}
[node_08] joining seed node_05:8001
[node_08] joined seed node_05:8001
[node_08] joining seed node_07:8001
[node_08] joined seed node_07:8001
{"ts":"2026-06-23T08:35:54.797184Z","ts_unix":1782203754797189,"event":"STATE_SYNC","node":"node_08","addr":"node_08:8001","seq":2,"fields":{"comp":9,"load":0,"mem":11,"neighbors":2,"net":3,"peers":2,"queue":0}}
{"ts":"2026-06-23T08:35:54.797244Z","ts_unix":1782203754797255,"event":"POTENTIAL","node":"node_08","addr":"node_08:8001","seq":3,"fields":{"peers":[{"addr":"node_05:8001","trust":1,"load":0,"queue":0,"comp":10,"mem":10,"net":5,"potential":1.7976931348623157e+308,"phi_self":0.1622641278370785,"age_ms":179},{"addr":"node_07:8001","trust":1,"load":0,"queue":0,"comp":5,"mem":8,"net":12,"potential":1.7976931348623157e+308,"phi_self":0.6473445607799742,"age_ms":68}],"self_comp":9,"self_load":0,"self_mem":11,"self_net":3,"self_phi":0,"self_potential":1,"self_queue":0}}
{"ts":"2026-06-23T08:35:55.297025Z","ts_unix":1782203755297033,"event":"STATE_SYNC","node":"node_08","addr":"node_08:8001","seq":4,"fields":{"comp":9,"load":0,"mem":11,"neighbors":2,"net":3,"peers":2,"queue":0}}
{"ts":"2026-06-23T08:35:55.297114Z","ts_unix":1782203755297115,"event":"POTENTIAL","node":"node_08","addr":"node_08:8001","seq":5,"fields":{"peers":[{"addr":"node_05:8001","trust":1,"load":0,"queue":0,"comp":10,"mem":10,"net":5,"potential":1.7976931348623157e+308,"phi_self":0.1622641278370785,"age_ms":180},{"addr":"node_07:8001","trust":1,"load":0,"queue":0,"comp":5,"mem":8,"net":12,"potential":1.7976931348623157e+308,"phi_self":0.6473445607799742,"age_ms":67}],"self_comp":9,"self_load":0,"self_mem":11,"self_net":3,"self_phi":0,"self_potential":1,"self_queue":0}}
{"ts":"2026-06-23T08:35:55.796925Z","ts_unix":1782203755796933,"event":"STATE_SYNC","node":"node_08","addr":"node_08:8001","seq":6,"fields":{"comp":9,"load":0,"mem":11,"neighbors":2,"net":3,"peers":2,"queue":0}}
{"ts":"2026-06-23T08:35:55.797003Z","ts_unix":1782203755797004,"event":"POTENTIAL","node":"node_08","addr":"node_08:8001","seq":7,"fields":{"peers":[{"addr":"node_05:8001","trust":1,"load":0,"queue":0,"comp":10,"mem":10,"net":5,"potential":1.7976931348623157e+308,"phi_self":0.1622641278370785,"age_ms":180},{"addr":"node_07:8001","trust":1,"load":0,"queue":0,"comp":5,"mem":8,"net":12,"potential":1.7976931348623157e+308,"phi_self":0.6473445607799742,"age_ms":69}],"self_comp":9,"self_load":0,"self_mem":11,"self_net":3,"self_phi":0,"self_potential":1,"self_queue":0}}
{"ts":"2026-06-23T08:35:56.297069Z","ts_unix":1782203756297074,"event":"STATE_SYNC","node":"node_08","addr":"node_08:8001","seq":8,"fields":{"comp":9,"load":0,"mem":11,"neighbors":2,"net":3,"peers":2,"queue":0}}
{"ts":"2026-06-23T08:35:56.297157Z","ts_unix":1782203756297158,"event":"POTENTIAL","node":"node_08","addr":"node_08:8001","seq":9,"fields":{"peers":[{"addr":"node_05:8001","trust":1,"load":0,"queue":0,"comp":10,"mem":10,"net":5,"potential":1.7976931348623157e+308,"phi_self":0.1622641278370785,"age_ms":180},{"addr":"node_07:8001","trust":1,"load":0,"queue":0,"comp":5,"mem":8,"net":12,"potential":1.7976931348623157e+308,"phi_self":0.6473445607799742,"age_ms":69}],"self_comp":9,"self_load":0,"self_mem":11,"self_net":3,"self_phi":0,"self_potential":1,"self_queue":0}}
{"ts":"2026-06-23T08:35:56.797091Z","ts_unix":1782203756797096,"event":"STATE_SYNC","node":"node_08","addr":"node_08:8001","seq":10,"fields":{"comp":9,"load":0,"mem":11,"neighbors":2,"net":3,"peers":2,"queue":0}}
{"ts":"2026-06-23T08:35:56.797148Z","ts_unix":1782203756797149,"event":"POTENTIAL","node":"node_08","addr":"node_08:8001","seq":11,"fields":{"peers":[{"addr":"node_07:8001","trust":1,"load":0,"queue":0,"comp":5,"mem":8,"net":12,"potential":1.7976931348623157e+308,"phi_self":0.6473445607799742,"age_ms":68},{"addr":"node_05:8001","trust":1,"load":0,"queue":0,"comp":10,"mem":10,"net":5,"potential":1.7976931348623157e+308,"phi_self":0.1622641278370785,"age_ms":180}],"self_comp":9,"self_load":0,"self_mem":11,"self_net":3,"self_phi":0,"self_potential":1,"self_queue":0}}
[node_08] task generator started
{"ts":"2026-06-23T08:35:57.297154Z","ts_unix":1782203757297159,"event":"STATE_SYNC","node":"node_08","addr":"node_08:8001","seq":12,"fields":{"comp":9,"load":0,"mem":11,"neighbors":2,"net":3,"peers":2,"queue":0}}
{"ts":"2026-06-23T08:35:57.297189Z","ts_unix":1782203757297190,"event":"POTENTIAL","node":"node_08","addr":"node_08:8001","seq":13,"fields":{"peers":[{"addr":"node_05:8001","trust":1,"load":0,"queue":0,"comp":10,"mem":10,"net":5,"potential":1.7976931348623157e+308,"phi_self":0.1622641278370785,"age_ms":180},{"addr":"node_07:8001","trust":1,"load":0,"queue":0,"comp":5,"mem":8,"net":12,"potential":1.7976931348623157e+308,"phi_self":0.6473445607799742,"age_ms":67}],"self_comp":9,"self_load":0,"self_mem":11,"self_net":3,"self_phi":0,"self_potential":1,"self_queue":0}}
{"ts":"2026-06-23T08:35:57.797733Z","ts_unix":1782203757797749,"event":"STATE_SYNC","node":"node_08","addr":"node_08:8001","seq":14,"fields":{"comp":9,"load":0,"mem":11,"neighbors":2,"net":3,"peers":2,"queue":0}}
{"ts":"2026-06-23T08:35:57.797806Z","ts_unix":1782203757797807,"event":"POTENTIAL","node":"node_08","addr":"node_08:8001","seq":15,"fields":{"peers":[{"addr":"node_05:8001","trust":1,"load":0,"queue":0,"comp":10,"mem":10,"net":5,"potential":1.7976931348623157e+308,"phi_self":0.1622641278370785,"age_ms":181},{"addr":"node_07:8001","trust":1,"load":0,"queue":0,"comp":5,"mem":8,"net":12,"potential":1.7976931348623157e+308,"phi_self":0.6473445607799742,"age_ms":69}],"self_comp":9,"self_load":0,"self_mem":11,"self_net":3,"self_phi":0,"self_potential":1,"self_queue":0}}
[node_08] spawned task 3eaaf27a
{"ts":"2026-06-23T08:35:57.949354Z","ts_unix":1782203757949358,"event":"TASK_ACCEPT","node":"node_08","addr":"node_08:8001","seq":16,"fields":{"hops":0,"load":0.15,"phi":0.22248536289726606,"potential":2.0155376209282876,"queue":0,"task":"3eaaf27a-72a5-f9a6-b257-b4ce0edf8062"}}
{"ts":"2026-06-23T08:35:58.112455Z","ts_unix":1782203758112477,"event":"TASK_COMPLETE","node":"node_08","addr":"node_08:8001","seq":17,"fields":{"latency_ms":160,"task":"3eaaf27a-72a5-f9a6-b257-b4ce0edf8062"}}
{"ts":"2026-06-23T08:35:58.296790Z","ts_unix":1782203758296797,"event":"STATE_SYNC","node":"node_08","addr":"node_08:8001","seq":18,"fields":{"comp":9,"load":0,"mem":11,"neighbors":2,"net":3,"peers":2,"queue":0}}
{"ts":"2026-06-23T08:35:58.296861Z","ts_unix":1782203758296862,"event":"POTENTIAL","node":"node_08","addr":"node_08:8001","seq":19,"fields":{"peers":[{"addr":"node_05:8001","trust":1,"load":0,"queue":0,"comp":10,"mem":10,"net":5,"potential":1.7976931348623157e+308,"phi_self":0.1622641278370785,"age_ms":179},{"addr":"node_07:8001","trust":1,"load":0.15,"queue":0,"comp":3.5,"mem":5.5,"net":10.5,"potential":1.7976931348623157e+308,"phi_self":0.7257907476246176,"age_ms":65}],"self_comp":9,"self_load":0,"self_mem":11,"self_net":3,"self_phi":0,"self_potential":1,"self_queue":0}}
[node_08] spawned task 70df9b3a
{"ts":"2026-06-23T08:35:58.598606Z","ts_unix":1782203758598610,"event":"TASK_ACCEPT","node":"node_08","addr":"node_08:8001","seq":20,"fields":{"hops":0,"load":0.15,"phi":0.22248536289726606,"potential":2.0155376209282876,"queue":0,"task":"70df9b3a-20c9-efb7-8cdb-84932ac2cbde"}}
{"ts":"2026-06-23T08:35:58.762600Z","ts_unix":1782203758762610,"event":"TASK_COMPLETE","node":"node_08","addr":"node_08:8001","seq":21,"fields":{"latency_ms":160,"task":"70df9b3a-20c9-efb7-8cdb-84932ac2cbde"}}
{"ts":"2026-06-23T08:35:58.796833Z","ts_unix":1782203758796836,"event":"STATE_SYNC","node":"node_08","addr":"node_08:8001","seq":22,"fields":{"comp":9,"load":0,"mem":11,"neighbors":2,"net":3,"peers":2,"queue":0}}
{"ts":"2026-06-23T08:35:58.796874Z","ts_unix":1782203758796875,"event":"POTENTIAL","node":"node_08","addr":"node_08:8001","seq":23,"fields":{"peers":[{"addr":"node_05:8001","trust":1,"load":0.15,"queue":0,"comp":7,"mem":9,"net":2,"potential":1.7976931348623157e+308,"phi_self":0.04205245699288487,"age_ms":172},{"addr":"node_07:8001","trust":1,"load":0,"queue":0,"comp":5,"mem":8,"net":12,"potential":1.7976931348623157e+308,"phi_self":0.6473445607799742,"age_ms":69}],"self_comp":9,"self_load":0,"self_mem":11,"self_net":3,"self_phi":0,"self_potential":1,"self_queue":0}}
[node_08] spawned task 79310f5e
{"ts":"2026-06-23T08:35:59.250095Z","ts_unix":1782203759250101,"event":"TASK_ACCEPT","node":"node_08","addr":"node_08:8001","seq":24,"fields":{"hops":0,"load":0.15,"phi":0.22248536289726606,"potential":2.0155376209282876,"queue":0,"task":"79310f5e-e38a-c245-d98b-59c36e9e272a"}}
{"ts":"2026-06-23T08:35:59.299983Z","ts_unix":1782203759299988,"event":"STATE_SYNC","node":"node_08","addr":"node_08:8001","seq":25,"fields":{"comp":6.5,"load":0.15,"mem":9,"neighbors":2,"net":2,"peers":2,"queue":0}}
{"ts":"2026-06-23T08:35:59.300042Z","ts_unix":1782203759300043,"event":"POTENTIAL","node":"node_08","addr":"node_08:8001","seq":26,"fields":{"peers":[{"addr":"node_05:8001","trust":1,"load":0,"queue":0,"comp":10,"mem":10,"net":5,"potential":1.7976931348623157e+308,"phi_self":0.1622641278370785,"age_ms":183},{"addr":"node_07:8001","trust":1,"load":0,"queue":0,"comp":5,"mem":8,"net":12,"potential":1.7976931348623157e+308,"phi_self":0.6473445607799742,"age_ms":72}],"self_comp":6.5,"self_load":0.15,"self_mem":9,"self_net":2,"self_phi":0.06615288822231989,"self_potential":1.7976931348623157e+308,"self_queue":0}}
{"ts":"2026-06-23T08:35:59.411057Z","ts_unix":1782203759411061,"event":"TASK_COMPLETE","node":"node_08","addr":"node_08:8001","seq":27,"fields":{"latency_ms":160,"task":"79310f5e-e38a-c245-d98b-59c36e9e272a"}}
{"ts":"2026-06-23T08:35:59.796705Z","ts_unix":1782203759796709,"event":"STATE_SYNC","node":"node_08","addr":"node_08:8001","seq":28,"fields":{"comp":9,"load":0,"mem":11,"neighbors":2,"net":3,"peers":2,"queue":0}}
{"ts":"2026-06-23T08:35:59.796767Z","ts_unix":1782203759796768,"event":"POTENTIAL","node":"node_08","addr":"node_08:8001","seq":29,"fields":{"peers":[{"addr":"node_05:8001","trust":1,"load":0,"queue":0,"comp":10,"mem":10,"net":5,"potential":1.7976931348623157e+308,"phi_self":0.1622641278370785,"age_ms":180},{"addr":"node_07:8001","trust":1,"load":0.15,"queue":0,"comp":3.5,"mem":5.5,"net":10.5,"potential":1.7976931348623157e+308,"phi_self":0.7257907476246176,"age_ms":67}],"self_comp":9,"self_load":0,"self_mem":11,"self_net":3,"self_phi":0,"self_potential":1,"self_queue":0}}
[node_08] spawned task b3e1070c
{"ts":"2026-06-23T08:35:59.899855Z","ts_unix":1782203759899862,"event":"TASK_ACCEPT","node":"node_08","addr":"node_08:8001","seq":30,"fields":{"hops":0,"load":0.15,"phi":0.22248536289726606,"potential":2.0155376209282876,"queue":0,"task":"b3e1070c-d4dd-b2d6-d010-227d7d4b8572"}}
{"ts":"2026-06-23T08:36:00.060783Z","ts_unix":1782203760060788,"event":"TASK_COMPLETE","node":"node_08","addr":"node_08:8001","seq":31,"fields":{"latency_ms":160,"task":"b3e1070c-d4dd-b2d6-d010-227d7d4b8572"}}
{"ts":"2026-06-23T08:36:00.299663Z","ts_unix":1782203760299671,"event":"STATE_SYNC","node":"node_08","addr":"node_08:8001","seq":32,"fields":{"comp":9,"load":0,"mem":11,"neighbors":2,"net":3,"peers":2,"queue":0}}
{"ts":"2026-06-23T08:36:00.299741Z","ts_unix":1782203760299742,"event":"POTENTIAL","node":"node_08","addr":"node_08:8001","seq":33,"fields":{"peers":[{"addr":"node_05:8001","trust":1,"load":0.15,"queue":0,"comp":7,"mem":9,"net":2,"potential":1.7976931348623157e+308,"phi_self":0.04205245699288487,"age_ms":181},{"addr":"node_07:8001","trust":1,"load":0,"queue":0,"comp":5,"mem":8,"net":12,"potential":1.7976931348623157e+308,"phi_self":0.6473445607799742,"age_ms":66}],"self_comp":9,"self_load":0,"self_mem":11,"self_net":3,"self_phi":0,"self_potential":1,"self_queue":0}}
[node_08] spawned task 2f696ae9
{"ts":"2026-06-23T08:36:00.550022Z","ts_unix":1782203760550029,"event":"TASK_ACCEPT","node":"node_08","addr":"node_08:8001","seq":34,"fields":{"hops":0,"load":0.15,"phi":0.22248536289726606,"potential":2.0155376209282876,"queue":0,"task":"2f696ae9-2253-4f56-6652-c7540b644891"}}
{"ts":"2026-06-23T08:36:00.711029Z","ts_unix":1782203760711037,"event":"TASK_COMPLETE","node":"node_08","addr":"node_08:8001","seq":35,"fields":{"latency_ms":160,"task":"2f696ae9-2253-4f56-6652-c7540b644891"}}
{"ts":"2026-06-23T08:36:00.801072Z","ts_unix":1782203760801073,"event":"STATE_SYNC","node":"node_08","addr":"node_08:8001","seq":36,"fields":{"comp":9,"load":0,"mem":11,"neighbors":2,"net":3,"peers":2,"queue":0}}
{"ts":"2026-06-23T08:36:00.801145Z","ts_unix":1782203760801147,"event":"POTENTIAL","node":"node_08","addr":"node_08:8001","seq":37,"fields":{"peers":[{"addr":"node_05:8001","trust":1,"load":0,"queue":0,"comp":10,"mem":10,"net":5,"potential":1.7976931348623157e+308,"phi_self":0.1622641278370785,"age_ms":184},{"addr":"node_07:8001","trust":1,"load":0,"queue":0,"comp":5,"mem":8,"net":12,"potential":1.7976931348623157e+308,"phi_self":0.6473445607799742,"age_ms":73}],"self_comp":9,"self_load":0,"self_mem":11,"self_net":3,"self_phi":0,"self_potential":1,"self_queue":0}}
[node_08] spawned task 98aa07ff
{"ts":"2026-06-23T08:36:01.198928Z","ts_unix":1782203761198931,"event":"TASK_ACCEPT","node":"node_08","addr":"node_08:8001","seq":38,"fields":{"hops":0,"load":0.15,"phi":0.22248536289726606,"potential":2.0155376209282876,"queue":0,"task":"98aa07ff-f8b9-ced2-323e-376f58c580c5"}}
{"ts":"2026-06-23T08:36:01.298348Z","ts_unix":1782203761298353,"event":"STATE_SYNC","node":"node_08","addr":"node_08:8001","seq":39,"fields":{"comp":6.5,"load":0.15,"mem":9,"neighbors":2,"net":2,"peers":2,"queue":0}}
{"ts":"2026-06-23T08:36:01.298404Z","ts_unix":1782203761298405,"event":"POTENTIAL","node":"node_08","addr":"node_08:8001","seq":40,"fields":{"peers":[{"addr":"node_05:8001","trust":1,"load":0,"queue":0,"comp":10,"mem":10,"net":5,"potential":1.7976931348623157e+308,"phi_self":0.1622641278370785,"age_ms":181},{"addr":"node_07:8001","trust":1,"load":0,"queue":0,"comp":5,"mem":8,"net":12,"potential":1.7976931348623157e+308,"phi_self":0.6473445607799742,"age_ms":69}],"self_comp":6.5,"self_load":0.15,"self_mem":9,"self_net":2,"self_phi":0.06615288822231989,"self_potential":1.7976931348623157e+308,"self_queue":0}}
{"ts":"2026-06-23T08:36:01.363254Z","ts_unix":1782203761363259,"event":"TASK_COMPLETE","node":"node_08","addr":"node_08:8001","seq":41,"fields":{"latency_ms":160,"task":"98aa07ff-f8b9-ced2-323e-376f58c580c5"}}
{"ts":"2026-06-23T08:36:01.796760Z","ts_unix":1782203761796762,"event":"STATE_SYNC","node":"node_08","addr":"node_08:8001","seq":42,"fields":{"comp":9,"load":0,"mem":11,"neighbors":2,"net":3,"peers":2,"queue":0}}
{"ts":"2026-06-23T08:36:01.796806Z","ts_unix":1782203761796807,"event":"POTENTIAL","node":"node_08","addr":"node_08:8001","seq":43,"fields":{"peers":[{"addr":"node_05:8001","trust":1,"load":0,"queue":0,"comp":10,"mem":10,"net":5,"potential":1.7976931348623157e+308,"phi_self":0.1622641278370785,"age_ms":180},{"addr":"node_07:8001","trust":1,"load":0,"queue":0,"comp":5,"mem":8,"net":12,"potential":1.7976931348623157e+308,"phi_self":0.6473445607799742,"age_ms":68}],"self_comp":9,"self_load":0,"self_mem":11,"self_net":3,"self_phi":0,"self_potential":1,"self_queue":0}}
[node_08] spawned task 94db7ef5
{"ts":"2026-06-23T08:36:01.849045Z","ts_unix":1782203761849053,"event":"TASK_ACCEPT","node":"node_08","addr":"node_08:8001","seq":44,"fields":{"hops":0,"load":0.15,"phi":0.22248536289726606,"potential":2.0155376209282876,"queue":0,"task":"94db7ef5-d209-23c5-aa4a-5b68f592c68c"}}
{"ts":"2026-06-23T08:36:02.009846Z","ts_unix":1782203762009854,"event":"TASK_COMPLETE","node":"node_08","addr":"node_08:8001","seq":45,"fields":{"latency_ms":160,"task":"94db7ef5-d209-23c5-aa4a-5b68f592c68c"}}
{"ts":"2026-06-23T08:36:02.297811Z","ts_unix":1782203762297818,"event":"STATE_SYNC","node":"node_08","addr":"node_08:8001","seq":46,"fields":{"comp":9,"load":0,"mem":11,"neighbors":2,"net":3,"peers":2,"queue":0}}
{"ts":"2026-06-23T08:36:02.297892Z","ts_unix":1782203762297893,"event":"POTENTIAL","node":"node_08","addr":"node_08:8001","seq":47,"fields":{"peers":[{"addr":"node_05:8001","trust":1,"load":0.15,"queue":0,"comp":7,"mem":9,"net":2,"potential":1.7976931348623157e+308,"phi_self":0.04205245699288487,"age_ms":181},{"addr":"node_07:8001","trust":1,"load":0.15,"queue":0,"comp":3.5,"mem":5.5,"net":10.5,"potential":1.7976931348623157e+308,"phi_self":0.7257907476246176,"age_ms":68}],"self_comp":9,"self_load":0,"self_mem":11,"self_net":3,"self_phi":0,"self_potential":1,"self_queue":0}}
[node_08] spawned task 8e72e0ad
{"ts":"2026-06-23T08:36:02.497798Z","ts_unix":1782203762497802,"event":"TASK_ACCEPT","node":"node_08","addr":"node_08:8001","seq":48,"fields":{"hops":0,"load":0.15,"phi":0.22248536289726606,"potential":2.0155376209282876,"queue":0,"task":"8e72e0ad-e875-956b-fb43-e179dcd82d14"}}
{"ts":"2026-06-23T08:36:02.660138Z","ts_unix":1782203762660146,"event":"TASK_COMPLETE","node":"node_08","addr":"node_08:8001","seq":49,"fields":{"latency_ms":160,"task":"8e72e0ad-e875-956b-fb43-e179dcd82d14"}}
{"ts":"2026-06-23T08:36:02.796717Z","ts_unix":1782203762796722,"event":"STATE_SYNC","node":"node_08","addr":"node_08:8001","seq":50,"fields":{"comp":9,"load":0,"mem":11,"neighbors":2,"net":3,"peers":2,"queue":0}}
{"ts":"2026-06-23T08:36:02.796772Z","ts_unix":1782203762796774,"event":"POTENTIAL","node":"node_08","addr":"node_08:8001","seq":51,"fields":{"peers":[{"addr":"node_05:8001","trust":1,"load":0,"queue":0,"comp":10,"mem":10,"net":5,"potential":1.7976931348623157e+308,"phi_self":0.1622641278370785,"age_ms":179},{"addr":"node_07:8001","trust":1,"load":0,"queue":0,"comp":5,"mem":8,"net":12,"potential":1.7976931348623157e+308,"phi_self":0.6473445607799742,"age_ms":67}],"self_comp":9,"self_load":0,"self_mem":11,"self_net":3,"self_phi":0,"self_potential":1,"self_queue":0}}
[node_08] spawned task 4ff60cfa
{"ts":"2026-06-23T08:36:03.151110Z","ts_unix":1782203763151117,"event":"TASK_ACCEPT","node":"node_08","addr":"node_08:8001","seq":52,"fields":{"hops":0,"load":0.15,"phi":0.22248536289726606,"potential":2.0155376209282876,"queue":0,"task":"4ff60cfa-6e40-2820-3b22-c6e860f1cb54"}}
{"ts":"2026-06-23T08:36:03.300752Z","ts_unix":1782203763300761,"event":"STATE_SYNC","node":"node_08","addr":"node_08:8001","seq":53,"fields":{"comp":6.5,"load":0.15,"mem":9,"neighbors":2,"net":2,"peers":2,"queue":0}}
{"ts":"2026-06-23T08:36:03.300843Z","ts_unix":1782203763300844,"event":"POTENTIAL","node":"node_08","addr":"node_08:8001","seq":54,"fields":{"peers":[{"addr":"node_05:8001","trust":1,"load":0,"queue":0,"comp":10,"mem":10,"net":5,"potential":1.7976931348623157e+308,"phi_self":0.1622641278370785,"age_ms":184},{"addr":"node_07:8001","trust":1,"load":0,"queue":0,"comp":5,"mem":8,"net":12,"potential":1.7976931348623157e+308,"phi_self":0.6473445607799742,"age_ms":71}],"self_comp":6.5,"self_load":0.15,"self_mem":9,"self_net":2,"self_phi":0.06615288822231989,"self_potential":1.7976931348623157e+308,"self_queue":0}}
{"ts":"2026-06-23T08:36:03.312591Z","ts_unix":1782203763312600,"event":"TASK_COMPLETE","node":"node_08","addr":"node_08:8001","seq":55,"fields":{"latency_ms":160,"task":"4ff60cfa-6e40-2820-3b22-c6e860f1cb54"}}
{"ts":"2026-06-23T08:36:03.796761Z","ts_unix":1782203763796765,"event":"STATE_SYNC","node":"node_08","addr":"node_08:8001","seq":56,"fields":{"comp":9,"load":0,"mem":11,"neighbors":2,"net":3,"peers":2,"queue":0}}
{"ts":"2026-06-23T08:36:03.796879Z","ts_unix":1782203763796882,"event":"POTENTIAL","node":"node_08","addr":"node_08:8001","seq":57,"fields":{"peers":[{"addr":"node_05:8001","trust":1,"load":0.15,"queue":0,"comp":7,"mem":9,"net":2,"potential":1.7976931348623157e+308,"phi_self":0.04205245699288487,"age_ms":178},{"addr":"node_07:8001","trust":1,"load":0.15,"queue":0,"comp":3.5,"mem":5.5,"net":10.5,"potential":1.7976931348623157e+308,"phi_self":0.7257907476246176,"age_ms":68}],"self_comp":9,"self_load":0,"self_mem":11,"self_net":3,"self_phi":0,"self_potential":1,"self_queue":0}}
[node_08] spawned task b717a3fc
{"ts":"2026-06-23T08:36:03.797216Z","ts_unix":1782203763797219,"event":"TASK_ACCEPT","node":"node_08","addr":"node_08:8001","seq":58,"fields":{"hops":0,"load":0.15,"phi":0.22248536289726606,"potential":2.0155376209282876,"queue":0,"task":"b717a3fc-ac94-81ab-eb0b-8d4dd10fb38a"}}
{"ts":"2026-06-23T08:36:03.961522Z","ts_unix":1782203763961528,"event":"TASK_COMPLETE","node":"node_08","addr":"node_08:8001","seq":59,"fields":{"latency_ms":160,"task":"b717a3fc-ac94-81ab-eb0b-8d4dd10fb38a"}}
{"ts":"2026-06-23T08:36:04.297196Z","ts_unix":1782203764297199,"event":"STATE_SYNC","node":"node_08","addr":"node_08:8001","seq":60,"fields":{"comp":9,"load":0,"mem":11,"neighbors":2,"net":3,"peers":2,"queue":0}}
{"ts":"2026-06-23T08:36:04.297243Z","ts_unix":1782203764297243,"event":"POTENTIAL","node":"node_08","addr":"node_08:8001","seq":61,"fields":{"peers":[{"addr":"node_05:8001","trust":1,"load":0,"queue":0,"comp":10,"mem":10,"net":5,"potential":1.7976931348623157e+308,"phi_self":0.1622641278370785,"age_ms":179},{"addr":"node_07:8001","trust":1,"load":0,"queue":0,"comp":5,"mem":8,"net":12,"potential":1.7976931348623157e+308,"phi_self":0.6473445607799742,"age_ms":68}],"self_comp":9,"self_load":0,"self_mem":11,"self_net":3,"self_phi":0,"self_potential":1,"self_queue":0}}
[node_08] spawned task ef363c0f
{"ts":"2026-06-23T08:36:04.448580Z","ts_unix":1782203764448584,"event":"TASK_ACCEPT","node":"node_08","addr":"node_08:8001","seq":62,"fields":{"hops":0,"load":0.15,"phi":0.22248536289726606,"potential":2.0155376209282876,"queue":0,"task":"ef363c0f-c5b0-1c3a-b15a-b6da10a85605"}}
{"ts":"2026-06-23T08:36:04.608824Z","ts_unix":1782203764608832,"event":"TASK_COMPLETE","node":"node_08","addr":"node_08:8001","seq":63,"fields":{"latency_ms":160,"task":"ef363c0f-c5b0-1c3a-b15a-b6da10a85605"}}
{"ts":"2026-06-23T08:36:04.796362Z","ts_unix":1782203764796366,"event":"STATE_SYNC","node":"node_08","addr":"node_08:8001","seq":64,"fields":{"comp":9,"load":0,"mem":11,"neighbors":2,"net":3,"peers":2,"queue":0}}
{"ts":"2026-06-23T08:36:04.796435Z","ts_unix":1782203764796436,"event":"POTENTIAL","node":"node_08","addr":"node_08:8001","seq":65,"fields":{"peers":[{"addr":"node_05:8001","trust":1,"load":0,"queue":0,"comp":10,"mem":10,"net":5,"potential":1.7976931348623157e+308,"phi_self":0.1622641278370785,"age_ms":180},{"addr":"node_07:8001","trust":1,"load":0,"queue":0,"comp":5,"mem":8,"net":12,"potential":1.7976931348623157e+308,"phi_self":0.6473445607799742,"age_ms":69}],"self_comp":9,"self_load":0,"self_mem":11,"self_net":3,"self_phi":0,"self_potential":1,"self_queue":0}}
[node_08] spawned task 2471781b
{"ts":"2026-06-23T08:36:05.101625Z","ts_unix":1782203765101633,"event":"TASK_ACCEPT","node":"node_08","addr":"node_08:8001","seq":66,"fields":{"hops":0,"load":0.15,"phi":0.22248536289726606,"potential":2.0155376209282876,"queue":0,"task":"2471781b-ab17-8190-ed7b-5b94b1194cb0"}}
{"ts":"2026-06-23T08:36:05.263713Z","ts_unix":1782203765263717,"event":"TASK_COMPLETE","node":"node_08","addr":"node_08:8001","seq":67,"fields":{"latency_ms":160,"task":"2471781b-ab17-8190-ed7b-5b94b1194cb0"}}
{"ts":"2026-06-23T08:36:05.301525Z","ts_unix":1782203765301529,"event":"STATE_SYNC","node":"node_08","addr":"node_08:8001","seq":68,"fields":{"comp":9,"load":0,"mem":11,"neighbors":2,"net":3,"peers":2,"queue":0}}
{"ts":"2026-06-23T08:36:05.301578Z","ts_unix":1782203765301580,"event":"POTENTIAL","node":"node_08","addr":"node_08:8001","seq":69,"fields":{"peers":[{"addr":"node_05:8001","trust":1,"load":0,"queue":0,"comp":10,"mem":10,"net":5,"potential":1.7976931348623157e+308,"phi_self":0.1622641278370785,"age_ms":184},{"addr":"node_07:8001","trust":1,"load":0,"queue":0,"comp":5,"mem":8,"net":12,"potential":1.7976931348623157e+308,"phi_self":0.6473445607799742,"age_ms":72}],"self_comp":9,"self_load":0,"self_mem":11,"self_net":3,"self_phi":0,"self_potential":1,"self_queue":0}}
[node_08] spawned task abfdb3de
{"ts":"2026-06-23T08:36:05.748087Z","ts_unix":1782203765748092,"event":"TASK_ACCEPT","node":"node_08","addr":"node_08:8001","seq":70,"fields":{"hops":0,"load":0.15,"phi":0.22248536289726606,"potential":2.0155376209282876,"queue":0,"task":"abfdb3de-f15e-9833-1085-565286cbfcc7"}}
{"ts":"2026-06-23T08:36:05.797009Z","ts_unix":1782203765797016,"event":"STATE_SYNC","node":"node_08","addr":"node_08:8001","seq":71,"fields":{"comp":6.5,"load":0.15,"mem":9,"neighbors":2,"net":2,"peers":2,"queue":0}}
{"ts":"2026-06-23T08:36:05.797098Z","ts_unix":1782203765797098,"event":"POTENTIAL","node":"node_08","addr":"node_08:8001","seq":72,"fields":{"peers":[{"addr":"node_05:8001","trust":1,"load":0,"queue":0,"comp":10,"mem":10,"net":5,"potential":1.7976931348623157e+308,"phi_self":0.1622641278370785,"age_ms":180},{"addr":"node_07:8001","trust":1,"load":0,"queue":0,"comp":5,"mem":8,"net":12,"potential":1.7976931348623157e+308,"phi_self":0.6473445607799742,"age_ms":67}],"self_comp":6.5,"self_load":0.15,"self_mem":9,"self_net":2,"self_phi":0.06615288822231989,"self_potential":1.7976931348623157e+308,"self_queue":0}}
{"ts":"2026-06-23T08:36:05.909915Z","ts_unix":1782203765909924,"event":"TASK_COMPLETE","node":"node_08","addr":"node_08:8001","seq":73,"fields":{"latency_ms":160,"task":"abfdb3de-f15e-9833-1085-565286cbfcc7"}}
{"ts":"2026-06-23T08:36:06.299819Z","ts_unix":1782203766299826,"event":"STATE_SYNC","node":"node_08","addr":"node_08:8001","seq":74,"fields":{"comp":9,"load":0,"mem":11,"neighbors":2,"net":3,"peers":2,"queue":0}}
{"ts":"2026-06-23T08:36:06.299880Z","ts_unix":1782203766299881,"event":"POTENTIAL","node":"node_08","addr":"node_08:8001","seq":75,"fields":{"peers":[{"addr":"node_07:8001","trust":1,"load":0.15,"queue":0,"comp":3.5,"mem":5.5,"net":10.5,"potential":1.7976931348623157e+308,"phi_self":0.7257907476246176,"age_ms":71},{"addr":"node_05:8001","trust":1,"load":0,"queue":0,"comp":10,"mem":10,"net":5,"potential":1.7976931348623157e+308,"phi_self":0.1622641278370785,"age_ms":182}],"self_comp":9,"self_load":0,"self_mem":11,"self_net":3,"self_phi":0,"self_potential":1,"self_queue":0}}
[node_08] spawned task e9f30a7d
{"ts":"2026-06-23T08:36:06.397787Z","ts_unix":1782203766397825,"event":"TASK_ACCEPT","node":"node_08","addr":"node_08:8001","seq":76,"fields":{"hops":0,"load":0.15,"phi":0.22248536289726606,"potential":2.0155376209282876,"queue":0,"task":"e9f30a7d-8e25-855b-dd9c-20c64f90c007"}}
{"ts":"2026-06-23T08:36:06.561757Z","ts_unix":1782203766561763,"event":"TASK_COMPLETE","node":"node_08","addr":"node_08:8001","seq":77,"fields":{"latency_ms":160,"task":"e9f30a7d-8e25-855b-dd9c-20c64f90c007"}}
{"ts":"2026-06-23T08:36:06.796653Z","ts_unix":1782203766796657,"event":"STATE_SYNC","node":"node_08","addr":"node_08:8001","seq":78,"fields":{"comp":9,"load":0,"mem":11,"neighbors":2,"net":3,"peers":2,"queue":0}}
{"ts":"2026-06-23T08:36:06.796747Z","ts_unix":1782203766796749,"event":"POTENTIAL","node":"node_08","addr":"node_08:8001","seq":79,"fields":{"peers":[{"addr":"node_05:8001","trust":1,"load":0,"queue":0,"comp":10,"mem":10,"net":5,"potential":1.7976931348623157e+308,"phi_self":0.1622641278370785,"age_ms":174},{"addr":"node_07:8001","trust":1,"load":0,"queue":0,"comp":5,"mem":8,"net":12,"potential":1.7976931348623157e+308,"phi_self":0.6473445607799742,"age_ms":68}],"self_comp":9,"self_load":0,"self_mem":11,"self_net":3,"self_phi":0,"self_potential":1,"self_queue":0}}
[node_08] spawned task c67cda96
{"ts":"2026-06-23T08:36:07.047779Z","ts_unix":1782203767047786,"event":"TASK_ACCEPT","node":"node_08","addr":"node_08:8001","seq":80,"fields":{"hops":0,"load":0.15,"phi":0.22248536289726606,"potential":2.0155376209282876,"queue":0,"task":"c67cda96-1485-6fd1-cdf4-f9c192a086c2"}}
{"ts":"2026-06-23T08:36:07.209489Z","ts_unix":1782203767209497,"event":"TASK_COMPLETE","node":"node_08","addr":"node_08:8001","seq":81,"fields":{"latency_ms":160,"task":"c67cda96-1485-6fd1-cdf4-f9c192a086c2"}}
{"ts":"2026-06-23T08:36:07.296786Z","ts_unix":1782203767296796,"event":"STATE_SYNC","node":"node_08","addr":"node_08:8001","seq":82,"fields":{"comp":9,"load":0,"mem":11,"neighbors":2,"net":3,"peers":2,"queue":0}}
{"ts":"2026-06-23T08:36:07.296880Z","ts_unix":1782203767296881,"event":"POTENTIAL","node":"node_08","addr":"node_08:8001","seq":83,"fields":{"peers":[{"addr":"node_05:8001","trust":1,"load":0.15,"queue":0,"comp":7,"mem":9,"net":2,"potential":1.7976931348623157e+308,"phi_self":0.04205245699288487,"age_ms":179},{"addr":"node_07:8001","trust":1,"load":0,"queue":0,"comp":5,"mem":8,"net":12,"potential":1.7976931348623157e+308,"phi_self":0.6473445607799742,"age_ms":67}],"self_comp":9,"self_load":0,"self_mem":11,"self_net":3,"self_phi":0,"self_potential":1,"self_queue":0}}
[node_08] spawned task c3c14b21
{"ts":"2026-06-23T08:36:07.697274Z","ts_unix":1782203767697281,"event":"TASK_ACCEPT","node":"node_08","addr":"node_08:8001","seq":84,"fields":{"hops":0,"load":0.15,"phi":0.22248536289726606,"potential":2.0155376209282876,"queue":0,"task":"c3c14b21-efa3-7e94-ff45-bac58724b11e"}}
{"ts":"2026-06-23T08:36:07.796650Z","ts_unix":1782203767796654,"event":"STATE_SYNC","node":"node_08","addr":"node_08:8001","seq":85,"fields":{"comp":6.5,"load":0.15,"mem":9,"neighbors":2,"net":2,"peers":2,"queue":0}}
{"ts":"2026-06-23T08:36:07.796711Z","ts_unix":1782203767796713,"event":"POTENTIAL","node":"node_08","addr":"node_08:8001","seq":86,"fields":{"peers":[{"addr":"node_05:8001","trust":1,"load":0,"queue":0,"comp":10,"mem":10,"net":5,"potential":1.7976931348623157e+308,"phi_self":0.1622641278370785,"age_ms":180},{"addr":"node_07:8001","trust":1,"load":0.15,"queue":0,"comp":3.5,"mem":5.5,"net":10.5,"potential":1.7976931348623157e+308,"phi_self":0.7257907476246176,"age_ms":69}],"self_comp":6.5,"self_load":0.15,"self_mem":9,"self_net":2,"self_phi":0.06615288822231989,"self_potential":1.7976931348623157e+308,"self_queue":0}}
{"ts":"2026-06-23T08:36:07.857992Z","ts_unix":1782203767857994,"event":"TASK_COMPLETE","node":"node_08","addr":"node_08:8001","seq":87,"fields":{"latency_ms":160,"task":"c3c14b21-efa3-7e94-ff45-bac58724b11e"}}
{"ts":"2026-06-23T08:36:08.297702Z","ts_unix":1782203768297708,"event":"STATE_SYNC","node":"node_08","addr":"node_08:8001","seq":88,"fields":{"comp":9,"load":0,"mem":11,"neighbors":2,"net":3,"peers":2,"queue":0}}
{"ts":"2026-06-23T08:36:08.297754Z","ts_unix":1782203768297756,"event":"POTENTIAL","node":"node_08","addr":"node_08:8001","seq":89,"fields":{"peers":[{"addr":"node_05:8001","trust":1,"load":0,"queue":0,"comp":10,"mem":10,"net":5,"potential":1.7976931348623157e+308,"phi_self":0.1622641278370785,"age_ms":181},{"addr":"node_07:8001","trust":1,"load":0,"queue":0,"comp":5,"mem":8,"net":12,"potential":1.7976931348623157e+308,"phi_self":0.6473445607799742,"age_ms":67}],"self_comp":9,"self_load":0,"self_mem":11,"self_net":3,"self_phi":0,"self_potential":1,"self_queue":0}}
[node_08] spawned task 1e20dc9c
{"ts":"2026-06-23T08:36:08.348602Z","ts_unix":1782203768348608,"event":"TASK_ACCEPT","node":"node_08","addr":"node_08:8001","seq":90,"fields":{"hops":0,"load":0.15,"phi":0.22248536289726606,"potential":2.0155376209282876,"queue":0,"task":"1e20dc9c-5236-69e7-df99-649534b83297"}}
{"ts":"2026-06-23T08:36:08.508958Z","ts_unix":1782203768508966,"event":"TASK_COMPLETE","node":"node_08","addr":"node_08:8001","seq":91,"fields":{"latency_ms":160,"task":"1e20dc9c-5236-69e7-df99-649534b83297"}}
{"ts":"2026-06-23T08:36:08.797519Z","ts_unix":1782203768797524,"event":"STATE_SYNC","node":"node_08","addr":"node_08:8001","seq":92,"fields":{"comp":9,"load":0,"mem":11,"neighbors":2,"net":3,"peers":2,"queue":0}}
{"ts":"2026-06-23T08:36:08.797612Z","ts_unix":1782203768797613,"event":"POTENTIAL","node":"node_08","addr":"node_08:8001","seq":93,"fields":{"peers":[{"addr":"node_05:8001","trust":1,"load":0,"queue":0,"comp":10,"mem":10,"net":5,"potential":1.7976931348623157e+308,"phi_self":0.1622641278370785,"age_ms":181},{"addr":"node_07:8001","trust":1,"load":0,"queue":0,"comp":5,"mem":8,"net":12,"potential":1.7976931348623157e+308,"phi_self":0.6473445607799742,"age_ms":69}],"self_comp":9,"self_load":0,"self_mem":11,"self_net":3,"self_phi":0,"self_potential":1,"self_queue":0}}
[node_08] spawned task 7ea01e90
{"ts":"2026-06-23T08:36:08.997841Z","ts_unix":1782203768997844,"event":"TASK_ACCEPT","node":"node_08","addr":"node_08:8001","seq":94,"fields":{"hops":0,"load":0.15,"phi":0.22248536289726606,"potential":2.0155376209282876,"queue":0,"task":"7ea01e90-8811-bbb1-ada8-c9ef47fcd7a0"}}
{"ts":"2026-06-23T08:36:09.162474Z","ts_unix":1782203769162483,"event":"TASK_COMPLETE","node":"node_08","addr":"node_08:8001","seq":95,"fields":{"latency_ms":160,"task":"7ea01e90-8811-bbb1-ada8-c9ef47fcd7a0"}}
{"ts":"2026-06-23T08:36:09.298647Z","ts_unix":1782203769298651,"event":"STATE_SYNC","node":"node_08","addr":"node_08:8001","seq":96,"fields":{"comp":9,"load":0,"mem":11,"neighbors":2,"net":3,"peers":2,"queue":0}}
{"ts":"2026-06-23T08:36:09.298697Z","ts_unix":1782203769298698,"event":"POTENTIAL","node":"node_08","addr":"node_08:8001","seq":97,"fields":{"peers":[{"addr":"node_05:8001","trust":1,"load":0,"queue":0,"comp":10,"mem":10,"net":5,"potential":1.7976931348623157e+308,"phi_self":0.1622641278370785,"age_ms":181},{"addr":"node_07:8001","trust":1,"load":0,"queue":0,"comp":5,"mem":8,"net":12,"potential":1.7976931348623157e+308,"phi_self":0.6473445607799742,"age_ms":70}],"self_comp":9,"self_load":0,"self_mem":11,"self_net":3,"self_phi":0,"self_potential":1,"self_queue":0}}
[node_08] spawned task 58681998
{"ts":"2026-06-23T08:36:09.647775Z","ts_unix":1782203769647780,"event":"TASK_ACCEPT","node":"node_08","addr":"node_08:8001","seq":98,"fields":{"hops":0,"load":0.15,"phi":0.22248536289726606,"potential":2.0155376209282876,"queue":0,"task":"58681998-3320-9284-bf20-f00b0421e09a"}}
{"ts":"2026-06-23T08:36:09.797657Z","ts_unix":1782203769797662,"event":"STATE_SYNC","node":"node_08","addr":"node_08:8001","seq":99,"fields":{"comp":6.5,"load":0.15,"mem":9,"neighbors":2,"net":2,"peers":2,"queue":0}}
{"ts":"2026-06-23T08:36:09.797723Z","ts_unix":1782203769797724,"event":"POTENTIAL","node":"node_08","addr":"node_08:8001","seq":100,"fields":{"peers":[{"addr":"node_05:8001","trust":1,"load":0,"queue":0,"comp":10,"mem":10,"net":5,"potential":1.7976931348623157e+308,"phi_self":0.1622641278370785,"age_ms":181},{"addr":"node_07:8001","trust":1,"load":0,"queue":0,"comp":5,"mem":8,"net":12,"potential":1.7976931348623157e+308,"phi_self":0.6473445607799742,"age_ms":70}],"self_comp":6.5,"self_load":0.15,"self_mem":9,"self_net":2,"self_phi":0.06615288822231989,"self_potential":1.7976931348623157e+308,"self_queue":0}}
{"ts":"2026-06-23T08:36:09.808300Z","ts_unix":1782203769808303,"event":"TASK_COMPLETE","node":"node_08","addr":"node_08:8001","seq":101,"fields":{"latency_ms":160,"task":"58681998-3320-9284-bf20-f00b0421e09a"}}
{"ts":"2026-06-23T08:36:10.296867Z","ts_unix":1782203770296875,"event":"STATE_SYNC","node":"node_08","addr":"node_08:8001","seq":102,"fields":{"comp":9,"load":0,"mem":11,"neighbors":2,"net":3,"peers":2,"queue":0}}
{"ts":"2026-06-23T08:36:10.296960Z","ts_unix":1782203770296961,"event":"POTENTIAL","node":"node_08","addr":"node_08:8001","seq":103,"fields":{"peers":[{"addr":"node_05:8001","trust":1,"load":0,"queue":0,"comp":10,"mem":10,"net":5,"potential":1.7976931348623157e+308,"phi_self":0.1622641278370785,"age_ms":180},{"addr":"node_07:8001","trust":1,"load":0.15,"queue":0,"comp":3.5,"mem":5.5,"net":10.5,"potential":1.7976931348623157e+308,"phi_self":0.7257907476246176,"age_ms":65}],"self_comp":9,"self_load":0,"self_mem":11,"self_net":3,"self_phi":0,"self_potential":1,"self_queue":0}}
[node_08] spawned task 465ca6ad
{"ts":"2026-06-23T08:36:10.297130Z","ts_unix":1782203770297132,"event":"TASK_ACCEPT","node":"node_08","addr":"node_08:8001","seq":104,"fields":{"hops":0,"load":0.15,"phi":0.22248536289726606,"potential":2.0155376209282876,"queue":0,"task":"465ca6ad-197b-d652-bd56-1f7ef5d156d5"}}
{"ts":"2026-06-23T08:36:10.458266Z","ts_unix":1782203770458271,"event":"TASK_COMPLETE","node":"node_08","addr":"node_08:8001","seq":105,"fields":{"latency_ms":160,"task":"465ca6ad-197b-d652-bd56-1f7ef5d156d5"}}
{"ts":"2026-06-23T08:36:10.797887Z","ts_unix":1782203770797890,"event":"STATE_SYNC","node":"node_08","addr":"node_08:8001","seq":106,"fields":{"comp":9,"load":0,"mem":11,"neighbors":2,"net":3,"peers":2,"queue":0}}
{"ts":"2026-06-23T08:36:10.797937Z","ts_unix":1782203770797938,"event":"POTENTIAL","node":"node_08","addr":"node_08:8001","seq":107,"fields":{"peers":[{"addr":"node_05:8001","trust":1,"load":0,"queue":0,"comp":10,"mem":10,"net":5,"potential":1.7976931348623157e+308,"phi_self":0.1622641278370785,"age_ms":181},{"addr":"node_07:8001","trust":1,"load":0,"queue":0,"comp":5,"mem":8,"net":12,"potential":1.7976931348623157e+308,"phi_self":0.6473445607799742,"age_ms":68}],"self_comp":9,"self_load":0,"self_mem":11,"self_net":3,"self_phi":0,"self_potential":1,"self_queue":0}}
[node_08] spawned task 68239ed2
{"ts":"2026-06-23T08:36:10.950172Z","ts_unix":1782203770950177,"event":"TASK_ACCEPT","node":"node_08","addr":"node_08:8001","seq":108,"fields":{"hops":0,"load":0.15,"phi":0.22248536289726606,"potential":2.0155376209282876,"queue":0,"task":"68239ed2-0912-4182-3031-740da71b05a7"}}
{"ts":"2026-06-23T08:36:11.110809Z","ts_unix":1782203771110814,"event":"TASK_COMPLETE","node":"node_08","addr":"node_08:8001","seq":109,"fields":{"latency_ms":160,"task":"68239ed2-0912-4182-3031-740da71b05a7"}}
{"ts":"2026-06-23T08:36:11.299242Z","ts_unix":1782203771299250,"event":"STATE_SYNC","node":"node_08","addr":"node_08:8001","seq":110,"fields":{"comp":9,"load":0,"mem":11,"neighbors":2,"net":3,"peers":2,"queue":0}}
{"ts":"2026-06-23T08:36:11.299319Z","ts_unix":1782203771299320,"event":"POTENTIAL","node":"node_08","addr":"node_08:8001","seq":111,"fields":{"peers":[{"addr":"node_05:8001","trust":1,"load":0,"queue":0,"comp":10,"mem":10,"net":5,"potential":1.7976931348623157e+308,"phi_self":0.1622641278370785,"age_ms":182},{"addr":"node_07:8001","trust":1,"load":0,"queue":0,"comp":5,"mem":8,"net":12,"potential":1.7976931348623157e+308,"phi_self":0.6473445607799742,"age_ms":66}],"self_comp":9,"self_load":0,"self_mem":11,"self_net":3,"self_phi":0,"self_potential":1,"self_queue":0}}
[node_08] spawned task 62b9aec7
{"ts":"2026-06-23T08:36:11.598624Z","ts_unix":1782203771598627,"event":"TASK_ACCEPT","node":"node_08","addr":"node_08:8001","seq":112,"fields":{"hops":0,"load":0.15,"phi":0.22248536289726606,"potential":2.0155376209282876,"queue":0,"task":"62b9aec7-decf-d35b-eaf8-244c50d70324"}}
{"ts":"2026-06-23T08:36:11.763319Z","ts_unix":1782203771763329,"event":"TASK_COMPLETE","node":"node_08","addr":"node_08:8001","seq":113,"fields":{"latency_ms":160,"task":"62b9aec7-decf-d35b-eaf8-244c50d70324"}}
{"ts":"2026-06-23T08:36:11.796892Z","ts_unix":1782203771796896,"event":"STATE_SYNC","node":"node_08","addr":"node_08:8001","seq":114,"fields":{"comp":9,"load":0,"mem":11,"neighbors":2,"net":3,"peers":2,"queue":0}}
{"ts":"2026-06-23T08:36:11.796938Z","ts_unix":1782203771796938,"event":"POTENTIAL","node":"node_08","addr":"node_08:8001","seq":115,"fields":{"peers":[{"addr":"node_05:8001","trust":1,"load":0,"queue":0,"comp":10,"mem":10,"net":5,"potential":1.7976931348623157e+308,"phi_self":0.1622641278370785,"age_ms":179},{"addr":"node_07:8001","trust":1,"load":0.15,"queue":0,"comp":3.5,"mem":5.5,"net":10.5,"potential":1.7976931348623157e+308,"phi_self":0.7257907476246176,"age_ms":68}],"self_comp":9,"self_load":0,"self_mem":11,"self_net":3,"self_phi":0,"self_potential":1,"self_queue":0}}
[node_08] spawned task 731d659d
{"ts":"2026-06-23T08:36:12.251196Z","ts_unix":1782203772251202,"event":"TASK_ACCEPT","node":"node_08","addr":"node_08:8001","seq":116,"fields":{"hops":0,"load":0.15,"phi":0.22248536289726606,"potential":2.0155376209282876,"queue":0,"task":"731d659d-c78a-480a-c2ca-b009b9d829a7"}}
{"ts":"2026-06-23T08:36:12.300565Z","ts_unix":1782203772300570,"event":"STATE_SYNC","node":"node_08","addr":"node_08:8001","seq":117,"fields":{"comp":6.5,"load":0.15,"mem":9,"neighbors":2,"net":2,"peers":2,"queue":0}}
{"ts":"2026-06-23T08:36:12.300619Z","ts_unix":1782203772300620,"event":"POTENTIAL","node":"node_08","addr":"node_08:8001","seq":118,"fields":{"peers":[{"addr":"node_05:8001","trust":1,"load":0,"queue":0,"comp":10,"mem":10,"net":5,"potential":1.7976931348623157e+308,"phi_self":0.1622641278370785,"age_ms":183},{"addr":"node_07:8001","trust":1,"load":0,"queue":0,"comp":5,"mem":8,"net":12,"potential":1.7976931348623157e+308,"phi_self":0.6473445607799742,"age_ms":67}],"self_comp":6.5,"self_load":0.15,"self_mem":9,"self_net":2,"self_phi":0.06615288822231989,"self_potential":1.7976931348623157e+308,"self_queue":0}}
{"ts":"2026-06-23T08:36:12.412208Z","ts_unix":1782203772412213,"event":"TASK_COMPLETE","node":"node_08","addr":"node_08:8001","seq":119,"fields":{"latency_ms":160,"task":"731d659d-c78a-480a-c2ca-b009b9d829a7"}}
{"ts":"2026-06-23T08:36:12.796507Z","ts_unix":1782203772796511,"event":"STATE_SYNC","node":"node_08","addr":"node_08:8001","seq":120,"fields":{"comp":9,"load":0,"mem":11,"neighbors":2,"net":3,"peers":2,"queue":0}}
{"ts":"2026-06-23T08:36:12.796568Z","ts_unix":1782203772796569,"event":"POTENTIAL","node":"node_08","addr":"node_08:8001","seq":121,"fields":{"peers":[{"addr":"node_05:8001","trust":1,"load":0.15,"queue":0,"comp":7,"mem":9,"net":2,"potential":1.7976931348623157e+308,"phi_self":0.04205245699288487,"age_ms":180},{"addr":"node_07:8001","trust":1,"load":0,"queue":0,"comp":5,"mem":8,"net":12,"potential":1.7976931348623157e+308,"phi_self":0.6473445607799742,"age_ms":68}],"self_comp":9,"self_load":0,"self_mem":11,"self_net":3,"self_phi":0,"self_potential":1,"self_queue":0}}
[node_08] spawned task c2a795bb
{"ts":"2026-06-23T08:36:12.897453Z","ts_unix":1782203772897458,"event":"TASK_ACCEPT","node":"node_08","addr":"node_08:8001","seq":122,"fields":{"hops":0,"load":0.15,"phi":0.22248536289726606,"potential":2.0155376209282876,"queue":0,"task":"c2a795bb-f583-f8c8-d009-19ba3d0c74d7"}}
{"ts":"2026-06-23T08:36:13.058735Z","ts_unix":1782203773058741,"event":"TASK_COMPLETE","node":"node_08","addr":"node_08:8001","seq":123,"fields":{"latency_ms":160,"task":"c2a795bb-f583-f8c8-d009-19ba3d0c74d7"}}
{"ts":"2026-06-23T08:36:13.298699Z","ts_unix":1782203773298704,"event":"STATE_SYNC","node":"node_08","addr":"node_08:8001","seq":124,"fields":{"comp":9,"load":0,"mem":11,"neighbors":2,"net":3,"peers":2,"queue":0}}
{"ts":"2026-06-23T08:36:13.298775Z","ts_unix":1782203773298777,"event":"POTENTIAL","node":"node_08","addr":"node_08:8001","seq":125,"fields":{"peers":[{"addr":"node_05:8001","trust":1,"load":0,"queue":0,"comp":10,"mem":10,"net":5,"potential":1.7976931348623157e+308,"phi_self":0.1622641278370785,"age_ms":181},{"addr":"node_07:8001","trust":1,"load":0,"queue":0,"comp":5,"mem":8,"net":12,"potential":1.7976931348623157e+308,"phi_self":0.6473445607799742,"age_ms":71}],"self_comp":9,"self_load":0,"self_mem":11,"self_net":3,"self_phi":0,"self_potential":1,"self_queue":0}}
[node_08] spawned task f94c9035
{"ts":"2026-06-23T08:36:13.549569Z","ts_unix":1782203773549577,"event":"TASK_ACCEPT","node":"node_08","addr":"node_08:8001","seq":126,"fields":{"hops":0,"load":0.15,"phi":0.22248536289726606,"potential":2.0155376209282876,"queue":0,"task":"f94c9035-e789-48ea-39bf-5072a9a85f28"}}
{"ts":"2026-06-23T08:36:13.709797Z","ts_unix":1782203773709805,"event":"TASK_COMPLETE","node":"node_08","addr":"node_08:8001","seq":127,"fields":{"latency_ms":160,"task":"f94c9035-e789-48ea-39bf-5072a9a85f28"}}
{"ts":"2026-06-23T08:36:13.796640Z","ts_unix":1782203773796644,"event":"STATE_SYNC","node":"node_08","addr":"node_08:8001","seq":128,"fields":{"comp":9,"load":0,"mem":11,"neighbors":2,"net":3,"peers":2,"queue":0}}
{"ts":"2026-06-23T08:36:13.796695Z","ts_unix":1782203773796696,"event":"POTENTIAL","node":"node_08","addr":"node_08:8001","seq":129,"fields":{"peers":[{"addr":"node_05:8001","trust":1,"load":0,"queue":0,"comp":10,"mem":10,"net":5,"potential":1.7976931348623157e+308,"phi_self":0.1622641278370785,"age_ms":180},{"addr":"node_07:8001","trust":1,"load":0,"queue":0,"comp":5,"mem":8,"net":12,"potential":1.7976931348623157e+308,"phi_self":0.6473445607799742,"age_ms":68}],"self_comp":9,"self_load":0,"self_mem":11,"self_net":3,"self_phi":0,"self_potential":1,"self_queue":0}}
[node_08] spawned task dd471170
{"ts":"2026-06-23T08:36:14.198678Z","ts_unix":1782203774198681,"event":"TASK_ACCEPT","node":"node_08","addr":"node_08:8001","seq":130,"fields":{"hops":0,"load":0.15,"phi":0.22248536289726606,"potential":2.0155376209282876,"queue":0,"task":"dd471170-ab47-c382-957c-4c3852449c64"}}
{"ts":"2026-06-23T08:36:14.297738Z","ts_unix":1782203774297742,"event":"STATE_SYNC","node":"node_08","addr":"node_08:8001","seq":131,"fields":{"comp":6.5,"load":0.15,"mem":9,"neighbors":2,"net":2,"peers":2,"queue":0}}
{"ts":"2026-06-23T08:36:14.297784Z","ts_unix":1782203774297785,"event":"POTENTIAL","node":"node_08","addr":"node_08:8001","seq":132,"fields":{"peers":[{"addr":"node_05:8001","trust":1,"load":0.15,"queue":0,"comp":7,"mem":9,"net":2,"potential":1.7976931348623157e+308,"phi_self":0.04205245699288487,"age_ms":179},{"addr":"node_07:8001","trust":1,"load":0.15,"queue":0,"comp":3.5,"mem":5.5,"net":10.5,"potential":1.7976931348623157e+308,"phi_self":0.7257907476246176,"age_ms":68}],"self_comp":6.5,"self_load":0.15,"self_mem":9,"self_net":2,"self_phi":0.06615288822231989,"self_potential":1.7976931348623157e+308,"self_queue":0}}
{"ts":"2026-06-23T08:36:14.362757Z","ts_unix":1782203774362762,"event":"TASK_COMPLETE","node":"node_08","addr":"node_08:8001","seq":133,"fields":{"latency_ms":160,"task":"dd471170-ab47-c382-957c-4c3852449c64"}}
{"ts":"2026-06-23T08:36:14.796874Z","ts_unix":1782203774796881,"event":"STATE_SYNC","node":"node_08","addr":"node_08:8001","seq":134,"fields":{"comp":9,"load":0,"mem":11,"neighbors":2,"net":3,"peers":2,"queue":0}}
{"ts":"2026-06-23T08:36:14.796945Z","ts_unix":1782203774796946,"event":"POTENTIAL","node":"node_08","addr":"node_08:8001","seq":135,"fields":{"peers":[{"addr":"node_05:8001","trust":1,"load":0,"queue":0,"comp":10,"mem":10,"net":5,"potential":1.7976931348623157e+308,"phi_self":0.1622641278370785,"age_ms":180},{"addr":"node_07:8001","trust":1,"load":0,"queue":0,"comp":5,"mem":8,"net":12,"potential":1.7976931348623157e+308,"phi_self":0.6473445607799742,"age_ms":68}],"self_comp":9,"self_load":0,"self_mem":11,"self_net":3,"self_phi":0,"self_potential":1,"self_queue":0}}
[node_08] spawned task 8321f7f6
{"ts":"2026-06-23T08:36:14.849912Z","ts_unix":1782203774849915,"event":"TASK_ACCEPT","node":"node_08","addr":"node_08:8001","seq":136,"fields":{"hops":0,"load":0.15,"phi":0.22248536289726606,"potential":2.0155376209282876,"queue":0,"task":"8321f7f6-df5b-609a-ff32-9cdda5555cca"}}
{"ts":"2026-06-23T08:36:15.011652Z","ts_unix":1782203775011655,"event":"TASK_COMPLETE","node":"node_08","addr":"node_08:8001","seq":137,"fields":{"latency_ms":160,"task":"8321f7f6-df5b-609a-ff32-9cdda5555cca"}}
{"ts":"2026-06-23T08:36:15.296730Z","ts_unix":1782203775296739,"event":"STATE_SYNC","node":"node_08","addr":"node_08:8001","seq":138,"fields":{"comp":9,"load":0,"mem":11,"neighbors":2,"net":3,"peers":2,"queue":0}}
{"ts":"2026-06-23T08:36:15.296823Z","ts_unix":1782203775296824,"event":"POTENTIAL","node":"node_08","addr":"node_08:8001","seq":139,"fields":{"peers":[{"addr":"node_05:8001","trust":1,"load":0,"queue":0,"comp":10,"mem":10,"net":5,"potential":1.7976931348623157e+308,"phi_self":0.1622641278370785,"age_ms":171},{"addr":"node_07:8001","trust":1,"load":0,"queue":0,"comp":5,"mem":8,"net":12,"potential":1.7976931348623157e+308,"phi_self":0.6473445607799742,"age_ms":67}],"self_comp":9,"self_load":0,"self_mem":11,"self_net":3,"self_phi":0,"self_potential":1,"self_queue":0}}
[node_08] spawned task dcd52208
{"ts":"2026-06-23T08:36:15.497152Z","ts_unix":1782203775497156,"event":"TASK_ACCEPT","node":"node_08","addr":"node_08:8001","seq":140,"fields":{"hops":0,"load":0.15,"phi":0.22248536289726606,"potential":2.0155376209282876,"queue":0,"task":"dcd52208-8915-36da-9108-949bf38e8618"}}
{"ts":"2026-06-23T08:36:15.660265Z","ts_unix":1782203775660270,"event":"TASK_COMPLETE","node":"node_08","addr":"node_08:8001","seq":141,"fields":{"latency_ms":160,"task":"dcd52208-8915-36da-9108-949bf38e8618"}}
{"ts":"2026-06-23T08:36:15.796600Z","ts_unix":1782203775796606,"event":"STATE_SYNC","node":"node_08","addr":"node_08:8001","seq":142,"fields":{"comp":9,"load":0,"mem":11,"neighbors":2,"net":3,"peers":2,"queue":0}}
{"ts":"2026-06-23T08:36:15.796666Z","ts_unix":1782203775796667,"event":"POTENTIAL","node":"node_08","addr":"node_08:8001","seq":143,"fields":{"peers":[{"addr":"node_07:8001","trust":1,"load":0.15,"queue":0,"comp":3.5,"mem":5.5,"net":10.5,"potential":1.7976931348623157e+308,"phi_self":0.7257907476246176,"age_ms":68},{"addr":"node_05:8001","trust":1,"load":0,"queue":0,"comp":10,"mem":10,"net":5,"potential":1.7976931348623157e+308,"phi_self":0.1622641278370785,"age_ms":178}],"self_comp":9,"self_load":0,"self_mem":11,"self_net":3,"self_phi":0,"self_potential":1,"self_queue":0}}
[node_08] spawned task 59f224ba
{"ts":"2026-06-23T08:36:16.151079Z","ts_unix":1782203776151083,"event":"TASK_ACCEPT","node":"node_08","addr":"node_08:8001","seq":144,"fields":{"hops":0,"load":0.15,"phi":0.22248536289726606,"potential":2.0155376209282876,"queue":0,"task":"59f224ba-ed11-1851-5503-2392a454b69f"}}
{"ts":"2026-06-23T08:36:16.298475Z","ts_unix":1782203776298478,"event":"STATE_SYNC","node":"node_08","addr":"node_08:8001","seq":145,"fields":{"comp":6.5,"load":0.15,"mem":9,"neighbors":2,"net":2,"peers":2,"queue":0}}
{"ts":"2026-06-23T08:36:16.298563Z","ts_unix":1782203776298567,"event":"POTENTIAL","node":"node_08","addr":"node_08:8001","seq":146,"fields":{"peers":[{"addr":"node_05:8001","trust":1,"load":0.15,"queue":0,"comp":7,"mem":9,"net":2,"potential":1.7976931348623157e+308,"phi_self":0.04205245699288487,"age_ms":181},{"addr":"node_07:8001","trust":1,"load":0,"queue":0,"comp":5,"mem":8,"net":12,"potential":1.7976931348623157e+308,"phi_self":0.6473445607799742,"age_ms":71}],"self_comp":6.5,"self_load":0.15,"self_mem":9,"self_net":2,"self_phi":0.06615288822231989,"self_potential":1.7976931348623157e+308,"self_queue":0}}
{"ts":"2026-06-23T08:36:16.312509Z","ts_unix":1782203776312514,"event":"TASK_COMPLETE","node":"node_08","addr":"node_08:8001","seq":147,"fields":{"latency_ms":160,"task":"59f224ba-ed11-1851-5503-2392a454b69f"}}
{"ts":"2026-06-23T08:36:16.796677Z","ts_unix":1782203776796681,"event":"STATE_SYNC","node":"node_08","addr":"node_08:8001","seq":148,"fields":{"comp":9,"load":0,"mem":11,"neighbors":2,"net":3,"peers":2,"queue":0}}
{"ts":"2026-06-23T08:36:16.796741Z","ts_unix":1782203776796742,"event":"POTENTIAL","node":"node_08","addr":"node_08:8001","seq":149,"fields":{"peers":[{"addr":"node_05:8001","trust":1,"load":0,"queue":0,"comp":10,"mem":10,"net":5,"potential":1.7976931348623157e+308,"phi_self":0.1622641278370785,"age_ms":180},{"addr":"node_07:8001","trust":1,"load":0,"queue":0,"comp":5,"mem":8,"net":12,"potential":1.7976931348623157e+308,"phi_self":0.6473445607799742,"age_ms":67}],"self_comp":9,"self_load":0,"self_mem":11,"self_net":3,"self_phi":0,"self_potential":1,"self_queue":0}}
[node_08] spawned task 9eb2895d
{"ts":"2026-06-23T08:36:16.797107Z","ts_unix":1782203776797109,"event":"TASK_ACCEPT","node":"node_08","addr":"node_08:8001","seq":150,"fields":{"hops":0,"load":0.15,"phi":0.22248536289726606,"potential":2.0155376209282876,"queue":0,"task":"9eb2895d-f357-aefd-13d1-294ae16eaff0"}}
{"ts":"2026-06-23T08:36:16.962493Z","ts_unix":1782203776962502,"event":"TASK_COMPLETE","node":"node_08","addr":"node_08:8001","seq":151,"fields":{"latency_ms":160,"task":"9eb2895d-f357-aefd-13d1-294ae16eaff0"}}
{"ts":"2026-06-23T08:36:17.299477Z","ts_unix":1782203777299483,"event":"STATE_SYNC","node":"node_08","addr":"node_08:8001","seq":152,"fields":{"comp":9,"load":0,"mem":11,"neighbors":2,"net":3,"peers":2,"queue":0}}
{"ts":"2026-06-23T08:36:17.299542Z","ts_unix":1782203777299543,"event":"POTENTIAL","node":"node_08","addr":"node_08:8001","seq":153,"fields":{"peers":[{"addr":"node_05:8001","trust":1,"load":0,"queue":0,"comp":10,"mem":10,"net":5,"potential":1.7976931348623157e+308,"phi_self":0.1622641278370785,"age_ms":182},{"addr":"node_07:8001","trust":1,"load":0,"queue":0,"comp":5,"mem":8,"net":12,"potential":1.7976931348623157e+308,"phi_self":0.6473445607799742,"age_ms":68}],"self_comp":9,"self_load":0,"self_mem":11,"self_net":3,"self_phi":0,"self_potential":1,"self_queue":0}}
[node_08] spawned task df63bab4
{"ts":"2026-06-23T08:36:17.449458Z","ts_unix":1782203777449463,"event":"TASK_ACCEPT","node":"node_08","addr":"node_08:8001","seq":154,"fields":{"hops":0,"load":0.15,"phi":0.22248536289726606,"potential":2.0155376209282876,"queue":0,"task":"df63bab4-720f-1ca5-f228-f086a018c392"}}
{"ts":"2026-06-23T08:36:17.611484Z","ts_unix":1782203777611488,"event":"TASK_COMPLETE","node":"node_08","addr":"node_08:8001","seq":155,"fields":{"latency_ms":160,"task":"df63bab4-720f-1ca5-f228-f086a018c392"}}
{"ts":"2026-06-23T08:36:17.797908Z","ts_unix":1782203777797916,"event":"STATE_SYNC","node":"node_08","addr":"node_08:8001","seq":156,"fields":{"comp":9,"load":0,"mem":11,"neighbors":2,"net":3,"peers":2,"queue":0}}
{"ts":"2026-06-23T08:36:17.797988Z","ts_unix":1782203777797989,"event":"POTENTIAL","node":"node_08","addr":"node_08:8001","seq":157,"fields":{"peers":[{"addr":"node_05:8001","trust":1,"load":0.15,"queue":0,"comp":7,"mem":9,"net":2,"potential":1.7976931348623157e+308,"phi_self":0.04205245699288487,"age_ms":181},{"addr":"node_07:8001","trust":1,"load":0,"queue":0,"comp":5,"mem":8,"net":12,"potential":1.7976931348623157e+308,"phi_self":0.6473445607799742,"age_ms":70}],"self_comp":9,"self_load":0,"self_mem":11,"self_net":3,"self_phi":0,"self_potential":1,"self_queue":0}}
[node_08] spawned task b25814de
{"ts":"2026-06-23T08:36:18.098593Z","ts_unix":1782203778098598,"event":"TASK_ACCEPT","node":"node_08","addr":"node_08:8001","seq":158,"fields":{"hops":0,"load":0.15,"phi":0.22248536289726606,"potential":2.0155376209282876,"queue":0,"task":"b25814de-f8f2-c2bc-5670-b3402477abaa"}}
{"ts":"2026-06-23T08:36:18.259516Z","ts_unix":1782203778259520,"event":"TASK_COMPLETE","node":"node_08","addr":"node_08:8001","seq":159,"fields":{"latency_ms":160,"task":"b25814de-f8f2-c2bc-5670-b3402477abaa"}}
{"ts":"2026-06-23T08:36:18.299245Z","ts_unix":1782203778299253,"event":"STATE_SYNC","node":"node_08","addr":"node_08:8001","seq":160,"fields":{"comp":9,"load":0,"mem":11,"neighbors":2,"net":3,"peers":2,"queue":0}}
{"ts":"2026-06-23T08:36:18.299318Z","ts_unix":1782203778299319,"event":"POTENTIAL","node":"node_08","addr":"node_08:8001","seq":161,"fields":{"peers":[{"addr":"node_05:8001","trust":1,"load":0.15,"queue":0,"comp":7,"mem":9,"net":2,"potential":1.7976931348623157e+308,"phi_self":0.04205245699288487,"age_ms":181},{"addr":"node_07:8001","trust":1,"load":0.15,"queue":0,"comp":3.5,"mem":5.5,"net":10.5,"potential":1.7976931348623157e+308,"phi_self":0.7257907476246176,"age_ms":67}],"self_comp":9,"self_load":0,"self_mem":11,"self_net":3,"self_phi":0,"self_potential":1,"self_queue":0}}
[node_08] spawned task 4cbb3b1d
{"ts":"2026-06-23T08:36:18.748761Z","ts_unix":1782203778748767,"event":"TASK_ACCEPT","node":"node_08","addr":"node_08:8001","seq":162,"fields":{"hops":0,"load":0.15,"phi":0.22248536289726606,"potential":2.0155376209282876,"queue":0,"task":"4cbb3b1d-2286-f307-2705-e44189d9ef66"}}
{"ts":"2026-06-23T08:36:18.796878Z","ts_unix":1782203778796881,"event":"STATE_SYNC","node":"node_08","addr":"node_08:8001","seq":163,"fields":{"comp":6.5,"load":0.15,"mem":9,"neighbors":2,"net":2,"peers":2,"queue":0}}
{"ts":"2026-06-23T08:36:18.796928Z","ts_unix":1782203778796929,"event":"POTENTIAL","node":"node_08","addr":"node_08:8001","seq":164,"fields":{"peers":[{"addr":"node_07:8001","trust":1,"load":0,"queue":0,"comp":5,"mem":8,"net":12,"potential":1.7976931348623157e+308,"phi_self":0.6473445607799742,"age_ms":68},{"addr":"node_05:8001","trust":1,"load":0,"queue":0,"comp":10,"mem":10,"net":5,"potential":1.7976931348623157e+308,"phi_self":0.1622641278370785,"age_ms":180}],"self_comp":6.5,"self_load":0.15,"self_mem":9,"self_net":2,"self_phi":0.06615288822231989,"self_potential":1.7976931348623157e+308,"self_queue":0}}
{"ts":"2026-06-23T08:36:18.909632Z","ts_unix":1782203778909641,"event":"TASK_COMPLETE","node":"node_08","addr":"node_08:8001","seq":165,"fields":{"latency_ms":160,"task":"4cbb3b1d-2286-f307-2705-e44189d9ef66"}}
{"ts":"2026-06-23T08:36:19.297832Z","ts_unix":1782203779297836,"event":"STATE_SYNC","node":"node_08","addr":"node_08:8001","seq":166,"fields":{"comp":9,"load":0,"mem":11,"neighbors":2,"net":3,"peers":2,"queue":0}}
{"ts":"2026-06-23T08:36:19.297880Z","ts_unix":1782203779297882,"event":"POTENTIAL","node":"node_08","addr":"node_08:8001","seq":167,"fields":{"peers":[{"addr":"node_05:8001","trust":1,"load":0,"queue":0,"comp":10,"mem":10,"net":5,"potential":1.7976931348623157e+308,"phi_self":0.1622641278370785,"age_ms":179},{"addr":"node_07:8001","trust":1,"load":0,"queue":0,"comp":5,"mem":8,"net":12,"potential":1.7976931348623157e+308,"phi_self":0.6473445607799742,"age_ms":68}],"self_comp":9,"self_load":0,"self_mem":11,"self_net":3,"self_phi":0,"self_potential":1,"self_queue":0}}
[node_08] spawned task 2c730ac2
{"ts":"2026-06-23T08:36:19.397719Z","ts_unix":1782203779397725,"event":"TASK_ACCEPT","node":"node_08","addr":"node_08:8001","seq":168,"fields":{"hops":0,"load":0.15,"phi":0.22248536289726606,"potential":2.0155376209282876,"queue":0,"task":"2c730ac2-a01c-bf94-c769-6e287d88a791"}}
{"ts":"2026-06-23T08:36:19.561245Z","ts_unix":1782203779561252,"event":"TASK_COMPLETE","node":"node_08","addr":"node_08:8001","seq":169,"fields":{"latency_ms":160,"task":"2c730ac2-a01c-bf94-c769-6e287d88a791"}}
{"ts":"2026-06-23T08:36:19.797658Z","ts_unix":1782203779797662,"event":"STATE_SYNC","node":"node_08","addr":"node_08:8001","seq":170,"fields":{"comp":9,"load":0,"mem":11,"neighbors":2,"net":3,"peers":2,"queue":0}}
{"ts":"2026-06-23T08:36:19.797725Z","ts_unix":1782203779797726,"event":"POTENTIAL","node":"node_08","addr":"node_08:8001","seq":171,"fields":{"peers":[{"addr":"node_05:8001","trust":1,"load":0,"queue":0,"comp":10,"mem":10,"net":5,"potential":1.7976931348623157e+308,"phi_self":0.1622641278370785,"age_ms":180},{"addr":"node_07:8001","trust":1,"load":0.15,"queue":0,"comp":3.5,"mem":5.5,"net":10.5,"potential":1.7976931348623157e+308,"phi_self":0.7257907476246176,"age_ms":69}],"self_comp":9,"self_load":0,"self_mem":11,"self_net":3,"self_phi":0,"self_potential":1,"self_queue":0}}
[node_08] spawned task f162ecc2
{"ts":"2026-06-23T08:36:20.047984Z","ts_unix":1782203780047987,"event":"TASK_ACCEPT","node":"node_08","addr":"node_08:8001","seq":172,"fields":{"hops":0,"load":0.15,"phi":0.22248536289726606,"potential":2.0155376209282876,"queue":0,"task":"f162ecc2-cf03-c946-f6a0-bc14668edf11"}}
{"ts":"2026-06-23T08:36:20.208434Z","ts_unix":1782203780208440,"event":"TASK_COMPLETE","node":"node_08","addr":"node_08:8001","seq":173,"fields":{"latency_ms":160,"task":"f162ecc2-cf03-c946-f6a0-bc14668edf11"}}
{"ts":"2026-06-23T08:36:20.300458Z","ts_unix":1782203780300463,"event":"STATE_SYNC","node":"node_08","addr":"node_08:8001","seq":174,"fields":{"comp":9,"load":0,"mem":11,"neighbors":2,"net":3,"peers":2,"queue":0}}
{"ts":"2026-06-23T08:36:20.300519Z","ts_unix":1782203780300520,"event":"POTENTIAL","node":"node_08","addr":"node_08:8001","seq":175,"fields":{"peers":[{"addr":"node_05:8001","trust":1,"load":0,"queue":0,"comp":10,"mem":10,"net":5,"potential":1.7976931348623157e+308,"phi_self":0.1622641278370785,"age_ms":184},{"addr":"node_07:8001","trust":1,"load":0,"queue":0,"comp":5,"mem":8,"net":12,"potential":1.7976931348623157e+308,"phi_self":0.6473445607799742,"age_ms":72}],"self_comp":9,"self_load":0,"self_mem":11,"self_net":3,"self_phi":0,"self_potential":1,"self_queue":0}}
[node_08] spawned task 58f04d1c
{"ts":"2026-06-23T08:36:20.698629Z","ts_unix":1782203780698632,"event":"TASK_ACCEPT","node":"node_08","addr":"node_08:8001","seq":176,"fields":{"hops":0,"load":0.15,"phi":0.22248536289726606,"potential":2.0155376209282876,"queue":0,"task":"58f04d1c-f46e-15eb-2f38-80ab88492cb2"}}
{"ts":"2026-06-23T08:36:20.796627Z","ts_unix":1782203780796636,"event":"STATE_SYNC","node":"node_08","addr":"node_08:8001","seq":177,"fields":{"comp":6.5,"load":0.15,"mem":9,"neighbors":2,"net":2,"peers":2,"queue":0}}
{"ts":"2026-06-23T08:36:20.796704Z","ts_unix":1782203780796705,"event":"POTENTIAL","node":"node_08","addr":"node_08:8001","seq":178,"fields":{"peers":[{"addr":"node_07:8001","trust":1,"load":0,"queue":0,"comp":5,"mem":8,"net":12,"potential":1.7976931348623157e+308,"phi_self":0.6473445607799742,"age_ms":68},{"addr":"node_05:8001","trust":1,"load":0,"queue":0,"comp":10,"mem":10,"net":5,"potential":1.7976931348623157e+308,"phi_self":0.1622641278370785,"age_ms":179}],"self_comp":6.5,"self_load":0.15,"self_mem":9,"self_net":2,"self_phi":0.06615288822231989,"self_potential":1.7976931348623157e+308,"self_queue":0}}
{"ts":"2026-06-23T08:36:20.859731Z","ts_unix":1782203780859735,"event":"TASK_COMPLETE","node":"node_08","addr":"node_08:8001","seq":179,"fields":{"latency_ms":160,"task":"58f04d1c-f46e-15eb-2f38-80ab88492cb2"}}
{"ts":"2026-06-23T08:36:21.296564Z","ts_unix":1782203781296571,"event":"STATE_SYNC","node":"node_08","addr":"node_08:8001","seq":180,"fields":{"comp":9,"load":0,"mem":11,"neighbors":2,"net":3,"peers":2,"queue":0}}
{"ts":"2026-06-23T08:36:21.296647Z","ts_unix":1782203781296648,"event":"POTENTIAL","node":"node_08","addr":"node_08:8001","seq":181,"fields":{"peers":[{"addr":"node_05:8001","trust":1,"load":0,"queue":0,"comp":10,"mem":10,"net":5,"potential":1.7976931348623157e+308,"phi_self":0.1622641278370785,"age_ms":180},{"addr":"node_07:8001","trust":1,"load":0,"queue":0,"comp":5,"mem":8,"net":12,"potential":1.7976931348623157e+308,"phi_self":0.6473445607799742,"age_ms":67}],"self_comp":9,"self_load":0,"self_mem":11,"self_net":3,"self_phi":0,"self_potential":1,"self_queue":0}}
[node_08] spawned task dfc09cbc
{"ts":"2026-06-23T08:36:21.348900Z","ts_unix":1782203781348905,"event":"TASK_ACCEPT","node":"node_08","addr":"node_08:8001","seq":182,"fields":{"hops":0,"load":0.15,"phi":0.22248536289726606,"potential":2.0155376209282876,"queue":0,"task":"dfc09cbc-845c-a9e4-d9d6-c3c37b74ac9e"}}
{"ts":"2026-06-23T08:36:21.509738Z","ts_unix":1782203781509742,"event":"TASK_COMPLETE","node":"node_08","addr":"node_08:8001","seq":183,"fields":{"latency_ms":160,"task":"dfc09cbc-845c-a9e4-d9d6-c3c37b74ac9e"}}
{"ts":"2026-06-23T08:36:21.796809Z","ts_unix":1782203781796813,"event":"STATE_SYNC","node":"node_08","addr":"node_08:8001","seq":184,"fields":{"comp":9,"load":0,"mem":11,"neighbors":2,"net":3,"peers":2,"queue":0}}
{"ts":"2026-06-23T08:36:21.796862Z","ts_unix":1782203781796864,"event":"POTENTIAL","node":"node_08","addr":"node_08:8001","seq":185,"fields":{"peers":[{"addr":"node_05:8001","trust":1,"load":0,"queue":0,"comp":10,"mem":10,"net":5,"potential":1.7976931348623157e+308,"phi_self":0.1622641278370785,"age_ms":180},{"addr":"node_07:8001","trust":1,"load":0,"queue":0,"comp":5,"mem":8,"net":12,"potential":1.7976931348623157e+308,"phi_self":0.6473445607799742,"age_ms":68}],"self_comp":9,"self_load":0,"self_mem":11,"self_net":3,"self_phi":0,"self_potential":1,"self_queue":0}}
[node_08] spawned task 9a73808b
{"ts":"2026-06-23T08:36:21.997563Z","ts_unix":1782203781997574,"event":"TASK_ACCEPT","node":"node_08","addr":"node_08:8001","seq":186,"fields":{"hops":0,"load":0.15,"phi":0.22248536289726606,"potential":2.0155376209282876,"queue":0,"task":"9a73808b-0cc1-293a-92e9-6eb8202a69f6"}}
{"ts":"2026-06-23T08:36:22.162458Z","ts_unix":1782203782162462,"event":"TASK_COMPLETE","node":"node_08","addr":"node_08:8001","seq":187,"fields":{"latency_ms":160,"task":"9a73808b-0cc1-293a-92e9-6eb8202a69f6"}}
{"ts":"2026-06-23T08:36:22.298510Z","ts_unix":1782203782298514,"event":"STATE_SYNC","node":"node_08","addr":"node_08:8001","seq":188,"fields":{"comp":9,"load":0,"mem":11,"neighbors":2,"net":3,"peers":2,"queue":0}}
{"ts":"2026-06-23T08:36:22.298560Z","ts_unix":1782203782298561,"event":"POTENTIAL","node":"node_08","addr":"node_08:8001","seq":189,"fields":{"peers":[{"addr":"node_05:8001","trust":1,"load":0,"queue":0,"comp":10,"mem":10,"net":5,"potential":1.7976931348623157e+308,"phi_self":0.1622641278370785,"age_ms":181},{"addr":"node_07:8001","trust":1,"load":0.15,"queue":0,"comp":3.5,"mem":5.5,"net":10.5,"potential":1.7976931348623157e+308,"phi_self":0.7257907476246176,"age_ms":67}],"self_comp":9,"self_load":0,"self_mem":11,"self_net":3,"self_phi":0,"self_potential":1,"self_queue":0}}
[node_08] spawned task e898f250
{"ts":"2026-06-23T08:36:22.649661Z","ts_unix":1782203782649665,"event":"TASK_ACCEPT","node":"node_08","addr":"node_08:8001","seq":190,"fields":{"hops":0,"load":0.15,"phi":0.22248536289726606,"potential":2.0155376209282876,"queue":0,"task":"e898f250-d83a-ff82-a750-a3b8a0ed137a"}}
{"ts":"2026-06-23T08:36:22.797694Z","ts_unix":1782203782797703,"event":"STATE_SYNC","node":"node_08","addr":"node_08:8001","seq":191,"fields":{"comp":6.5,"load":0.15,"mem":9,"neighbors":2,"net":2,"peers":2,"queue":0}}
{"ts":"2026-06-23T08:36:22.797796Z","ts_unix":1782203782797798,"event":"POTENTIAL","node":"node_08","addr":"node_08:8001","seq":192,"fields":{"peers":[{"addr":"node_05:8001","trust":1,"load":0,"queue":0,"comp":10,"mem":10,"net":5,"potential":1.7976931348623157e+308,"phi_self":0.1622641278370785,"age_ms":181},{"addr":"node_07:8001","trust":1,"load":0,"queue":0,"comp":5,"mem":8,"net":12,"potential":1.7976931348623157e+308,"phi_self":0.6473445607799742,"age_ms":69}],"self_comp":6.5,"self_load":0.15,"self_mem":9,"self_net":2,"self_phi":0.06615288822231989,"self_potential":1.7976931348623157e+308,"self_queue":0}}
{"ts":"2026-06-23T08:36:22.811069Z","ts_unix":1782203782811073,"event":"TASK_COMPLETE","node":"node_08","addr":"node_08:8001","seq":193,"fields":{"latency_ms":160,"task":"e898f250-d83a-ff82-a750-a3b8a0ed137a"}}
{"ts":"2026-06-23T08:36:23.296733Z","ts_unix":1782203783296743,"event":"STATE_SYNC","node":"node_08","addr":"node_08:8001","seq":194,"fields":{"comp":9,"load":0,"mem":11,"neighbors":2,"net":3,"peers":2,"queue":0}}
{"ts":"2026-06-23T08:36:23.296869Z","ts_unix":1782203783296870,"event":"POTENTIAL","node":"node_08","addr":"node_08:8001","seq":195,"fields":{"peers":[{"addr":"node_07:8001","trust":1,"load":0,"queue":0,"comp":5,"mem":8,"net":12,"potential":1.7976931348623157e+308,"phi_self":0.6473445607799742,"age_ms":69},{"addr":"node_05:8001","trust":1,"load":0.15,"queue":0,"comp":7,"mem":9,"net":2,"potential":1.7976931348623157e+308,"phi_self":0.04205245699288487,"age_ms":180}],"self_comp":9,"self_load":0,"self_mem":11,"self_net":3,"self_phi":0,"self_potential":1,"self_queue":0}}
[node_08] spawned task b8be5ee0
{"ts":"2026-06-23T08:36:23.297472Z","ts_unix":1782203783297474,"event":"TASK_ACCEPT","node":"node_08","addr":"node_08:8001","seq":196,"fields":{"hops":0,"load":0.15,"phi":0.22248536289726606,"potential":2.0155376209282876,"queue":0,"task":"b8be5ee0-c25f-6b63-b3d7-380e12a65a98"}}
{"ts":"2026-06-23T08:36:23.459657Z","ts_unix":1782203783459662,"event":"TASK_COMPLETE","node":"node_08","addr":"node_08:8001","seq":197,"fields":{"latency_ms":160,"task":"b8be5ee0-c25f-6b63-b3d7-380e12a65a98"}}
{"ts":"2026-06-23T08:36:23.797606Z","ts_unix":1782203783797616,"event":"STATE_SYNC","node":"node_08","addr":"node_08:8001","seq":198,"fields":{"comp":9,"load":0,"mem":11,"neighbors":2,"net":3,"peers":2,"queue":0}}
{"ts":"2026-06-23T08:36:23.797669Z","ts_unix":1782203783797670,"event":"POTENTIAL","node":"node_08","addr":"node_08:8001","seq":199,"fields":{"peers":[{"addr":"node_07:8001","trust":1,"load":0.15,"queue":0,"comp":3.5,"mem":5.5,"net":10.5,"potential":1.7976931348623157e+308,"phi_self":0.7257907476246176,"age_ms":69},{"addr":"node_05:8001","trust":1,"load":0,"queue":0,"comp":10,"mem":10,"net":5,"potential":1.7976931348623157e+308,"phi_self":0.1622641278370785,"age_ms":180}],"self_comp":9,"self_load":0,"self_mem":11,"self_net":3,"self_phi":0,"self_potential":1,"self_queue":0}}
[node_08] spawned task 091660e4
{"ts":"2026-06-23T08:36:23.950017Z","ts_unix":1782203783950022,"event":"TASK_ACCEPT","node":"node_08","addr":"node_08:8001","seq":200,"fields":{"hops":0,"load":0.15,"phi":0.22248536289726606,"potential":2.0155376209282876,"queue":0,"task":"091660e4-2569-3e73-6644-2afd95556a7d"}}
{"ts":"2026-06-23T08:36:24.112111Z","ts_unix":1782203784112120,"event":"TASK_COMPLETE","node":"node_08","addr":"node_08:8001","seq":201,"fields":{"latency_ms":160,"task":"091660e4-2569-3e73-6644-2afd95556a7d"}}
{"ts":"2026-06-23T08:36:24.298563Z","ts_unix":1782203784298571,"event":"STATE_SYNC","node":"node_08","addr":"node_08:8001","seq":202,"fields":{"comp":9,"load":0,"mem":11,"neighbors":2,"net":3,"peers":2,"queue":0}}
{"ts":"2026-06-23T08:36:24.298648Z","ts_unix":1782203784298649,"event":"POTENTIAL","node":"node_08","addr":"node_08:8001","seq":203,"fields":{"peers":[{"addr":"node_05:8001","trust":1,"load":0,"queue":0,"comp":10,"mem":10,"net":5,"potential":1.7976931348623157e+308,"phi_self":0.1622641278370785,"age_ms":182},{"addr":"node_07:8001","trust":1,"load":0,"queue":0,"comp":5,"mem":8,"net":12,"potential":1.7976931348623157e+308,"phi_self":0.6473445607799742,"age_ms":66}],"self_comp":9,"self_load":0,"self_mem":11,"self_net":3,"self_phi":0,"self_potential":1,"self_queue":0}}
[node_08] spawned task 1ed48c6c
{"ts":"2026-06-23T08:36:24.597787Z","ts_unix":1782203784597791,"event":"TASK_ACCEPT","node":"node_08","addr":"node_08:8001","seq":204,"fields":{"hops":0,"load":0.15,"phi":0.22248536289726606,"potential":2.0155376209282876,"queue":0,"task":"1ed48c6c-904e-33b9-4e49-5e8033c2e56b"}}
{"ts":"2026-06-23T08:36:24.761272Z","ts_unix":1782203784761276,"event":"TASK_COMPLETE","node":"node_08","addr":"node_08:8001","seq":205,"fields":{"latency_ms":160,"task":"1ed48c6c-904e-33b9-4e49-5e8033c2e56b"}}
{"ts":"2026-06-23T08:36:24.797608Z","ts_unix":1782203784797609,"event":"STATE_SYNC","node":"node_08","addr":"node_08:8001","seq":206,"fields":{"comp":9,"load":0,"mem":11,"neighbors":2,"net":3,"peers":2,"queue":0}}
{"ts":"2026-06-23T08:36:24.797661Z","ts_unix":1782203784797673,"event":"POTENTIAL","node":"node_08","addr":"node_08:8001","seq":207,"fields":{"peers":[{"addr":"node_05:8001","trust":1,"load":0.15,"queue":0,"comp":7,"mem":9,"net":2,"potential":1.7976931348623157e+308,"phi_self":0.04205245699288487,"age_ms":180},{"addr":"node_07:8001","trust":1,"load":0,"queue":0,"comp":5,"mem":8,"net":12,"potential":1.7976931348623157e+308,"phi_self":0.6473445607799742,"age_ms":70}],"self_comp":9,"self_load":0,"self_mem":11,"self_net":3,"self_phi":0,"self_potential":1,"self_queue":0}}
[node_08] spawned task 3e02a9ed
{"ts":"2026-06-23T08:36:25.248966Z","ts_unix":1782203785248969,"event":"TASK_ACCEPT","node":"node_08","addr":"node_08:8001","seq":208,"fields":{"hops":0,"load":0.15,"phi":0.22248536289726606,"potential":2.0155376209282876,"queue":0,"task":"3e02a9ed-93a4-622d-1f50-f06677bb3554"}}
{"ts":"2026-06-23T08:36:25.298309Z","ts_unix":1782203785298318,"event":"STATE_SYNC","node":"node_08","addr":"node_08:8001","seq":209,"fields":{"comp":6.5,"load":0.15,"mem":9,"neighbors":2,"net":2,"peers":2,"queue":0}}
{"ts":"2026-06-23T08:36:25.298421Z","ts_unix":1782203785298423,"event":"POTENTIAL","node":"node_08","addr":"node_08:8001","seq":210,"fields":{"peers":[{"addr":"node_07:8001","trust":1,"load":0,"queue":0,"comp":5,"mem":8,"net":12,"potential":1.7976931348623157e+308,"phi_self":0.6473445607799742,"age_ms":70},{"addr":"node_05:8001","trust":1,"load":0,"queue":0,"comp":10,"mem":10,"net":5,"potential":1.7976931348623157e+308,"phi_self":0.1622641278370785,"age_ms":173}],"self_comp":6.5,"self_load":0.15,"self_mem":9,"self_net":2,"self_phi":0.06615288822231989,"self_potential":1.7976931348623157e+308,"self_queue":0}}
{"ts":"2026-06-23T08:36:25.410158Z","ts_unix":1782203785410163,"event":"TASK_COMPLETE","node":"node_08","addr":"node_08:8001","seq":211,"fields":{"latency_ms":160,"task":"3e02a9ed-93a4-622d-1f50-f06677bb3554"}}
{"ts":"2026-06-23T08:36:25.797626Z","ts_unix":1782203785797630,"event":"STATE_SYNC","node":"node_08","addr":"node_08:8001","seq":212,"fields":{"comp":9,"load":0,"mem":11,"neighbors":2,"net":3,"peers":2,"queue":0}}
{"ts":"2026-06-23T08:36:25.797682Z","ts_unix":1782203785797684,"event":"POTENTIAL","node":"node_08","addr":"node_08:8001","seq":213,"fields":{"peers":[{"addr":"node_07:8001","trust":1,"load":0,"queue":0,"comp":5,"mem":8,"net":12,"potential":1.7976931348623157e+308,"phi_self":0.6473445607799742,"age_ms":67},{"addr":"node_05:8001","trust":1,"load":0,"queue":0,"comp":10,"mem":10,"net":5,"potential":1.7976931348623157e+308,"phi_self":0.1622641278370785,"age_ms":180}],"self_comp":9,"self_load":0,"self_mem":11,"self_net":3,"self_phi":0,"self_potential":1,"self_queue":0}}
[node_08] spawned task 8d65dd71
{"ts":"2026-06-23T08:36:25.901569Z","ts_unix":1782203785901573,"event":"TASK_ACCEPT","node":"node_08","addr":"node_08:8001","seq":214,"fields":{"hops":0,"load":0.15,"phi":0.22248536289726606,"potential":2.0155376209282876,"queue":0,"task":"8d65dd71-d8e4-bd14-db2e-8ff5a58b4fc2"}}
{"ts":"2026-06-23T08:36:26.062740Z","ts_unix":1782203786062743,"event":"TASK_COMPLETE","node":"node_08","addr":"node_08:8001","seq":215,"fields":{"latency_ms":160,"task":"8d65dd71-d8e4-bd14-db2e-8ff5a58b4fc2"}}
{"ts":"2026-06-23T08:36:26.300463Z","ts_unix":1782203786300466,"event":"STATE_SYNC","node":"node_08","addr":"node_08:8001","seq":216,"fields":{"comp":9,"load":0,"mem":11,"neighbors":2,"net":3,"peers":2,"queue":0}}
{"ts":"2026-06-23T08:36:26.300506Z","ts_unix":1782203786300507,"event":"POTENTIAL","node":"node_08","addr":"node_08:8001","seq":217,"fields":{"peers":[{"addr":"node_05:8001","trust":1,"load":0,"queue":0,"comp":10,"mem":10,"net":5,"potential":1.7976931348623157e+308,"phi_self":0.1622641278370785,"age_ms":183},{"addr":"node_07:8001","trust":1,"load":0.15,"queue":0,"comp":3.5,"mem":5.5,"net":10.5,"potential":1.7976931348623157e+308,"phi_self":0.7257907476246176,"age_ms":69}],"self_comp":9,"self_load":0,"self_mem":11,"self_net":3,"self_phi":0,"self_potential":1,"self_queue":0}}
[node_08] spawned task 8339abd8
{"ts":"2026-06-23T08:36:26.549761Z","ts_unix":1782203786549765,"event":"TASK_ACCEPT","node":"node_08","addr":"node_08:8001","seq":218,"fields":{"hops":0,"load":0.15,"phi":0.22248536289726606,"potential":2.0155376209282876,"queue":0,"task":"8339abd8-17c0-ab55-b043-4fcdef9ab855"}}
{"ts":"2026-06-23T08:36:26.713442Z","ts_unix":1782203786713449,"event":"TASK_COMPLETE","node":"node_08","addr":"node_08:8001","seq":219,"fields":{"latency_ms":160,"task":"8339abd8-17c0-ab55-b043-4fcdef9ab855"}}
{"ts":"2026-06-23T08:36:26.797889Z","ts_unix":1782203786797896,"event":"STATE_SYNC","node":"node_08","addr":"node_08:8001","seq":220,"fields":{"comp":9,"load":0,"mem":11,"neighbors":2,"net":3,"peers":2,"queue":0}}
{"ts":"2026-06-23T08:36:26.797964Z","ts_unix":1782203786797966,"event":"POTENTIAL","node":"node_08","addr":"node_08:8001","seq":221,"fields":{"peers":[{"addr":"node_05:8001","trust":1,"load":0.15,"queue":0,"comp":7,"mem":9,"net":2,"potential":1.7976931348623157e+308,"phi_self":0.04205245699288487,"age_ms":181},{"addr":"node_07:8001","trust":1,"load":0,"queue":0,"comp":5,"mem":8,"net":12,"potential":1.7976931348623157e+308,"phi_self":0.6473445607799742,"age_ms":68}],"self_comp":9,"self_load":0,"self_mem":11,"self_net":3,"self_phi":0,"self_potential":1,"self_queue":0}}
[node_08] spawned task f778c907
{"ts":"2026-06-23T08:36:27.197165Z","ts_unix":1782203787197168,"event":"TASK_ACCEPT","node":"node_08","addr":"node_08:8001","seq":222,"fields":{"hops":0,"load":0.15,"phi":0.22248536289726606,"potential":2.0155376209282876,"queue":0,"task":"f778c907-e9cd-cd90-61bb-551be0a2b620"}}
{"ts":"2026-06-23T08:36:27.296894Z","ts_unix":1782203787296899,"event":"STATE_SYNC","node":"node_08","addr":"node_08:8001","seq":223,"fields":{"comp":6.5,"load":0.15,"mem":9,"neighbors":2,"net":2,"peers":2,"queue":0}}
{"ts":"2026-06-23T08:36:27.296955Z","ts_unix":1782203787296956,"event":"POTENTIAL","node":"node_08","addr":"node_08:8001","seq":224,"fields":{"peers":[{"addr":"node_05:8001","trust":1,"load":0,"queue":0,"comp":10,"mem":10,"net":5,"potential":1.7976931348623157e+308,"phi_self":0.1622641278370785,"age_ms":180},{"addr":"node_07:8001","trust":1,"load":0,"queue":0,"comp":5,"mem":8,"net":12,"potential":1.7976931348623157e+308,"phi_self":0.6473445607799742,"age_ms":67}],"self_comp":6.5,"self_load":0.15,"self_mem":9,"self_net":2,"self_phi":0.06615288822231989,"self_potential":1.7976931348623157e+308,"self_queue":0}}
{"ts":"2026-06-23T08:36:27.361824Z","ts_unix":1782203787361831,"event":"TASK_COMPLETE","node":"node_08","addr":"node_08:8001","seq":225,"fields":{"latency_ms":160,"task":"f778c907-e9cd-cd90-61bb-551be0a2b620"}}
{"ts":"2026-06-23T08:36:27.796720Z","ts_unix":1782203787796729,"event":"STATE_SYNC","node":"node_08","addr":"node_08:8001","seq":226,"fields":{"comp":9,"load":0,"mem":11,"neighbors":2,"net":3,"peers":2,"queue":0}}
{"ts":"2026-06-23T08:36:27.796807Z","ts_unix":1782203787796808,"event":"POTENTIAL","node":"node_08","addr":"node_08:8001","seq":227,"fields":{"peers":[{"addr":"node_05:8001","trust":1,"load":0,"queue":0,"comp":10,"mem":10,"net":5,"potential":1.7976931348623157e+308,"phi_self":0.1622641278370785,"age_ms":180},{"addr":"node_07:8001","trust":1,"load":0.15,"queue":0,"comp":3.5,"mem":5.5,"net":10.5,"potential":1.7976931348623157e+308,"phi_self":0.7257907476246176,"age_ms":68}],"self_comp":9,"self_load":0,"self_mem":11,"self_net":3,"self_phi":0,"self_potential":1,"self_queue":0}}
[node_08] spawned task bffec53c
{"ts":"2026-06-23T08:36:27.848340Z","ts_unix":1782203787848349,"event":"TASK_ACCEPT","node":"node_08","addr":"node_08:8001","seq":228,"fields":{"hops":0,"load":0.15,"phi":0.22248536289726606,"potential":2.0155376209282876,"queue":0,"task":"bffec53c-5e35-5ab4-15d0-0dd40571e296"}}
{"ts":"2026-06-23T08:36:28.012003Z","ts_unix":1782203788012011,"event":"TASK_COMPLETE","node":"node_08","addr":"node_08:8001","seq":229,"fields":{"latency_ms":160,"task":"bffec53c-5e35-5ab4-15d0-0dd40571e296"}}
{"ts":"2026-06-23T08:36:28.299849Z","ts_unix":1782203788299855,"event":"STATE_SYNC","node":"node_08","addr":"node_08:8001","seq":230,"fields":{"comp":9,"load":0,"mem":11,"neighbors":2,"net":3,"peers":2,"queue":0}}
{"ts":"2026-06-23T08:36:28.299922Z","ts_unix":1782203788299924,"event":"POTENTIAL","node":"node_08","addr":"node_08:8001","seq":231,"fields":{"peers":[{"addr":"node_05:8001","trust":1,"load":0.15,"queue":0,"comp":7,"mem":9,"net":2,"potential":1.7976931348623157e+308,"phi_self":0.04205245699288487,"age_ms":183},{"addr":"node_07:8001","trust":1,"load":0,"queue":0,"comp":5,"mem":8,"net":12,"potential":1.7976931348623157e+308,"phi_self":0.6473445607799742,"age_ms":70}],"self_comp":9,"self_load":0,"self_mem":11,"self_net":3,"self_phi":0,"self_potential":1,"self_queue":0}}
[node_08] spawned task 8bfab0f6
{"ts":"2026-06-23T08:36:28.497646Z","ts_unix":1782203788497650,"event":"TASK_ACCEPT","node":"node_08","addr":"node_08:8001","seq":232,"fields":{"hops":0,"load":0.15,"phi":0.22248536289726606,"potential":2.0155376209282876,"queue":0,"task":"8bfab0f6-01fa-478b-245c-2bcc8f28d2e1"}}
{"ts":"2026-06-23T08:36:28.659301Z","ts_unix":1782203788659305,"event":"TASK_COMPLETE","node":"node_08","addr":"node_08:8001","seq":233,"fields":{"latency_ms":160,"task":"8bfab0f6-01fa-478b-245c-2bcc8f28d2e1"}}
{"ts":"2026-06-23T08:36:28.796635Z","ts_unix":1782203788796639,"event":"STATE_SYNC","node":"node_08","addr":"node_08:8001","seq":234,"fields":{"comp":9,"load":0,"mem":11,"neighbors":2,"net":3,"peers":2,"queue":0}}
{"ts":"2026-06-23T08:36:28.796694Z","ts_unix":1782203788796695,"event":"POTENTIAL","node":"node_08","addr":"node_08:8001","seq":235,"fields":{"peers":[{"addr":"node_07:8001","trust":1,"load":0,"queue":0,"comp":5,"mem":8,"net":12,"potential":1.7976931348623157e+308,"phi_self":0.6473445607799742,"age_ms":67},{"addr":"node_05:8001","trust":1,"load":0,"queue":0,"comp":10,"mem":10,"net":5,"potential":1.7976931348623157e+308,"phi_self":0.1622641278370785,"age_ms":180}],"self_comp":9,"self_load":0,"self_mem":11,"self_net":3,"self_phi":0,"self_potential":1,"self_queue":0}}
[node_08] spawned task c26866be
{"ts":"2026-06-23T08:36:29.151077Z","ts_unix":1782203789151084,"event":"TASK_ACCEPT","node":"node_08","addr":"node_08:8001","seq":236,"fields":{"hops":0,"load":0.15,"phi":0.22248536289726606,"potential":2.0155376209282876,"queue":0,"task":"c26866be-6e22-798a-5f74-238d1fd788a2"}}
{"ts":"2026-06-23T08:36:29.300523Z","ts_unix":1782203789300528,"event":"STATE_SYNC","node":"node_08","addr":"node_08:8001","seq":237,"fields":{"comp":6.5,"load":0.15,"mem":9,"neighbors":2,"net":2,"peers":2,"queue":0}}
{"ts":"2026-06-23T08:36:29.300581Z","ts_unix":1782203789300583,"event":"POTENTIAL","node":"node_08","addr":"node_08:8001","seq":238,"fields":{"peers":[{"addr":"node_07:8001","trust":1,"load":0,"queue":0,"comp":5,"mem":8,"net":12,"potential":1.7976931348623157e+308,"phi_self":0.6473445607799742,"age_ms":68},{"addr":"node_05:8001","trust":1,"load":0,"queue":0,"comp":10,"mem":10,"net":5,"potential":1.7976931348623157e+308,"phi_self":0.1622641278370785,"age_ms":183}],"self_comp":6.5,"self_load":0.15,"self_mem":9,"self_net":2,"self_phi":0.06615288822231989,"self_potential":1.7976931348623157e+308,"self_queue":0}}
{"ts":"2026-06-23T08:36:29.312847Z","ts_unix":1782203789312856,"event":"TASK_COMPLETE","node":"node_08","addr":"node_08:8001","seq":239,"fields":{"latency_ms":160,"task":"c26866be-6e22-798a-5f74-238d1fd788a2"}}
{"ts":"2026-06-23T08:36:29.796697Z","ts_unix":1782203789796706,"event":"STATE_SYNC","node":"node_08","addr":"node_08:8001","seq":240,"fields":{"comp":9,"load":0,"mem":11,"neighbors":2,"net":3,"peers":2,"queue":0}}
{"ts":"2026-06-23T08:36:29.796775Z","ts_unix":1782203789796776,"event":"POTENTIAL","node":"node_08","addr":"node_08:8001","seq":241,"fields":{"peers":[{"addr":"node_05:8001","trust":1,"load":0,"queue":0,"comp":10,"mem":10,"net":5,"potential":1.7976931348623157e+308,"phi_self":0.1622641278370785,"age_ms":180},{"addr":"node_07:8001","trust":1,"load":0,"queue":0,"comp":5,"mem":8,"net":12,"potential":1.7976931348623157e+308,"phi_self":0.6473445607799742,"age_ms":68}],"self_comp":9,"self_load":0,"self_mem":11,"self_net":3,"self_phi":0,"self_potential":1,"self_queue":0}}
[node_08] spawned task cd64a554
{"ts":"2026-06-23T08:36:29.797292Z","ts_unix":1782203789797295,"event":"TASK_ACCEPT","node":"node_08","addr":"node_08:8001","seq":242,"fields":{"hops":0,"load":0.15,"phi":0.22248536289726606,"potential":2.0155376209282876,"queue":0,"task":"cd64a554-784c-6857-a475-8e132d43b109"}}
{"ts":"2026-06-23T08:36:29.958783Z","ts_unix":1782203789958796,"event":"TASK_COMPLETE","node":"node_08","addr":"node_08:8001","seq":243,"fields":{"latency_ms":160,"task":"cd64a554-784c-6857-a475-8e132d43b109"}}
{"ts":"2026-06-23T08:36:30.296611Z","ts_unix":1782203790296616,"event":"STATE_SYNC","node":"node_08","addr":"node_08:8001","seq":244,"fields":{"comp":9,"load":0,"mem":11,"neighbors":2,"net":3,"peers":2,"queue":0}}
{"ts":"2026-06-23T08:36:30.296655Z","ts_unix":1782203790296656,"event":"POTENTIAL","node":"node_08","addr":"node_08:8001","seq":245,"fields":{"peers":[{"addr":"node_05:8001","trust":1,"load":0.15,"queue":0,"comp":7,"mem":9,"net":2,"potential":1.7976931348623157e+308,"phi_self":0.04205245699288487,"age_ms":180},{"addr":"node_07:8001","trust":1,"load":0.15,"queue":0,"comp":3.5,"mem":5.5,"net":10.5,"potential":1.7976931348623157e+308,"phi_self":0.7257907476246176,"age_ms":68}],"self_comp":9,"self_load":0,"self_mem":11,"self_net":3,"self_phi":0,"self_potential":1,"self_queue":0}}
[node_08] spawned task 9f9bac96
{"ts":"2026-06-23T08:36:30.449353Z","ts_unix":1782203790449361,"event":"TASK_ACCEPT","node":"node_08","addr":"node_08:8001","seq":246,"fields":{"hops":0,"load":0.15,"phi":0.22248536289726606,"potential":2.0155376209282876,"queue":0,"task":"9f9bac96-375c-66ef-36c2-05034cf2162a"}}
{"ts":"2026-06-23T08:36:30.610251Z","ts_unix":1782203790610257,"event":"TASK_COMPLETE","node":"node_08","addr":"node_08:8001","seq":247,"fields":{"latency_ms":160,"task":"9f9bac96-375c-66ef-36c2-05034cf2162a"}}
{"ts":"2026-06-23T08:36:30.796632Z","ts_unix":1782203790796636,"event":"STATE_SYNC","node":"node_08","addr":"node_08:8001","seq":248,"fields":{"comp":9,"load":0,"mem":11,"neighbors":2,"net":3,"peers":2,"queue":0}}
{"ts":"2026-06-23T08:36:30.796685Z","ts_unix":1782203790796687,"event":"POTENTIAL","node":"node_08","addr":"node_08:8001","seq":249,"fields":{"peers":[{"addr":"node_07:8001","trust":1,"load":0,"queue":0,"comp":5,"mem":8,"net":12,"potential":1.7976931348623157e+308,"phi_self":0.6473445607799742,"age_ms":67},{"addr":"node_05:8001","trust":1,"load":0,"queue":0,"comp":10,"mem":10,"net":5,"potential":1.7976931348623157e+308,"phi_self":0.1622641278370785,"age_ms":180}],"self_comp":9,"self_load":0,"self_mem":11,"self_net":3,"self_phi":0,"self_potential":1,"self_queue":0}}
[node_08] spawned task 3911d969
{"ts":"2026-06-23T08:36:31.100851Z","ts_unix":1782203791100860,"event":"TASK_ACCEPT","node":"node_08","addr":"node_08:8001","seq":250,"fields":{"hops":0,"load":0.15,"phi":0.22248536289726606,"potential":2.0155376209282876,"queue":0,"task":"3911d969-ddd8-4eb8-ee91-d49730775d43"}}
{"ts":"2026-06-23T08:36:31.262755Z","ts_unix":1782203791262760,"event":"TASK_COMPLETE","node":"node_08","addr":"node_08:8001","seq":251,"fields":{"latency_ms":160,"task":"3911d969-ddd8-4eb8-ee91-d49730775d43"}}
{"ts":"2026-06-23T08:36:31.298698Z","ts_unix":1782203791298705,"event":"STATE_SYNC","node":"node_08","addr":"node_08:8001","seq":252,"fields":{"comp":9,"load":0,"mem":11,"neighbors":2,"net":3,"peers":2,"queue":0}}
{"ts":"2026-06-23T08:36:31.298792Z","ts_unix":1782203791298794,"event":"POTENTIAL","node":"node_08","addr":"node_08:8001","seq":253,"fields":{"peers":[{"addr":"node_07:8001","trust":1,"load":0,"queue":0,"comp":5,"mem":8,"net":12,"potential":1.7976931348623157e+308,"phi_self":0.6473445607799742,"age_ms":68},{"addr":"node_05:8001","trust":1,"load":0,"queue":0,"comp":10,"mem":10,"net":5,"potential":1.7976931348623157e+308,"phi_self":0.1622641278370785,"age_ms":181}],"self_comp":9,"self_load":0,"self_mem":11,"self_net":3,"self_phi":0,"self_potential":1,"self_queue":0}}
[node_08] spawned task f2d316d1
{"ts":"2026-06-23T08:36:31.749579Z","ts_unix":1782203791749588,"event":"TASK_ACCEPT","node":"node_08","addr":"node_08:8001","seq":254,"fields":{"hops":0,"load":0.15,"phi":0.22248536289726606,"potential":2.0155376209282876,"queue":0,"task":"f2d316d1-bbe1-05dd-8854-5fa996bd9c68"}}
{"ts":"2026-06-23T08:36:31.796111Z","ts_unix":1782203791796115,"event":"STATE_SYNC","node":"node_08","addr":"node_08:8001","seq":255,"fields":{"comp":6.5,"load":0.15,"mem":9,"neighbors":2,"net":2,"peers":2,"queue":0}}
{"ts":"2026-06-23T08:36:31.796236Z","ts_unix":1782203791796238,"event":"POTENTIAL","node":"node_08","addr":"node_08:8001","seq":256,"fields":{"peers":[{"addr":"node_05:8001","trust":1,"load":0.15,"queue":0,"comp":7,"mem":9,"net":2,"potential":1.7976931348623157e+308,"phi_self":0.04205245699288487,"age_ms":179},{"addr":"node_07:8001","trust":1,"load":0.15,"queue":0,"comp":3.5,"mem":5.5,"net":10.5,"potential":1.7976931348623157e+308,"phi_self":0.7257907476246176,"age_ms":67}],"self_comp":6.5,"self_load":0.15,"self_mem":9,"self_net":2,"self_phi":0.06615288822231989,"self_potential":1.7976931348623157e+308,"self_queue":0}}
{"ts":"2026-06-23T08:36:31.910900Z","ts_unix":1782203791910908,"event":"TASK_COMPLETE","node":"node_08","addr":"node_08:8001","seq":257,"fields":{"latency_ms":160,"task":"f2d316d1-bbe1-05dd-8854-5fa996bd9c68"}}
{"ts":"2026-06-23T08:36:32.300637Z","ts_unix":1782203792300642,"event":"STATE_SYNC","node":"node_08","addr":"node_08:8001","seq":258,"fields":{"comp":9,"load":0,"mem":11,"neighbors":2,"net":3,"peers":2,"queue":0}}
{"ts":"2026-06-23T08:36:32.300688Z","ts_unix":1782203792300690,"event":"POTENTIAL","node":"node_08","addr":"node_08:8001","seq":259,"fields":{"peers":[{"addr":"node_05:8001","trust":1,"load":0,"queue":0,"comp":10,"mem":10,"net":5,"potential":1.7976931348623157e+308,"phi_self":0.1622641278370785,"age_ms":183},{"addr":"node_07:8001","trust":1,"load":0,"queue":0,"comp":5,"mem":8,"net":12,"potential":1.7976931348623157e+308,"phi_self":0.6473445607799742,"age_ms":72}],"self_comp":9,"self_load":0,"self_mem":11,"self_net":3,"self_phi":0,"self_potential":1,"self_queue":0}}
[node_08] spawned task 2b2a214c
{"ts":"2026-06-23T08:36:32.398634Z","ts_unix":1782203792398637,"event":"TASK_ACCEPT","node":"node_08","addr":"node_08:8001","seq":260,"fields":{"hops":0,"load":0.15,"phi":0.22248536289726606,"potential":2.0155376209282876,"queue":0,"task":"2b2a214c-d807-ebce-ce82-334e93c1d820"}}
{"ts":"2026-06-23T08:36:32.562684Z","ts_unix":1782203792562690,"event":"TASK_COMPLETE","node":"node_08","addr":"node_08:8001","seq":261,"fields":{"latency_ms":160,"task":"2b2a214c-d807-ebce-ce82-334e93c1d820"}}
{"ts":"2026-06-23T08:36:32.796740Z","ts_unix":1782203792796745,"event":"STATE_SYNC","node":"node_08","addr":"node_08:8001","seq":262,"fields":{"comp":9,"load":0,"mem":11,"neighbors":2,"net":3,"peers":2,"queue":0}}
{"ts":"2026-06-23T08:36:32.796816Z","ts_unix":1782203792796818,"event":"POTENTIAL","node":"node_08","addr":"node_08:8001","seq":263,"fields":{"peers":[{"addr":"node_05:8001","trust":1,"load":0,"queue":0,"comp":10,"mem":10,"net":5,"potential":1.7976931348623157e+308,"phi_self":0.1622641278370785,"age_ms":180},{"addr":"node_07:8001","trust":1,"load":0,"queue":0,"comp":5,"mem":8,"net":12,"potential":1.7976931348623157e+308,"phi_self":0.6473445607799742,"age_ms":68}],"self_comp":9,"self_load":0,"self_mem":11,"self_net":3,"self_phi":0,"self_potential":1,"self_queue":0}}
[node_08] spawned task 3b69b3d5
{"ts":"2026-06-23T08:36:33.047777Z","ts_unix":1782203793047780,"event":"TASK_ACCEPT","node":"node_08","addr":"node_08:8001","seq":264,"fields":{"hops":0,"load":0.15,"phi":0.22248536289726606,"potential":2.0155376209282876,"queue":0,"task":"3b69b3d5-c3dd-a337-42d7-44af64f585c9"}}
{"ts":"2026-06-23T08:36:33.210861Z","ts_unix":1782203793210865,"event":"TASK_COMPLETE","node":"node_08","addr":"node_08:8001","seq":265,"fields":{"latency_ms":160,"task":"3b69b3d5-c3dd-a337-42d7-44af64f585c9"}}
{"ts":"2026-06-23T08:36:33.301477Z","ts_unix":1782203793301486,"event":"STATE_SYNC","node":"node_08","addr":"node_08:8001","seq":266,"fields":{"comp":9,"load":0,"mem":11,"neighbors":2,"net":3,"peers":2,"queue":0}}
{"ts":"2026-06-23T08:36:33.301553Z","ts_unix":1782203793301554,"event":"POTENTIAL","node":"node_08","addr":"node_08:8001","seq":267,"fields":{"peers":[{"addr":"node_05:8001","trust":1,"load":0,"queue":0,"comp":10,"mem":10,"net":5,"potential":1.7976931348623157e+308,"phi_self":0.1622641278370785,"age_ms":185},{"addr":"node_07:8001","trust":1,"load":0,"queue":0,"comp":5,"mem":8,"net":12,"potential":1.7976931348623157e+308,"phi_self":0.6473445607799742,"age_ms":72}],"self_comp":9,"self_load":0,"self_mem":11,"self_net":3,"self_phi":0,"self_potential":1,"self_queue":0}}
[node_08] spawned task 44a45599
{"ts":"2026-06-23T08:36:33.697567Z","ts_unix":1782203793697577,"event":"TASK_ACCEPT","node":"node_08","addr":"node_08:8001","seq":268,"fields":{"hops":0,"load":0.15,"phi":0.22248536289726606,"potential":2.0155376209282876,"queue":0,"task":"44a45599-7069-3938-e152-f263799913f0"}}
{"ts":"2026-06-23T08:36:33.796837Z","ts_unix":1782203793796839,"event":"STATE_SYNC","node":"node_08","addr":"node_08:8001","seq":269,"fields":{"comp":6.5,"load":0.15,"mem":9,"neighbors":2,"net":2,"peers":2,"queue":0}}
{"ts":"2026-06-23T08:36:33.796881Z","ts_unix":1782203793796882,"event":"POTENTIAL","node":"node_08","addr":"node_08:8001","seq":270,"fields":{"peers":[{"addr":"node_07:8001","trust":1,"load":0,"queue":0,"comp":5,"mem":8,"net":12,"potential":1.7976931348623157e+308,"phi_self":0.6473445607799742,"age_ms":67},{"addr":"node_05:8001","trust":1,"load":0,"queue":0,"comp":10,"mem":10,"net":5,"potential":1.7976931348623157e+308,"phi_self":0.1622641278370785,"age_ms":180}],"self_comp":6.5,"self_load":0.15,"self_mem":9,"self_net":2,"self_phi":0.06615288822231989,"self_potential":1.7976931348623157e+308,"self_queue":0}}
{"ts":"2026-06-23T08:36:33.861795Z","ts_unix":1782203793861805,"event":"TASK_COMPLETE","node":"node_08","addr":"node_08:8001","seq":271,"fields":{"latency_ms":160,"task":"44a45599-7069-3938-e152-f263799913f0"}}
{"ts":"2026-06-23T08:36:34.296849Z","ts_unix":1782203794296853,"event":"STATE_SYNC","node":"node_08","addr":"node_08:8001","seq":272,"fields":{"comp":9,"load":0,"mem":11,"neighbors":2,"net":3,"peers":2,"queue":0}}
{"ts":"2026-06-23T08:36:34.296892Z","ts_unix":1782203794296892,"event":"POTENTIAL","node":"node_08","addr":"node_08:8001","seq":273,"fields":{"peers":[{"addr":"node_05:8001","trust":1,"load":0,"queue":0,"comp":10,"mem":10,"net":5,"potential":1.7976931348623157e+308,"phi_self":0.1622641278370785,"age_ms":174},{"addr":"node_07:8001","trust":1,"load":0.15,"queue":0,"comp":3.5,"mem":5.5,"net":10.5,"potential":1.7976931348623157e+308,"phi_self":0.7257907476246176,"age_ms":67}],"self_comp":9,"self_load":0,"self_mem":11,"self_net":3,"self_phi":0,"self_potential":1,"self_queue":0}}
[node_08] spawned task 49be26ce
{"ts":"2026-06-23T08:36:34.348674Z","ts_unix":1782203794348683,"event":"TASK_ACCEPT","node":"node_08","addr":"node_08:8001","seq":274,"fields":{"hops":0,"load":0.15,"phi":0.22248536289726606,"potential":2.0155376209282876,"queue":0,"task":"49be26ce-b131-b930-8f8f-03eea736f62d"}}
{"ts":"2026-06-23T08:36:34.510886Z","ts_unix":1782203794510889,"event":"TASK_COMPLETE","node":"node_08","addr":"node_08:8001","seq":275,"fields":{"latency_ms":160,"task":"49be26ce-b131-b930-8f8f-03eea736f62d"}}
{"ts":"2026-06-23T08:36:34.796688Z","ts_unix":1782203794796692,"event":"STATE_SYNC","node":"node_08","addr":"node_08:8001","seq":276,"fields":{"comp":9,"load":0,"mem":11,"neighbors":2,"net":3,"peers":2,"queue":0}}
{"ts":"2026-06-23T08:36:34.796752Z","ts_unix":1782203794796753,"event":"POTENTIAL","node":"node_08","addr":"node_08:8001","seq":277,"fields":{"peers":[{"addr":"node_05:8001","trust":1,"load":0,"queue":0,"comp":10,"mem":10,"net":5,"potential":1.7976931348623157e+308,"phi_self":0.1622641278370785,"age_ms":178},{"addr":"node_07:8001","trust":1,"load":0,"queue":0,"comp":5,"mem":8,"net":12,"potential":1.7976931348623157e+308,"phi_self":0.6473445607799742,"age_ms":69}],"self_comp":9,"self_load":0,"self_mem":11,"self_net":3,"self_phi":0,"self_potential":1,"self_queue":0}}
[node_08] spawned task 06791c65
{"ts":"2026-06-23T08:36:34.997745Z","ts_unix":1782203794997749,"event":"TASK_ACCEPT","node":"node_08","addr":"node_08:8001","seq":278,"fields":{"hops":0,"load":0.15,"phi":0.22248536289726606,"potential":2.0155376209282876,"queue":0,"task":"06791c65-e97c-d9a0-2f9a-24d9d078b165"}}
{"ts":"2026-06-23T08:36:35.160934Z","ts_unix":1782203795160942,"event":"TASK_COMPLETE","node":"node_08","addr":"node_08:8001","seq":279,"fields":{"latency_ms":160,"task":"06791c65-e97c-d9a0-2f9a-24d9d078b165"}}
{"ts":"2026-06-23T08:36:35.300010Z","ts_unix":1782203795300014,"event":"STATE_SYNC","node":"node_08","addr":"node_08:8001","seq":280,"fields":{"comp":9,"load":0,"mem":11,"neighbors":2,"net":3,"peers":2,"queue":0}}
{"ts":"2026-06-23T08:36:35.300157Z","ts_unix":1782203795300159,"event":"POTENTIAL","node":"node_08","addr":"node_08:8001","seq":281,"fields":{"peers":[{"addr":"node_05:8001","trust":1,"load":0,"queue":0,"comp":10,"mem":10,"net":5,"potential":1.7976931348623157e+308,"phi_self":0.1622641278370785,"age_ms":183},{"addr":"node_07:8001","trust":1,"load":0,"queue":0,"comp":5,"mem":8,"net":12,"potential":1.7976931348623157e+308,"phi_self":0.6473445607799742,"age_ms":67}],"self_comp":9,"self_load":0,"self_mem":11,"self_net":3,"self_phi":0,"self_potential":1,"self_queue":0}}
[node_08] spawned task ef2c6df7
{"ts":"2026-06-23T08:36:35.648542Z","ts_unix":1782203795648546,"event":"TASK_ACCEPT","node":"node_08","addr":"node_08:8001","seq":282,"fields":{"hops":0,"load":0.15,"phi":0.22248536289726606,"potential":2.0155376209282876,"queue":0,"task":"ef2c6df7-0615-f5fb-293a-5cf804238deb"}}
{"ts":"2026-06-23T08:36:35.796486Z","ts_unix":1782203795796490,"event":"STATE_SYNC","node":"node_08","addr":"node_08:8001","seq":283,"fields":{"comp":6.5,"load":0.15,"mem":9,"neighbors":2,"net":2,"peers":2,"queue":0}}
{"ts":"2026-06-23T08:36:35.796548Z","ts_unix":1782203795796549,"event":"POTENTIAL","node":"node_08","addr":"node_08:8001","seq":284,"fields":{"peers":[{"addr":"node_05:8001","trust":1,"load":0,"queue":0,"comp":10,"mem":10,"net":5,"potential":1.7976931348623157e+308,"phi_self":0.1622641278370785,"age_ms":180},{"addr":"node_07:8001","trust":1,"load":0.15,"queue":0,"comp":3.5,"mem":5.5,"net":10.5,"potential":1.7976931348623157e+308,"phi_self":0.7257907476246176,"age_ms":68}],"self_comp":6.5,"self_load":0.15,"self_mem":9,"self_net":2,"self_phi":0.06615288822231989,"self_potential":1.7976931348623157e+308,"self_queue":0}}
{"ts":"2026-06-23T08:36:35.809517Z","ts_unix":1782203795809539,"event":"TASK_COMPLETE","node":"node_08","addr":"node_08:8001","seq":285,"fields":{"latency_ms":160,"task":"ef2c6df7-0615-f5fb-293a-5cf804238deb"}}
{"ts":"2026-06-23T08:36:36.300050Z","ts_unix":1782203796300054,"event":"STATE_SYNC","node":"node_08","addr":"node_08:8001","seq":286,"fields":{"comp":9,"load":0,"mem":11,"neighbors":2,"net":3,"peers":2,"queue":0}}
{"ts":"2026-06-23T08:36:36.300089Z","ts_unix":1782203796300089,"event":"POTENTIAL","node":"node_08","addr":"node_08:8001","seq":287,"fields":{"peers":[{"addr":"node_05:8001","trust":1,"load":0,"queue":0,"comp":10,"mem":10,"net":5,"potential":1.7976931348623157e+308,"phi_self":0.1622641278370785,"age_ms":182},{"addr":"node_07:8001","trust":1,"load":0,"queue":0,"comp":5,"mem":8,"net":12,"potential":1.7976931348623157e+308,"phi_self":0.6473445607799742,"age_ms":71}],"self_comp":9,"self_load":0,"self_mem":11,"self_net":3,"self_phi":0,"self_potential":1,"self_queue":0}}
[node_08] spawned task ee39fe01
{"ts":"2026-06-23T08:36:36.300126Z","ts_unix":1782203796300127,"event":"TASK_ACCEPT","node":"node_08","addr":"node_08:8001","seq":288,"fields":{"hops":0,"load":0.15,"phi":0.22248536289726606,"potential":2.0155376209282876,"queue":0,"task":"ee39fe01-3f09-e5bd-24ed-12d6dfac5801"}}
{"ts":"2026-06-23T08:36:36.462143Z","ts_unix":1782203796462151,"event":"TASK_COMPLETE","node":"node_08","addr":"node_08:8001","seq":289,"fields":{"latency_ms":160,"task":"ee39fe01-3f09-e5bd-24ed-12d6dfac5801"}}
{"ts":"2026-06-23T08:36:36.799297Z","ts_unix":1782203796799301,"event":"STATE_SYNC","node":"node_08","addr":"node_08:8001","seq":290,"fields":{"comp":9,"load":0,"mem":11,"neighbors":2,"net":3,"peers":2,"queue":0}}
{"ts":"2026-06-23T08:36:36.799347Z","ts_unix":1782203796799349,"event":"POTENTIAL","node":"node_08","addr":"node_08:8001","seq":291,"fields":{"peers":[{"addr":"node_05:8001","trust":1,"load":0,"queue":0,"comp":10,"mem":10,"net":5,"potential":1.7976931348623157e+308,"phi_self":0.1622641278370785,"age_ms":182},{"addr":"node_07:8001","trust":1,"load":0,"queue":0,"comp":5,"mem":8,"net":12,"potential":1.7976931348623157e+308,"phi_self":0.6473445607799742,"age_ms":71}],"self_comp":9,"self_load":0,"self_mem":11,"self_net":3,"self_phi":0,"self_potential":1,"self_queue":0}}
[node_08] spawned task c0ff4d68
{"ts":"2026-06-23T08:36:36.951103Z","ts_unix":1782203796951112,"event":"TASK_ACCEPT","node":"node_08","addr":"node_08:8001","seq":292,"fields":{"hops":0,"load":0.15,"phi":0.22248536289726606,"potential":2.0155376209282876,"queue":0,"task":"c0ff4d68-91f4-7020-7515-a7acfe859649"}}
{"ts":"2026-06-23T08:36:37.114168Z","ts_unix":1782203797114171,"event":"TASK_COMPLETE","node":"node_08","addr":"node_08:8001","seq":293,"fields":{"latency_ms":160,"task":"c0ff4d68-91f4-7020-7515-a7acfe859649"}}
{"ts":"2026-06-23T08:36:37.300270Z","ts_unix":1782203797300275,"event":"STATE_SYNC","node":"node_08","addr":"node_08:8001","seq":294,"fields":{"comp":9,"load":0,"mem":11,"neighbors":2,"net":3,"peers":2,"queue":0}}
{"ts":"2026-06-23T08:36:37.300330Z","ts_unix":1782203797300331,"event":"POTENTIAL","node":"node_08","addr":"node_08:8001","seq":295,"fields":{"peers":[{"addr":"node_05:8001","trust":1,"load":0,"queue":0,"comp":10,"mem":10,"net":5,"potential":1.7976931348623157e+308,"phi_self":0.1622641278370785,"age_ms":183},{"addr":"node_07:8001","trust":1,"load":0,"queue":0,"comp":5,"mem":8,"net":12,"potential":1.7976931348623157e+308,"phi_self":0.6473445607799742,"age_ms":70}],"self_comp":9,"self_load":0,"self_mem":11,"self_net":3,"self_phi":0,"self_potential":1,"self_queue":0}}
[node_08] spawned task b6919268
{"ts":"2026-06-23T08:36:37.598094Z","ts_unix":1782203797598100,"event":"TASK_ACCEPT","node":"node_08","addr":"node_08:8001","seq":296,"fields":{"hops":0,"load":0.15,"phi":0.22248536289726606,"potential":2.0155376209282876,"queue":0,"task":"b6919268-fe9c-7289-ded0-9db32169f038"}}
{"ts":"2026-06-23T08:36:37.760246Z","ts_unix":1782203797760256,"event":"TASK_COMPLETE","node":"node_08","addr":"node_08:8001","seq":297,"fields":{"latency_ms":160,"task":"b6919268-fe9c-7289-ded0-9db32169f038"}}
{"ts":"2026-06-23T08:36:37.797698Z","ts_unix":1782203797797701,"event":"STATE_SYNC","node":"node_08","addr":"node_08:8001","seq":298,"fields":{"comp":9,"load":0,"mem":11,"neighbors":2,"net":3,"peers":2,"queue":0}}
{"ts":"2026-06-23T08:36:37.797968Z","ts_unix":1782203797797969,"event":"POTENTIAL","node":"node_08","addr":"node_08:8001","seq":299,"fields":{"peers":[{"addr":"node_05:8001","trust":1,"load":0,"queue":0,"comp":10,"mem":10,"net":5,"potential":1.7976931348623157e+308,"phi_self":0.1622641278370785,"age_ms":181},{"addr":"node_07:8001","trust":1,"load":0,"queue":0,"comp":5,"mem":8,"net":12,"potential":1.7976931348623157e+308,"phi_self":0.6473445607799742,"age_ms":69}],"self_comp":9,"self_load":0,"self_mem":11,"self_net":3,"self_phi":0,"self_potential":1,"self_queue":0}}
[node_08] spawned task 538dc343
{"ts":"2026-06-23T08:36:38.248388Z","ts_unix":1782203798248393,"event":"TASK_ACCEPT","node":"node_08","addr":"node_08:8001","seq":300,"fields":{"hops":0,"load":0.15,"phi":0.22248536289726606,"potential":2.0155376209282876,"queue":0,"task":"538dc343-2196-2c1f-53c2-b5931e4ee12b"}}
{"ts":"2026-06-23T08:36:38.300205Z","ts_unix":1782203798300211,"event":"STATE_SYNC","node":"node_08","addr":"node_08:8001","seq":301,"fields":{"comp":6.5,"load":0.15,"mem":9,"neighbors":2,"net":2,"peers":2,"queue":0}}
{"ts":"2026-06-23T08:36:38.300265Z","ts_unix":1782203798300266,"event":"POTENTIAL","node":"node_08","addr":"node_08:8001","seq":302,"fields":{"peers":[{"addr":"node_05:8001","trust":1,"load":0,"queue":0,"comp":10,"mem":10,"net":5,"potential":1.7976931348623157e+308,"phi_self":0.1622641278370785,"age_ms":183},{"addr":"node_07:8001","trust":1,"load":0.15,"queue":0,"comp":3.5,"mem":5.5,"net":10.5,"potential":1.7976931348623157e+308,"phi_self":0.7257907476246176,"age_ms":67}],"self_comp":6.5,"self_load":0.15,"self_mem":9,"self_net":2,"self_phi":0.06615288822231989,"self_potential":1.7976931348623157e+308,"self_queue":0}}
{"ts":"2026-06-23T08:36:38.409207Z","ts_unix":1782203798409213,"event":"TASK_COMPLETE","node":"node_08","addr":"node_08:8001","seq":303,"fields":{"latency_ms":160,"task":"538dc343-2196-2c1f-53c2-b5931e4ee12b"}}
{"ts":"2026-06-23T08:36:38.798586Z","ts_unix":1782203798798595,"event":"STATE_SYNC","node":"node_08","addr":"node_08:8001","seq":304,"fields":{"comp":9,"load":0,"mem":11,"neighbors":2,"net":3,"peers":2,"queue":0}}
{"ts":"2026-06-23T08:36:38.798654Z","ts_unix":1782203798798655,"event":"POTENTIAL","node":"node_08","addr":"node_08:8001","seq":305,"fields":{"peers":[{"addr":"node_05:8001","trust":1,"load":0.15,"queue":0,"comp":7,"mem":9,"net":2,"potential":1.7976931348623157e+308,"phi_self":0.04205245699288487,"age_ms":182},{"addr":"node_07:8001","trust":1,"load":0,"queue":0,"comp":5,"mem":8,"net":12,"potential":1.7976931348623157e+308,"phi_self":0.6473445607799742,"age_ms":70}],"self_comp":9,"self_load":0,"self_mem":11,"self_net":3,"self_phi":0,"self_potential":1,"self_queue":0}}
[node_08] spawned task fc300ff3
{"ts":"2026-06-23T08:36:38.898075Z","ts_unix":1782203798898079,"event":"TASK_ACCEPT","node":"node_08","addr":"node_08:8001","seq":306,"fields":{"hops":0,"load":0.15,"phi":0.22248536289726606,"potential":2.0155376209282876,"queue":0,"task":"fc300ff3-2012-ceb5-90d4-b4e119063117"}}
{"ts":"2026-06-23T08:36:39.059347Z","ts_unix":1782203799059350,"event":"TASK_COMPLETE","node":"node_08","addr":"node_08:8001","seq":307,"fields":{"latency_ms":160,"task":"fc300ff3-2012-ceb5-90d4-b4e119063117"}}
{"ts":"2026-06-23T08:36:39.300871Z","ts_unix":1782203799300876,"event":"STATE_SYNC","node":"node_08","addr":"node_08:8001","seq":308,"fields":{"comp":9,"load":0,"mem":11,"neighbors":2,"net":3,"peers":2,"queue":0}}
{"ts":"2026-06-23T08:36:39.300931Z","ts_unix":1782203799300932,"event":"POTENTIAL","node":"node_08","addr":"node_08:8001","seq":309,"fields":{"peers":[{"addr":"node_05:8001","trust":1,"load":0,"queue":0,"comp":10,"mem":10,"net":5,"potential":1.7976931348623157e+308,"phi_self":0.1622641278370785,"age_ms":184},{"addr":"node_07:8001","trust":1,"load":0,"queue":0,"comp":5,"mem":8,"net":12,"potential":1.7976931348623157e+308,"phi_self":0.6473445607799742,"age_ms":72}],"self_comp":9,"self_load":0,"self_mem":11,"self_net":3,"self_phi":0,"self_potential":1,"self_queue":0}}
[node_08] spawned task 4da009fa
{"ts":"2026-06-23T08:36:39.552011Z","ts_unix":1782203799552018,"event":"TASK_ACCEPT","node":"node_08","addr":"node_08:8001","seq":310,"fields":{"hops":0,"load":0.15,"phi":0.22248536289726606,"potential":2.0155376209282876,"queue":0,"task":"4da009fa-f125-4dce-f27e-319d33df037b"}}
{"ts":"2026-06-23T08:36:39.715211Z","ts_unix":1782203799715215,"event":"TASK_COMPLETE","node":"node_08","addr":"node_08:8001","seq":311,"fields":{"latency_ms":160,"task":"4da009fa-f125-4dce-f27e-319d33df037b"}}
{"ts":"2026-06-23T08:36:39.796683Z","ts_unix":1782203799796685,"event":"STATE_SYNC","node":"node_08","addr":"node_08:8001","seq":312,"fields":{"comp":9,"load":0,"mem":11,"neighbors":2,"net":3,"peers":2,"queue":0}}
{"ts":"2026-06-23T08:36:39.796742Z","ts_unix":1782203799796743,"event":"POTENTIAL","node":"node_08","addr":"node_08:8001","seq":313,"fields":{"peers":[{"addr":"node_05:8001","trust":1,"load":0,"queue":0,"comp":10,"mem":10,"net":5,"potential":1.7976931348623157e+308,"phi_self":0.1622641278370785,"age_ms":180},{"addr":"node_07:8001","trust":1,"load":0.15,"queue":0,"comp":3.5,"mem":5.5,"net":10.5,"potential":1.7976931348623157e+308,"phi_self":0.7257907476246176,"age_ms":69}],"self_comp":9,"self_load":0,"self_mem":11,"self_net":3,"self_phi":0,"self_potential":1,"self_queue":0}}
[node_08] spawned task c7050d27
{"ts":"2026-06-23T08:36:40.197646Z","ts_unix":1782203800197649,"event":"TASK_ACCEPT","node":"node_08","addr":"node_08:8001","seq":314,"fields":{"hops":0,"load":0.15,"phi":0.22248536289726606,"potential":2.0155376209282876,"queue":0,"task":"c7050d27-8aa5-91e9-ad9a-ee03d83ebcf5"}}
{"ts":"2026-06-23T08:36:40.297748Z","ts_unix":1782203800297756,"event":"STATE_SYNC","node":"node_08","addr":"node_08:8001","seq":315,"fields":{"comp":6.5,"load":0.15,"mem":9,"neighbors":2,"net":2,"peers":2,"queue":0}}
{"ts":"2026-06-23T08:36:40.297840Z","ts_unix":1782203800297841,"event":"POTENTIAL","node":"node_08","addr":"node_08:8001","seq":316,"fields":{"peers":[{"addr":"node_05:8001","trust":1,"load":0,"queue":0,"comp":10,"mem":10,"net":5,"potential":1.7976931348623157e+308,"phi_self":0.1622641278370785,"age_ms":181},{"addr":"node_07:8001","trust":1,"load":0,"queue":0,"comp":5,"mem":8,"net":12,"potential":1.7976931348623157e+308,"phi_self":0.6473445607799742,"age_ms":68}],"self_comp":6.5,"self_load":0.15,"self_mem":9,"self_net":2,"self_phi":0.06615288822231989,"self_potential":1.7976931348623157e+308,"self_queue":0}}
{"ts":"2026-06-23T08:36:40.363424Z","ts_unix":1782203800363429,"event":"TASK_COMPLETE","node":"node_08","addr":"node_08:8001","seq":317,"fields":{"latency_ms":160,"task":"c7050d27-8aa5-91e9-ad9a-ee03d83ebcf5"}}
{"ts":"2026-06-23T08:36:40.796653Z","ts_unix":1782203800796656,"event":"STATE_SYNC","node":"node_08","addr":"node_08:8001","seq":318,"fields":{"comp":9,"load":0,"mem":11,"neighbors":2,"net":3,"peers":2,"queue":0}}
{"ts":"2026-06-23T08:36:40.796709Z","ts_unix":1782203800796710,"event":"POTENTIAL","node":"node_08","addr":"node_08:8001","seq":319,"fields":{"peers":[{"addr":"node_05:8001","trust":1,"load":0,"queue":0,"comp":10,"mem":10,"net":5,"potential":1.7976931348623157e+308,"phi_self":0.1622641278370785,"age_ms":180},{"addr":"node_07:8001","trust":1,"load":0,"queue":0,"comp":5,"mem":8,"net":12,"potential":1.7976931348623157e+308,"phi_self":0.6473445607799742,"age_ms":68}],"self_comp":9,"self_load":0,"self_mem":11,"self_net":3,"self_phi":0,"self_potential":1,"self_queue":0}}
[node_08] spawned task e38d7a37
{"ts":"2026-06-23T08:36:40.851754Z","ts_unix":1782203800851762,"event":"TASK_ACCEPT","node":"node_08","addr":"node_08:8001","seq":320,"fields":{"hops":0,"load":0.15,"phi":0.22248536289726606,"potential":2.0155376209282876,"queue":0,"task":"e38d7a37-4c94-74c4-c548-750cb8c21e1d"}}
{"ts":"2026-06-23T08:36:41.013809Z","ts_unix":1782203801013815,"event":"TASK_COMPLETE","node":"node_08","addr":"node_08:8001","seq":321,"fields":{"latency_ms":160,"task":"e38d7a37-4c94-74c4-c548-750cb8c21e1d"}}
{"ts":"2026-06-23T08:36:41.301457Z","ts_unix":1782203801301465,"event":"STATE_SYNC","node":"node_08","addr":"node_08:8001","seq":322,"fields":{"comp":9,"load":0,"mem":11,"neighbors":2,"net":3,"peers":2,"queue":0}}
{"ts":"2026-06-23T08:36:41.301536Z","ts_unix":1782203801301555,"event":"POTENTIAL","node":"node_08","addr":"node_08:8001","seq":323,"fields":{"peers":[{"addr":"node_05:8001","trust":1,"load":0,"queue":0,"comp":10,"mem":10,"net":5,"potential":1.7976931348623157e+308,"phi_self":0.1622641278370785,"age_ms":183},{"addr":"node_07:8001","trust":1,"load":0,"queue":0,"comp":5,"mem":8,"net":12,"potential":1.7976931348623157e+308,"phi_self":0.6473445607799742,"age_ms":72}],"self_comp":9,"self_load":0,"self_mem":11,"self_net":3,"self_phi":0,"self_potential":1,"self_queue":0}}
[node_08] spawned task 90f3db8d
{"ts":"2026-06-23T08:36:41.497107Z","ts_unix":1782203801497109,"event":"TASK_ACCEPT","node":"node_08","addr":"node_08:8001","seq":324,"fields":{"hops":0,"load":0.15,"phi":0.22248536289726606,"potential":2.0155376209282876,"queue":0,"task":"90f3db8d-775d-6fc9-70d1-fa8d73f0467c"}}
{"ts":"2026-06-23T08:36:41.658495Z","ts_unix":1782203801658502,"event":"TASK_COMPLETE","node":"node_08","addr":"node_08:8001","seq":325,"fields":{"latency_ms":160,"task":"90f3db8d-775d-6fc9-70d1-fa8d73f0467c"}}
{"ts":"2026-06-23T08:36:41.797162Z","ts_unix":1782203801797172,"event":"STATE_SYNC","node":"node_08","addr":"node_08:8001","seq":326,"fields":{"comp":9,"load":0,"mem":11,"neighbors":2,"net":3,"peers":2,"queue":0}}
{"ts":"2026-06-23T08:36:41.797242Z","ts_unix":1782203801797243,"event":"POTENTIAL","node":"node_08","addr":"node_08:8001","seq":327,"fields":{"peers":[{"addr":"node_05:8001","trust":1,"load":0,"queue":0,"comp":10,"mem":10,"net":5,"potential":1.7976931348623157e+308,"phi_self":0.1622641278370785,"age_ms":180},{"addr":"node_07:8001","trust":1,"load":0,"queue":0,"comp":5,"mem":8,"net":12,"potential":1.7976931348623157e+308,"phi_self":0.6473445607799742,"age_ms":69}],"self_comp":9,"self_load":0,"self_mem":11,"self_net":3,"self_phi":0,"self_potential":1,"self_queue":0}}
[node_08] spawned task feb021ea
{"ts":"2026-06-23T08:36:42.149983Z","ts_unix":1782203802149988,"event":"TASK_ACCEPT","node":"node_08","addr":"node_08:8001","seq":328,"fields":{"hops":0,"load":0.15,"phi":0.22248536289726606,"potential":2.0155376209282876,"queue":0,"task":"feb021ea-4619-af0d-8deb-2b66ac7c99b7"}}
{"ts":"2026-06-23T08:36:42.296586Z","ts_unix":1782203802296590,"event":"STATE_SYNC","node":"node_08","addr":"node_08:8001","seq":329,"fields":{"comp":6.5,"load":0.15,"mem":9,"neighbors":2,"net":2,"peers":2,"queue":0}}
{"ts":"2026-06-23T08:36:42.296630Z","ts_unix":1782203802296631,"event":"POTENTIAL","node":"node_08","addr":"node_08:8001","seq":330,"fields":{"peers":[{"addr":"node_05:8001","trust":1,"load":0.15,"queue":0,"comp":7,"mem":9,"net":2,"potential":1.7976931348623157e+308,"phi_self":0.04205245699288487,"age_ms":180},{"addr":"node_07:8001","trust":1,"load":0.15,"queue":0,"comp":3.5,"mem":5.5,"net":10.5,"potential":1.7976931348623157e+308,"phi_self":0.7257907476246176,"age_ms":68}],"self_comp":6.5,"self_load":0.15,"self_mem":9,"self_net":2,"self_phi":0.06615288822231989,"self_potential":1.7976931348623157e+308,"self_queue":0}}
{"ts":"2026-06-23T08:36:42.311876Z","ts_unix":1782203802311881,"event":"TASK_COMPLETE","node":"node_08","addr":"node_08:8001","seq":331,"fields":{"latency_ms":160,"task":"feb021ea-4619-af0d-8deb-2b66ac7c99b7"}}
[node_08] spawned task fd98c9c0
{"ts":"2026-06-23T08:36:42.797211Z","ts_unix":1782203802797217,"event":"TASK_ACCEPT","node":"node_08","addr":"node_08:8001","seq":332,"fields":{"hops":0,"load":0.15,"phi":0.22248536289726606,"potential":2.0155376209282876,"queue":0,"task":"fd98c9c0-6500-f078-3076-d83bca2c6201"}}
{"ts":"2026-06-23T08:36:42.797233Z","ts_unix":1782203802797235,"event":"STATE_SYNC","node":"node_08","addr":"node_08:8001","seq":333,"fields":{"comp":6.5,"load":0.15,"mem":9,"neighbors":2,"net":2,"peers":2,"queue":0}}
{"ts":"2026-06-23T08:36:42.797278Z","ts_unix":1782203802797280,"event":"POTENTIAL","node":"node_08","addr":"node_08:8001","seq":334,"fields":{"peers":[{"addr":"node_05:8001","trust":1,"load":0,"queue":0,"comp":10,"mem":10,"net":5,"potential":1.7976931348623157e+308,"phi_self":0.1622641278370785,"age_ms":180},{"addr":"node_07:8001","trust":1,"load":0,"queue":0,"comp":5,"mem":8,"net":12,"potential":1.7976931348623157e+308,"phi_self":0.6473445607799742,"age_ms":67}],"self_comp":6.5,"self_load":0.15,"self_mem":9,"self_net":2,"self_phi":0.06615288822231989,"self_potential":1.7976931348623157e+308,"self_queue":0}}
{"ts":"2026-06-23T08:36:42.961842Z","ts_unix":1782203802961847,"event":"TASK_COMPLETE","node":"node_08","addr":"node_08:8001","seq":335,"fields":{"latency_ms":160,"task":"fd98c9c0-6500-f078-3076-d83bca2c6201"}}
{"ts":"2026-06-23T08:36:43.300113Z","ts_unix":1782203803300117,"event":"STATE_SYNC","node":"node_08","addr":"node_08:8001","seq":336,"fields":{"comp":9,"load":0,"mem":11,"neighbors":2,"net":3,"peers":2,"queue":0}}
{"ts":"2026-06-23T08:36:43.300213Z","ts_unix":1782203803300215,"event":"POTENTIAL","node":"node_08","addr":"node_08:8001","seq":337,"fields":{"peers":[{"addr":"node_05:8001","trust":1,"load":0,"queue":0,"comp":10,"mem":10,"net":5,"potential":1.7976931348623157e+308,"phi_self":0.1622641278370785,"age_ms":183},{"addr":"node_07:8001","trust":1,"load":0,"queue":0,"comp":5,"mem":8,"net":12,"potential":1.7976931348623157e+308,"phi_self":0.6473445607799742,"age_ms":72}],"self_comp":9,"self_load":0,"self_mem":11,"self_net":3,"self_phi":0,"self_potential":1,"self_queue":0}}
[node_08] spawned task 92ee40a9
{"ts":"2026-06-23T08:36:43.448788Z","ts_unix":1782203803448796,"event":"TASK_ACCEPT","node":"node_08","addr":"node_08:8001","seq":338,"fields":{"hops":0,"load":0.15,"phi":0.22248536289726606,"potential":2.0155376209282876,"queue":0,"task":"92ee40a9-d6e0-e757-da99-6ef0b76f83af"}}
{"ts":"2026-06-23T08:36:43.609738Z","ts_unix":1782203803609741,"event":"TASK_COMPLETE","node":"node_08","addr":"node_08:8001","seq":339,"fields":{"latency_ms":160,"task":"92ee40a9-d6e0-e757-da99-6ef0b76f83af"}}
{"ts":"2026-06-23T08:36:43.796646Z","ts_unix":1782203803796649,"event":"STATE_SYNC","node":"node_08","addr":"node_08:8001","seq":340,"fields":{"comp":9,"load":0,"mem":11,"neighbors":2,"net":3,"peers":2,"queue":0}}
{"ts":"2026-06-23T08:36:43.796696Z","ts_unix":1782203803796697,"event":"POTENTIAL","node":"node_08","addr":"node_08:8001","seq":341,"fields":{"peers":[{"addr":"node_05:8001","trust":1,"load":0,"queue":0,"comp":10,"mem":10,"net":5,"potential":1.7976931348623157e+308,"phi_self":0.1622641278370785,"age_ms":179},{"addr":"node_07:8001","trust":1,"load":0.15,"queue":0,"comp":3.5,"mem":5.5,"net":10.5,"potential":1.7976931348623157e+308,"phi_self":0.7257907476246176,"age_ms":68}],"self_comp":9,"self_load":0,"self_mem":11,"self_net":3,"self_phi":0,"self_potential":1,"self_queue":0}}
[node_08] spawned task 47aee8b4
{"ts":"2026-06-23T08:36:44.100422Z","ts_unix":1782203804100425,"event":"TASK_ACCEPT","node":"node_08","addr":"node_08:8001","seq":342,"fields":{"hops":0,"load":0.15,"phi":0.22248536289726606,"potential":2.0155376209282876,"queue":0,"task":"47aee8b4-7aac-c5b9-3fe4-577e83ef2ede"}}
{"ts":"2026-06-23T08:36:44.261288Z","ts_unix":1782203804261291,"event":"TASK_COMPLETE","node":"node_08","addr":"node_08:8001","seq":343,"fields":{"latency_ms":160,"task":"47aee8b4-7aac-c5b9-3fe4-577e83ef2ede"}}
{"ts":"2026-06-23T08:36:44.299901Z","ts_unix":1782203804299905,"event":"STATE_SYNC","node":"node_08","addr":"node_08:8001","seq":344,"fields":{"comp":9,"load":0,"mem":11,"neighbors":2,"net":3,"peers":2,"queue":0}}
{"ts":"2026-06-23T08:36:44.299942Z","ts_unix":1782203804299943,"event":"POTENTIAL","node":"node_08","addr":"node_08:8001","seq":345,"fields":{"peers":[{"addr":"node_05:8001","trust":1,"load":0.15,"queue":0,"comp":7,"mem":9,"net":2,"potential":1.7976931348623157e+308,"phi_self":0.04205245699288487,"age_ms":182},{"addr":"node_07:8001","trust":1,"load":0,"queue":0,"comp":5,"mem":8,"net":12,"potential":1.7976931348623157e+308,"phi_self":0.6473445607799742,"age_ms":71}],"self_comp":9,"self_load":0,"self_mem":11,"self_net":3,"self_phi":0,"self_potential":1,"self_queue":0}}
[node_08] spawned task 2aedbfb3
{"ts":"2026-06-23T08:36:44.748776Z","ts_unix":1782203804748779,"event":"TASK_ACCEPT","node":"node_08","addr":"node_08:8001","seq":346,"fields":{"hops":0,"load":0.15,"phi":0.22248536289726606,"potential":2.0155376209282876,"queue":0,"task":"2aedbfb3-048a-25d1-0a10-58c91b32c858"}}
{"ts":"2026-06-23T08:36:44.796636Z","ts_unix":1782203804796641,"event":"STATE_SYNC","node":"node_08","addr":"node_08:8001","seq":347,"fields":{"comp":6.5,"load":0.15,"mem":9,"neighbors":2,"net":2,"peers":2,"queue":0}}
{"ts":"2026-06-23T08:36:44.796688Z","ts_unix":1782203804796689,"event":"POTENTIAL","node":"node_08","addr":"node_08:8001","seq":348,"fields":{"peers":[{"addr":"node_05:8001","trust":1,"load":0,"queue":0,"comp":10,"mem":10,"net":5,"potential":1.7976931348623157e+308,"phi_self":0.1622641278370785,"age_ms":180},{"addr":"node_07:8001","trust":1,"load":0,"queue":0,"comp":5,"mem":8,"net":12,"potential":1.7976931348623157e+308,"phi_self":0.6473445607799742,"age_ms":69}],"self_comp":6.5,"self_load":0.15,"self_mem":9,"self_net":2,"self_phi":0.06615288822231989,"self_potential":1.7976931348623157e+308,"self_queue":0}}
{"ts":"2026-06-23T08:36:44.912319Z","ts_unix":1782203804912326,"event":"TASK_COMPLETE","node":"node_08","addr":"node_08:8001","seq":349,"fields":{"latency_ms":160,"task":"2aedbfb3-048a-25d1-0a10-58c91b32c858"}}
{"ts":"2026-06-23T08:36:45.297474Z","ts_unix":1782203805297479,"event":"STATE_SYNC","node":"node_08","addr":"node_08:8001","seq":350,"fields":{"comp":9,"load":0,"mem":11,"neighbors":2,"net":3,"peers":2,"queue":0}}
{"ts":"2026-06-23T08:36:45.297533Z","ts_unix":1782203805297535,"event":"POTENTIAL","node":"node_08","addr":"node_08:8001","seq":351,"fields":{"peers":[{"addr":"node_05:8001","trust":1,"load":0,"queue":0,"comp":10,"mem":10,"net":5,"potential":1.7976931348623157e+308,"phi_self":0.1622641278370785,"age_ms":175},{"addr":"node_07:8001","trust":1,"load":0,"queue":0,"comp":5,"mem":8,"net":12,"potential":1.7976931348623157e+308,"phi_self":0.6473445607799742,"age_ms":69}],"self_comp":9,"self_load":0,"self_mem":11,"self_net":3,"self_phi":0,"self_potential":1,"self_queue":0}}
[node_08] spawned task 0018994a
{"ts":"2026-06-23T08:36:45.397991Z","ts_unix":1782203805397998,"event":"TASK_ACCEPT","node":"node_08","addr":"node_08:8001","seq":352,"fields":{"hops":0,"load":0.15,"phi":0.22248536289726606,"potential":2.0155376209282876,"queue":0,"task":"0018994a-82b0-45cb-1367-7c102cd4fcd9"}}
{"ts":"2026-06-23T08:36:45.563344Z","ts_unix":1782203805563347,"event":"TASK_COMPLETE","node":"node_08","addr":"node_08:8001","seq":353,"fields":{"latency_ms":160,"task":"0018994a-82b0-45cb-1367-7c102cd4fcd9"}}
{"ts":"2026-06-23T08:36:45.796803Z","ts_unix":1782203805796808,"event":"STATE_SYNC","node":"node_08","addr":"node_08:8001","seq":354,"fields":{"comp":9,"load":0,"mem":11,"neighbors":2,"net":3,"peers":2,"queue":0}}
{"ts":"2026-06-23T08:36:45.796870Z","ts_unix":1782203805796871,"event":"POTENTIAL","node":"node_08","addr":"node_08:8001","seq":355,"fields":{"peers":[{"addr":"node_05:8001","trust":1,"load":0,"queue":0,"comp":10,"mem":10,"net":5,"potential":1.7976931348623157e+308,"phi_self":0.1622641278370785,"age_ms":180},{"addr":"node_07:8001","trust":1,"load":0,"queue":0,"comp":5,"mem":8,"net":12,"potential":1.7976931348623157e+308,"phi_self":0.6473445607799742,"age_ms":69}],"self_comp":9,"self_load":0,"self_mem":11,"self_net":3,"self_phi":0,"self_potential":1,"self_queue":0}}
[node_08] spawned task dcab0c58
{"ts":"2026-06-23T08:36:46.049179Z","ts_unix":1782203806049183,"event":"TASK_ACCEPT","node":"node_08","addr":"node_08:8001","seq":356,"fields":{"hops":0,"load":0.15,"phi":0.22248536289726606,"potential":2.0155376209282876,"queue":0,"task":"dcab0c58-7d6a-fd14-a39c-3aebff70049d"}}
{"ts":"2026-06-23T08:36:46.215262Z","ts_unix":1782203806215268,"event":"TASK_COMPLETE","node":"node_08","addr":"node_08:8001","seq":357,"fields":{"latency_ms":160,"task":"dcab0c58-7d6a-fd14-a39c-3aebff70049d"}}
{"ts":"2026-06-23T08:36:46.300871Z","ts_unix":1782203806300875,"event":"STATE_SYNC","node":"node_08","addr":"node_08:8001","seq":358,"fields":{"comp":9,"load":0,"mem":11,"neighbors":2,"net":3,"peers":2,"queue":0}}
{"ts":"2026-06-23T08:36:46.300911Z","ts_unix":1782203806300912,"event":"POTENTIAL","node":"node_08","addr":"node_08:8001","seq":359,"fields":{"peers":[{"addr":"node_05:8001","trust":1,"load":0,"queue":0,"comp":10,"mem":10,"net":5,"potential":1.7976931348623157e+308,"phi_self":0.1622641278370785,"age_ms":183},{"addr":"node_07:8001","trust":1,"load":0.15,"queue":0,"comp":3.5,"mem":5.5,"net":10.5,"potential":1.7976931348623157e+308,"phi_self":0.7257907476246176,"age_ms":70}],"self_comp":9,"self_load":0,"self_mem":11,"self_net":3,"self_phi":0,"self_potential":1,"self_queue":0}}
[node_08] spawned task 11827b48
{"ts":"2026-06-23T08:36:46.703078Z","ts_unix":1782203806703082,"event":"TASK_ACCEPT","node":"node_08","addr":"node_08:8001","seq":360,"fields":{"hops":0,"load":0.15,"phi":0.22248536289726606,"potential":2.0155376209282876,"queue":0,"task":"11827b48-db86-532d-3296-94794147eae8"}}
{"ts":"2026-06-23T08:36:46.796779Z","ts_unix":1782203806796783,"event":"STATE_SYNC","node":"node_08","addr":"node_08:8001","seq":361,"fields":{"comp":6.5,"load":0.15,"mem":9,"neighbors":2,"net":2,"peers":2,"queue":0}}
{"ts":"2026-06-23T08:36:46.796845Z","ts_unix":1782203806796846,"event":"POTENTIAL","node":"node_08","addr":"node_08:8001","seq":362,"fields":{"peers":[{"addr":"node_05:8001","trust":1,"load":0,"queue":0,"comp":10,"mem":10,"net":5,"potential":1.7976931348623157e+308,"phi_self":0.1622641278370785,"age_ms":178},{"addr":"node_07:8001","trust":1,"load":0,"queue":0,"comp":5,"mem":8,"net":12,"potential":1.7976931348623157e+308,"phi_self":0.6473445607799742,"age_ms":68}],"self_comp":6.5,"self_load":0.15,"self_mem":9,"self_net":2,"self_phi":0.06615288822231989,"self_potential":1.7976931348623157e+308,"self_queue":0}}
{"ts":"2026-06-23T08:36:46.864595Z","ts_unix":1782203806864601,"event":"TASK_COMPLETE","node":"node_08","addr":"node_08:8001","seq":363,"fields":{"latency_ms":160,"task":"11827b48-db86-532d-3296-94794147eae8"}}
{"ts":"2026-06-23T08:36:47.298594Z","ts_unix":1782203807298599,"event":"STATE_SYNC","node":"node_08","addr":"node_08:8001","seq":364,"fields":{"comp":9,"load":0,"mem":11,"neighbors":2,"net":3,"peers":2,"queue":0}}
{"ts":"2026-06-23T08:36:47.298643Z","ts_unix":1782203807298644,"event":"POTENTIAL","node":"node_08","addr":"node_08:8001","seq":365,"fields":{"peers":[{"addr":"node_05:8001","trust":1,"load":0,"queue":0,"comp":10,"mem":10,"net":5,"potential":1.7976931348623157e+308,"phi_self":0.1622641278370785,"age_ms":179},{"addr":"node_07:8001","trust":1,"load":0,"queue":0,"comp":5,"mem":8,"net":12,"potential":1.7976931348623157e+308,"phi_self":0.6473445607799742,"age_ms":69}],"self_comp":9,"self_load":0,"self_mem":11,"self_net":3,"self_phi":0,"self_potential":1,"self_queue":0}}
[node_08] spawned task 79b22fb9
{"ts":"2026-06-23T08:36:47.347614Z","ts_unix":1782203807347623,"event":"TASK_ACCEPT","node":"node_08","addr":"node_08:8001","seq":366,"fields":{"hops":0,"load":0.15,"phi":0.22248536289726606,"potential":2.0155376209282876,"queue":0,"task":"79b22fb9-102c-75e6-7711-93b165905bac"}}
{"ts":"2026-06-23T08:36:47.509516Z","ts_unix":1782203807509523,"event":"TASK_COMPLETE","node":"node_08","addr":"node_08:8001","seq":367,"fields":{"latency_ms":160,"task":"79b22fb9-102c-75e6-7711-93b165905bac"}}
{"ts":"2026-06-23T08:36:47.796828Z","ts_unix":1782203807796835,"event":"STATE_SYNC","node":"node_08","addr":"node_08:8001","seq":368,"fields":{"comp":9,"load":0,"mem":11,"neighbors":2,"net":3,"peers":2,"queue":0}}
{"ts":"2026-06-23T08:36:47.796891Z","ts_unix":1782203807796892,"event":"POTENTIAL","node":"node_08","addr":"node_08:8001","seq":369,"fields":{"peers":[{"addr":"node_05:8001","trust":1,"load":0.15,"queue":0,"comp":7,"mem":9,"net":2,"potential":1.7976931348623157e+308,"phi_self":0.04205245699288487,"age_ms":179},{"addr":"node_07:8001","trust":1,"load":0.15,"queue":0,"comp":3.5,"mem":5.5,"net":10.5,"potential":1.7976931348623157e+308,"phi_self":0.7257907476246176,"age_ms":68}],"self_comp":9,"self_load":0,"self_mem":11,"self_net":3,"self_phi":0,"self_potential":1,"self_queue":0}}
[node_08] spawned task fd404404
{"ts":"2026-06-23T08:36:48.001078Z","ts_unix":1782203808001082,"event":"TASK_ACCEPT","node":"node_08","addr":"node_08:8001","seq":370,"fields":{"hops":0,"load":0.15,"phi":0.22248536289726606,"potential":2.0155376209282876,"queue":0,"task":"fd404404-21f8-b93b-1ad5-0c8462672c92"}}
{"ts":"2026-06-23T08:36:48.166047Z","ts_unix":1782203808166051,"event":"TASK_COMPLETE","node":"node_08","addr":"node_08:8001","seq":371,"fields":{"latency_ms":160,"task":"fd404404-21f8-b93b-1ad5-0c8462672c92"}}
{"ts":"2026-06-23T08:36:48.303968Z","ts_unix":1782203808303974,"event":"STATE_SYNC","node":"node_08","addr":"node_08:8001","seq":372,"fields":{"comp":9,"load":0,"mem":11,"neighbors":2,"net":3,"peers":2,"queue":0}}
{"ts":"2026-06-23T08:36:48.304037Z","ts_unix":1782203808304037,"event":"POTENTIAL","node":"node_08","addr":"node_08:8001","seq":373,"fields":{"peers":[{"addr":"node_05:8001","trust":1,"load":0,"queue":0,"comp":10,"mem":10,"net":5,"potential":1.7976931348623157e+308,"phi_self":0.1622641278370785,"age_ms":186},{"addr":"node_07:8001","trust":1,"load":0,"queue":0,"comp":5,"mem":8,"net":12,"potential":1.7976931348623157e+308,"phi_self":0.6473445607799742,"age_ms":75}],"self_comp":9,"self_load":0,"self_mem":11,"self_net":3,"self_phi":0,"self_potential":1,"self_queue":0}}
[node_08] spawned task 9fddd024
{"ts":"2026-06-23T08:36:48.649723Z","ts_unix":1782203808649726,"event":"TASK_ACCEPT","node":"node_08","addr":"node_08:8001","seq":374,"fields":{"hops":0,"load":0.15,"phi":0.22248536289726606,"potential":2.0155376209282876,"queue":0,"task":"9fddd024-355a-ffb0-ebcb-34da42c2f99d"}}
{"ts":"2026-06-23T08:36:48.799582Z","ts_unix":1782203808799586,"event":"STATE_SYNC","node":"node_08","addr":"node_08:8001","seq":375,"fields":{"comp":6.5,"load":0.15,"mem":9,"neighbors":2,"net":2,"peers":2,"queue":0}}
{"ts":"2026-06-23T08:36:48.799630Z","ts_unix":1782203808799630,"event":"POTENTIAL","node":"node_08","addr":"node_08:8001","seq":376,"fields":{"peers":[{"addr":"node_05:8001","trust":1,"load":0,"queue":0,"comp":10,"mem":10,"net":5,"potential":1.7976931348623157e+308,"phi_self":0.1622641278370785,"age_ms":179},{"addr":"node_07:8001","trust":1,"load":0,"queue":0,"comp":5,"mem":8,"net":12,"potential":1.7976931348623157e+308,"phi_self":0.6473445607799742,"age_ms":70}],"self_comp":6.5,"self_load":0.15,"self_mem":9,"self_net":2,"self_phi":0.06615288822231989,"self_potential":1.7976931348623157e+308,"self_queue":0}}
{"ts":"2026-06-23T08:36:48.812017Z","ts_unix":1782203808812021,"event":"TASK_COMPLETE","node":"node_08","addr":"node_08:8001","seq":377,"fields":{"latency_ms":160,"task":"9fddd024-355a-ffb0-ebcb-34da42c2f99d"}}
{"ts":"2026-06-23T08:36:49.302286Z","ts_unix":1782203809302293,"event":"STATE_SYNC","node":"node_08","addr":"node_08:8001","seq":378,"fields":{"comp":9,"load":0,"mem":11,"neighbors":2,"net":3,"peers":2,"queue":0}}
{"ts":"2026-06-23T08:36:49.302359Z","ts_unix":1782203809302360,"event":"POTENTIAL","node":"node_08","addr":"node_08:8001","seq":379,"fields":{"peers":[{"addr":"node_05:8001","trust":1,"load":0,"queue":0,"comp":10,"mem":10,"net":5,"potential":1.7976931348623157e+308,"phi_self":0.1622641278370785,"age_ms":186},{"addr":"node_07:8001","trust":1,"load":0,"queue":0,"comp":5,"mem":8,"net":12,"potential":1.7976931348623157e+308,"phi_self":0.6473445607799742,"age_ms":75}],"self_comp":9,"self_load":0,"self_mem":11,"self_net":3,"self_phi":0,"self_potential":1,"self_queue":0}}
[node_08] spawned task 39753366
{"ts":"2026-06-23T08:36:49.302413Z","ts_unix":1782203809302414,"event":"TASK_ACCEPT","node":"node_08","addr":"node_08:8001","seq":380,"fields":{"hops":0,"load":0.15,"phi":0.22248536289726606,"potential":2.0155376209282876,"queue":0,"task":"39753366-e397-9070-0761-340f0644444c"}}
{"ts":"2026-06-23T08:36:49.463708Z","ts_unix":1782203809463712,"event":"TASK_COMPLETE","node":"node_08","addr":"node_08:8001","seq":381,"fields":{"latency_ms":160,"task":"39753366-e397-9070-0761-340f0644444c"}}
{"ts":"2026-06-23T08:36:49.796558Z","ts_unix":1782203809796560,"event":"STATE_SYNC","node":"node_08","addr":"node_08:8001","seq":382,"fields":{"comp":9,"load":0,"mem":11,"neighbors":2,"net":3,"peers":2,"queue":0}}
{"ts":"2026-06-23T08:36:49.796586Z","ts_unix":1782203809796587,"event":"POTENTIAL","node":"node_08","addr":"node_08:8001","seq":383,"fields":{"peers":[{"addr":"node_05:8001","trust":1,"load":0,"queue":0,"comp":10,"mem":10,"net":5,"potential":1.7976931348623157e+308,"phi_self":0.1622641278370785,"age_ms":180},{"addr":"node_07:8001","trust":1,"load":0,"queue":0,"comp":5,"mem":8,"net":12,"potential":1.7976931348623157e+308,"phi_self":0.6473445607799742,"age_ms":69}],"self_comp":9,"self_load":0,"self_mem":11,"self_net":3,"self_phi":0,"self_potential":1,"self_queue":0}}
[node_08] spawned task dcd8db5f
{"ts":"2026-06-23T08:36:49.947783Z","ts_unix":1782203809947789,"event":"TASK_ACCEPT","node":"node_08","addr":"node_08:8001","seq":384,"fields":{"hops":0,"load":0.15,"phi":0.22248536289726606,"potential":2.0155376209282876,"queue":0,"task":"dcd8db5f-6a8a-6551-4b84-9b424e800132"}}
{"ts":"2026-06-23T08:36:50.109420Z","ts_unix":1782203810109429,"event":"TASK_COMPLETE","node":"node_08","addr":"node_08:8001","seq":385,"fields":{"latency_ms":160,"task":"dcd8db5f-6a8a-6551-4b84-9b424e800132"}}
{"ts":"2026-06-23T08:36:50.297866Z","ts_unix":1782203810297875,"event":"STATE_SYNC","node":"node_08","addr":"node_08:8001","seq":386,"fields":{"comp":9,"load":0,"mem":11,"neighbors":2,"net":3,"peers":2,"queue":0}}
{"ts":"2026-06-23T08:36:50.297953Z","ts_unix":1782203810297954,"event":"POTENTIAL","node":"node_08","addr":"node_08:8001","seq":387,"fields":{"peers":[{"addr":"node_05:8001","trust":1,"load":0,"queue":0,"comp":10,"mem":10,"net":5,"potential":1.7976931348623157e+308,"phi_self":0.1622641278370785,"age_ms":181},{"addr":"node_07:8001","trust":1,"load":0.15,"queue":0,"comp":3.5,"mem":5.5,"net":10.5,"potential":1.7976931348623157e+308,"phi_self":0.7257907476246176,"age_ms":65}],"self_comp":9,"self_load":0,"self_mem":11,"self_net":3,"self_phi":0,"self_potential":1,"self_queue":0}}
[node_08] spawned task fa1e12e9
{"ts":"2026-06-23T08:36:50.598423Z","ts_unix":1782203810598427,"event":"TASK_ACCEPT","node":"node_08","addr":"node_08:8001","seq":388,"fields":{"hops":0,"load":0.15,"phi":0.22248536289726606,"potential":2.0155376209282876,"queue":0,"task":"fa1e12e9-098b-dcbf-0e79-ac2f5a9d549d"}}
{"ts":"2026-06-23T08:36:50.761445Z","ts_unix":1782203810761451,"event":"TASK_COMPLETE","node":"node_08","addr":"node_08:8001","seq":389,"fields":{"latency_ms":160,"task":"fa1e12e9-098b-dcbf-0e79-ac2f5a9d549d"}}
{"ts":"2026-06-23T08:36:50.796856Z","ts_unix":1782203810796860,"event":"STATE_SYNC","node":"node_08","addr":"node_08:8001","seq":390,"fields":{"comp":9,"load":0,"mem":11,"neighbors":2,"net":3,"peers":2,"queue":0}}
{"ts":"2026-06-23T08:36:50.796933Z","ts_unix":1782203810796935,"event":"POTENTIAL","node":"node_08","addr":"node_08:8001","seq":391,"fields":{"peers":[{"addr":"node_05:8001","trust":1,"load":0,"queue":0,"comp":10,"mem":10,"net":5,"potential":1.7976931348623157e+308,"phi_self":0.1622641278370785,"age_ms":180},{"addr":"node_07:8001","trust":1,"load":0,"queue":0,"comp":5,"mem":8,"net":12,"potential":1.7976931348623157e+308,"phi_self":0.6473445607799742,"age_ms":66}],"self_comp":9,"self_load":0,"self_mem":11,"self_net":3,"self_phi":0,"self_potential":1,"self_queue":0}}
[node_08] spawned task c3f69f4a
{"ts":"2026-06-23T08:36:51.250833Z","ts_unix":1782203811250841,"event":"TASK_ACCEPT","node":"node_08","addr":"node_08:8001","seq":392,"fields":{"hops":0,"load":0.15,"phi":0.22248536289726606,"potential":2.0155376209282876,"queue":0,"task":"c3f69f4a-48ef-62ee-a2fe-c32c9cc97312"}}
{"ts":"2026-06-23T08:36:51.304479Z","ts_unix":1782203811304486,"event":"STATE_SYNC","node":"node_08","addr":"node_08:8001","seq":393,"fields":{"comp":6.5,"load":0.15,"mem":9,"neighbors":2,"net":2,"peers":2,"queue":0}}
{"ts":"2026-06-23T08:36:51.304584Z","ts_unix":1782203811304586,"event":"POTENTIAL","node":"node_08","addr":"node_08:8001","seq":394,"fields":{"peers":[{"addr":"node_05:8001","trust":1,"load":0.15,"queue":0,"comp":7,"mem":9,"net":2,"potential":1.7976931348623157e+308,"phi_self":0.04205245699288487,"age_ms":187},{"addr":"node_07:8001","trust":1,"load":0,"queue":0,"comp":5,"mem":8,"net":12,"potential":1.7976931348623157e+308,"phi_self":0.6473445607799742,"age_ms":75}],"self_comp":6.5,"self_load":0.15,"self_mem":9,"self_net":2,"self_phi":0.06615288822231989,"self_potential":1.7976931348623157e+308,"self_queue":0}}
{"ts":"2026-06-23T08:36:51.412600Z","ts_unix":1782203811412608,"event":"TASK_COMPLETE","node":"node_08","addr":"node_08:8001","seq":395,"fields":{"latency_ms":160,"task":"c3f69f4a-48ef-62ee-a2fe-c32c9cc97312"}}
{"ts":"2026-06-23T08:36:51.797745Z","ts_unix":1782203811797747,"event":"STATE_SYNC","node":"node_08","addr":"node_08:8001","seq":396,"fields":{"comp":9,"load":0,"mem":11,"neighbors":2,"net":3,"peers":2,"queue":0}}
{"ts":"2026-06-23T08:36:51.797782Z","ts_unix":1782203811797783,"event":"POTENTIAL","node":"node_08","addr":"node_08:8001","seq":397,"fields":{"peers":[{"addr":"node_05:8001","trust":1,"load":0,"queue":0,"comp":10,"mem":10,"net":5,"potential":1.7976931348623157e+308,"phi_self":0.1622641278370785,"age_ms":181},{"addr":"node_07:8001","trust":1,"load":0.15,"queue":0,"comp":3.5,"mem":5.5,"net":10.5,"potential":1.7976931348623157e+308,"phi_self":0.7257907476246176,"age_ms":70}],"self_comp":9,"self_load":0,"self_mem":11,"self_net":3,"self_phi":0,"self_potential":1,"self_queue":0}}
[node_08] spawned task 9e6b1b35
{"ts":"2026-06-23T08:36:51.901198Z","ts_unix":1782203811901203,"event":"TASK_ACCEPT","node":"node_08","addr":"node_08:8001","seq":398,"fields":{"hops":0,"load":0.15,"phi":0.22248536289726606,"potential":2.0155376209282876,"queue":0,"task":"9e6b1b35-e9e3-0291-d5eb-726039269472"}}
{"ts":"2026-06-23T08:36:52.062151Z","ts_unix":1782203812062155,"event":"TASK_COMPLETE","node":"node_08","addr":"node_08:8001","seq":399,"fields":{"latency_ms":160,"task":"9e6b1b35-e9e3-0291-d5eb-726039269472"}}
{"ts":"2026-06-23T08:36:52.302435Z","ts_unix":1782203812302441,"event":"STATE_SYNC","node":"node_08","addr":"node_08:8001","seq":400,"fields":{"comp":9,"load":0,"mem":11,"neighbors":2,"net":3,"peers":2,"queue":0}}
{"ts":"2026-06-23T08:36:52.302491Z","ts_unix":1782203812302492,"event":"POTENTIAL","node":"node_08","addr":"node_08:8001","seq":401,"fields":{"peers":[{"addr":"node_05:8001","trust":1,"load":0,"queue":0,"comp":10,"mem":10,"net":5,"potential":1.7976931348623157e+308,"phi_self":0.1622641278370785,"age_ms":183},{"addr":"node_07:8001","trust":1,"load":0,"queue":0,"comp":5,"mem":8,"net":12,"potential":1.7976931348623157e+308,"phi_self":0.6473445607799742,"age_ms":73}],"self_comp":9,"self_load":0,"self_mem":11,"self_net":3,"self_phi":0,"self_potential":1,"self_queue":0}}
[node_08] spawned task 31512de7
{"ts":"2026-06-23T08:36:52.552399Z","ts_unix":1782203812552403,"event":"TASK_ACCEPT","node":"node_08","addr":"node_08:8001","seq":402,"fields":{"hops":0,"load":0.15,"phi":0.22248536289726606,"potential":2.0155376209282876,"queue":0,"task":"31512de7-579b-495f-f97e-f726440cc9a1"}}
{"ts":"2026-06-23T08:36:52.715627Z","ts_unix":1782203812715633,"event":"TASK_COMPLETE","node":"node_08","addr":"node_08:8001","seq":403,"fields":{"latency_ms":160,"task":"31512de7-579b-495f-f97e-f726440cc9a1"}}
{"ts":"2026-06-23T08:36:52.797600Z","ts_unix":1782203812797605,"event":"STATE_SYNC","node":"node_08","addr":"node_08:8001","seq":404,"fields":{"comp":9,"load":0,"mem":11,"neighbors":2,"net":3,"peers":2,"queue":0}}
{"ts":"2026-06-23T08:36:52.797659Z","ts_unix":1782203812797660,"event":"POTENTIAL","node":"node_08","addr":"node_08:8001","seq":405,"fields":{"peers":[{"addr":"node_05:8001","trust":1,"load":0.15,"queue":0,"comp":7,"mem":9,"net":2,"potential":1.7976931348623157e+308,"phi_self":0.04205245699288487,"age_ms":178},{"addr":"node_07:8001","trust":1,"load":0,"queue":0,"comp":5,"mem":8,"net":12,"potential":1.7976931348623157e+308,"phi_self":0.6473445607799742,"age_ms":68}],"self_comp":9,"self_load":0,"self_mem":11,"self_net":3,"self_phi":0,"self_potential":1,"self_queue":0}}
[node_08] spawned task d48eec5e
{"ts":"2026-06-23T08:36:53.198926Z","ts_unix":1782203813198932,"event":"TASK_ACCEPT","node":"node_08","addr":"node_08:8001","seq":406,"fields":{"hops":0,"load":0.15,"phi":0.22248536289726606,"potential":2.0155376209282876,"queue":0,"task":"d48eec5e-e624-6748-8eaf-17e3585fd0d9"}}
{"ts":"2026-06-23T08:36:53.300840Z","ts_unix":1782203813300845,"event":"STATE_SYNC","node":"node_08","addr":"node_08:8001","seq":407,"fields":{"comp":6.5,"load":0.15,"mem":9,"neighbors":2,"net":2,"peers":2,"queue":0}}
{"ts":"2026-06-23T08:36:53.300892Z","ts_unix":1782203813300894,"event":"POTENTIAL","node":"node_08","addr":"node_08:8001","seq":408,"fields":{"peers":[{"addr":"node_05:8001","trust":1,"load":0,"queue":0,"comp":10,"mem":10,"net":5,"potential":1.7976931348623157e+308,"phi_self":0.1622641278370785,"age_ms":183},{"addr":"node_07:8001","trust":1,"load":0,"queue":0,"comp":5,"mem":8,"net":12,"potential":1.7976931348623157e+308,"phi_self":0.6473445607799742,"age_ms":73}],"self_comp":6.5,"self_load":0.15,"self_mem":9,"self_net":2,"self_phi":0.06615288822231989,"self_potential":1.7976931348623157e+308,"self_queue":0}}
{"ts":"2026-06-23T08:36:53.360146Z","ts_unix":1782203813360155,"event":"TASK_COMPLETE","node":"node_08","addr":"node_08:8001","seq":409,"fields":{"latency_ms":160,"task":"d48eec5e-e624-6748-8eaf-17e3585fd0d9"}}
{"ts":"2026-06-23T08:36:53.796570Z","ts_unix":1782203813796574,"event":"STATE_SYNC","node":"node_08","addr":"node_08:8001","seq":410,"fields":{"comp":9,"load":0,"mem":11,"neighbors":2,"net":3,"peers":2,"queue":0}}
{"ts":"2026-06-23T08:36:53.796674Z","ts_unix":1782203813796677,"event":"POTENTIAL","node":"node_08","addr":"node_08:8001","seq":411,"fields":{"peers":[{"addr":"node_05:8001","trust":1,"load":0,"queue":0,"comp":10,"mem":10,"net":5,"potential":1.7976931348623157e+308,"phi_self":0.1622641278370785,"age_ms":180},{"addr":"node_07:8001","trust":1,"load":0,"queue":0,"comp":5,"mem":8,"net":12,"potential":1.7976931348623157e+308,"phi_self":0.6473445607799742,"age_ms":67}],"self_comp":9,"self_load":0,"self_mem":11,"self_net":3,"self_phi":0,"self_potential":1,"self_queue":0}}
[node_08] spawned task 0bacd345
{"ts":"2026-06-23T08:36:53.848888Z","ts_unix":1782203813848892,"event":"TASK_ACCEPT","node":"node_08","addr":"node_08:8001","seq":412,"fields":{"hops":0,"load":0.15,"phi":0.22248536289726606,"potential":2.0155376209282876,"queue":0,"task":"0bacd345-a7e5-1f19-d009-32a031810658"}}
{"ts":"2026-06-23T08:36:54.010814Z","ts_unix":1782203814010825,"event":"TASK_COMPLETE","node":"node_08","addr":"node_08:8001","seq":413,"fields":{"latency_ms":160,"task":"0bacd345-a7e5-1f19-d009-32a031810658"}}
{"ts":"2026-06-23T08:36:54.296837Z","ts_unix":1782203814296839,"event":"STATE_SYNC","node":"node_08","addr":"node_08:8001","seq":414,"fields":{"comp":9,"load":0,"mem":11,"neighbors":2,"net":3,"peers":2,"queue":0}}
{"ts":"2026-06-23T08:36:54.296867Z","ts_unix":1782203814296867,"event":"POTENTIAL","node":"node_08","addr":"node_08:8001","seq":415,"fields":{"peers":[{"addr":"node_05:8001","trust":1,"load":0,"queue":0,"comp":10,"mem":10,"net":5,"potential":1.7976931348623157e+308,"phi_self":0.1622641278370785,"age_ms":179},{"addr":"node_07:8001","trust":1,"load":0.15,"queue":0,"comp":3.5,"mem":5.5,"net":10.5,"potential":1.7976931348623157e+308,"phi_self":0.7257907476246176,"age_ms":67}],"self_comp":9,"self_load":0,"self_mem":11,"self_net":3,"self_phi":0,"self_potential":1,"self_queue":0}}
[node_08] spawned task d268e00e
{"ts":"2026-06-23T08:36:54.497172Z","ts_unix":1782203814497176,"event":"TASK_ACCEPT","node":"node_08","addr":"node_08:8001","seq":416,"fields":{"hops":0,"load":0.15,"phi":0.22248536289726606,"potential":2.0155376209282876,"queue":0,"task":"d268e00e-7c6d-32f4-dc7c-eed61061b20b"}}
{"ts":"2026-06-23T08:36:54.661727Z","ts_unix":1782203814661732,"event":"TASK_COMPLETE","node":"node_08","addr":"node_08:8001","seq":417,"fields":{"latency_ms":160,"task":"d268e00e-7c6d-32f4-dc7c-eed61061b20b"}}
{"ts":"2026-06-23T08:36:54.796765Z","ts_unix":1782203814796769,"event":"STATE_SYNC","node":"node_08","addr":"node_08:8001","seq":418,"fields":{"comp":9,"load":0,"mem":11,"neighbors":2,"net":3,"peers":2,"queue":0}}
{"ts":"2026-06-23T08:36:54.796826Z","ts_unix":1782203814796827,"event":"POTENTIAL","node":"node_08","addr":"node_08:8001","seq":419,"fields":{"peers":[{"addr":"node_05:8001","trust":1,"load":0,"queue":0,"comp":10,"mem":10,"net":5,"potential":1.7976931348623157e+308,"phi_self":0.1622641278370785,"age_ms":180},{"addr":"node_07:8001","trust":1,"load":0,"queue":0,"comp":5,"mem":8,"net":12,"potential":1.7976931348623157e+308,"phi_self":0.6473445607799742,"age_ms":68}],"self_comp":9,"self_load":0,"self_mem":11,"self_net":3,"self_phi":0,"self_potential":1,"self_queue":0}}
[node_08] spawned task 52af7925
{"ts":"2026-06-23T08:36:55.149037Z","ts_unix":1782203815149044,"event":"TASK_ACCEPT","node":"node_08","addr":"node_08:8001","seq":420,"fields":{"hops":0,"load":0.15,"phi":0.22248536289726606,"potential":2.0155376209282876,"queue":0,"task":"52af7925-16fa-d73b-0e62-df07f5a1433a"}}
{"ts":"2026-06-23T08:36:55.297322Z","ts_unix":1782203815297327,"event":"STATE_SYNC","node":"node_08","addr":"node_08:8001","seq":421,"fields":{"comp":6.5,"load":0.15,"mem":9,"neighbors":2,"net":2,"peers":2,"queue":0}}
{"ts":"2026-06-23T08:36:55.297387Z","ts_unix":1782203815297389,"event":"POTENTIAL","node":"node_08","addr":"node_08:8001","seq":422,"fields":{"peers":[{"addr":"node_05:8001","trust":1,"load":0,"queue":0,"comp":10,"mem":10,"net":5,"potential":1.7976931348623157e+308,"phi_self":0.1622641278370785,"age_ms":178},{"addr":"node_07:8001","trust":1,"load":0,"queue":0,"comp":5,"mem":8,"net":12,"potential":1.7976931348623157e+308,"phi_self":0.6473445607799742,"age_ms":68}],"self_comp":6.5,"self_load":0.15,"self_mem":9,"self_net":2,"self_phi":0.06615288822231989,"self_potential":1.7976931348623157e+308,"self_queue":0}}
{"ts":"2026-06-23T08:36:55.310944Z","ts_unix":1782203815310951,"event":"TASK_COMPLETE","node":"node_08","addr":"node_08:8001","seq":423,"fields":{"latency_ms":160,"task":"52af7925-16fa-d73b-0e62-df07f5a1433a"}}
[node_08] spawned task 1ff1c511
{"ts":"2026-06-23T08:36:55.798313Z","ts_unix":1782203815798315,"event":"TASK_ACCEPT","node":"node_08","addr":"node_08:8001","seq":424,"fields":{"hops":0,"load":0.15,"phi":0.22248536289726606,"potential":2.0155376209282876,"queue":0,"task":"1ff1c511-9448-9da0-cb05-171cdb6e7169"}}
{"ts":"2026-06-23T08:36:55.798328Z","ts_unix":1782203815798331,"event":"STATE_SYNC","node":"node_08","addr":"node_08:8001","seq":425,"fields":{"comp":6.5,"load":0.15,"mem":9,"neighbors":2,"net":2,"peers":2,"queue":0}}
{"ts":"2026-06-23T08:36:55.798354Z","ts_unix":1782203815798355,"event":"POTENTIAL","node":"node_08","addr":"node_08:8001","seq":426,"fields":{"peers":[{"addr":"node_05:8001","trust":1,"load":0,"queue":0,"comp":10,"mem":10,"net":5,"potential":1.7976931348623157e+308,"phi_self":0.1622641278370785,"age_ms":181},{"addr":"node_07:8001","trust":1,"load":0.15,"queue":0,"comp":3.5,"mem":5.5,"net":10.5,"potential":1.7976931348623157e+308,"phi_self":0.7257907476246176,"age_ms":70}],"self_comp":6.5,"self_load":0.15,"self_mem":9,"self_net":2,"self_phi":0.06615288822231989,"self_potential":1.7976931348623157e+308,"self_queue":0}}
{"ts":"2026-06-23T08:36:55.966476Z","ts_unix":1782203815966480,"event":"TASK_COMPLETE","node":"node_08","addr":"node_08:8001","seq":427,"fields":{"latency_ms":160,"task":"1ff1c511-9448-9da0-cb05-171cdb6e7169"}}
{"ts":"2026-06-23T08:36:56.297690Z","ts_unix":1782203816297695,"event":"STATE_SYNC","node":"node_08","addr":"node_08:8001","seq":428,"fields":{"comp":9,"load":0,"mem":11,"neighbors":2,"net":3,"peers":2,"queue":0}}
{"ts":"2026-06-23T08:36:56.297734Z","ts_unix":1782203816297734,"event":"POTENTIAL","node":"node_08","addr":"node_08:8001","seq":429,"fields":{"peers":[{"addr":"node_07:8001","trust":1,"load":0,"queue":0,"comp":5,"mem":8,"net":12,"potential":1.7976931348623157e+308,"phi_self":0.6473445607799742,"age_ms":68},{"addr":"node_05:8001","trust":1,"load":0,"queue":0,"comp":10,"mem":10,"net":5,"potential":1.7976931348623157e+308,"phi_self":0.1622641278370785,"age_ms":175}],"self_comp":9,"self_load":0,"self_mem":11,"self_net":3,"self_phi":0,"self_potential":1,"self_queue":0}}
[node_08] spawned task fb56e038
{"ts":"2026-06-23T08:36:56.448301Z","ts_unix":1782203816448309,"event":"TASK_ACCEPT","node":"node_08","addr":"node_08:8001","seq":430,"fields":{"hops":0,"load":0.15,"phi":0.22248536289726606,"potential":2.0155376209282876,"queue":0,"task":"fb56e038-6ec5-68d3-8b11-3f92bec5191b"}}
{"ts":"2026-06-23T08:36:56.609096Z","ts_unix":1782203816609102,"event":"TASK_COMPLETE","node":"node_08","addr":"node_08:8001","seq":431,"fields":{"latency_ms":160,"task":"fb56e038-6ec5-68d3-8b11-3f92bec5191b"}}
{"ts":"2026-06-23T08:36:56.796730Z","ts_unix":1782203816796736,"event":"STATE_SYNC","node":"node_08","addr":"node_08:8001","seq":432,"fields":{"comp":9,"load":0,"mem":11,"neighbors":2,"net":3,"peers":2,"queue":0}}
{"ts":"2026-06-23T08:36:56.796789Z","ts_unix":1782203816796790,"event":"POTENTIAL","node":"node_08","addr":"node_08:8001","seq":433,"fields":{"peers":[{"addr":"node_05:8001","trust":1,"load":0,"queue":0,"comp":10,"mem":10,"net":5,"potential":1.7976931348623157e+308,"phi_self":0.1622641278370785,"age_ms":179},{"addr":"node_07:8001","trust":1,"load":0,"queue":0,"comp":5,"mem":8,"net":12,"potential":1.7976931348623157e+308,"phi_self":0.6473445607799742,"age_ms":66}],"self_comp":9,"self_load":0,"self_mem":11,"self_net":3,"self_phi":0,"self_potential":1,"self_queue":0}}
[node_08] spawned task a4a958a1
{"ts":"2026-06-23T08:36:57.102110Z","ts_unix":1782203817102123,"event":"TASK_ACCEPT","node":"node_08","addr":"node_08:8001","seq":434,"fields":{"hops":0,"load":0.15,"phi":0.22248536289726606,"potential":2.0155376209282876,"queue":0,"task":"a4a958a1-2761-7db8-9bb0-2be6fcdb9774"}}
{"ts":"2026-06-23T08:36:57.262893Z","ts_unix":1782203817262898,"event":"TASK_COMPLETE","node":"node_08","addr":"node_08:8001","seq":435,"fields":{"latency_ms":160,"task":"a4a958a1-2761-7db8-9bb0-2be6fcdb9774"}}
{"ts":"2026-06-23T08:36:57.302433Z","ts_unix":1782203817302442,"event":"STATE_SYNC","node":"node_08","addr":"node_08:8001","seq":436,"fields":{"comp":9,"load":0,"mem":11,"neighbors":2,"net":3,"peers":2,"queue":0}}
{"ts":"2026-06-23T08:36:57.302519Z","ts_unix":1782203817302520,"event":"POTENTIAL","node":"node_08","addr":"node_08:8001","seq":437,"fields":{"peers":[{"addr":"node_07:8001","trust":1,"load":0,"queue":1,"comp":5,"mem":8,"net":12,"potential":1.7976931348623157e+308,"phi_self":0.6473445607799742,"age_ms":72},{"addr":"node_05:8001","trust":1,"load":0,"queue":0,"comp":10,"mem":10,"net":5,"potential":1.7976931348623157e+308,"phi_self":0.1622641278370785,"age_ms":185}],"self_comp":9,"self_load":0,"self_mem":11,"self_net":3,"self_phi":0,"self_potential":1,"self_queue":0}}
[node_08] spawned task 43422a59
{"ts":"2026-06-23T08:36:57.749809Z","ts_unix":1782203817749813,"event":"TASK_ACCEPT","node":"node_08","addr":"node_08:8001","seq":438,"fields":{"hops":0,"load":0.15,"phi":0.22248536289726606,"potential":2.0155376209282876,"queue":0,"task":"43422a59-e932-99b9-3069-0c93e219a80c"}}
{"ts":"2026-06-23T08:36:57.796926Z","ts_unix":1782203817796931,"event":"STATE_SYNC","node":"node_08","addr":"node_08:8001","seq":439,"fields":{"comp":6.5,"load":0.15,"mem":9,"neighbors":2,"net":2,"peers":2,"queue":0}}
{"ts":"2026-06-23T08:36:57.797002Z","ts_unix":1782203817797004,"event":"POTENTIAL","node":"node_08","addr":"node_08:8001","seq":440,"fields":{"peers":[{"addr":"node_05:8001","trust":1,"load":0,"queue":0,"comp":10,"mem":10,"net":5,"potential":1.7976931348623157e+308,"phi_self":0.1622641278370785,"age_ms":179},{"addr":"node_07:8001","trust":1,"load":0,"queue":0,"comp":5,"mem":8,"net":12,"potential":1.7976931348623157e+308,"phi_self":0.6473445607799742,"age_ms":68}],"self_comp":6.5,"self_load":0.15,"self_mem":9,"self_net":2,"self_phi":0.06615288822231989,"self_potential":1.7976931348623157e+308,"self_queue":0}}
{"ts":"2026-06-23T08:36:57.910972Z","ts_unix":1782203817910975,"event":"TASK_COMPLETE","node":"node_08","addr":"node_08:8001","seq":441,"fields":{"latency_ms":160,"task":"43422a59-e932-99b9-3069-0c93e219a80c"}}
{"ts":"2026-06-23T08:36:58.299253Z","ts_unix":1782203818299263,"event":"STATE_SYNC","node":"node_08","addr":"node_08:8001","seq":442,"fields":{"comp":9,"load":0,"mem":11,"neighbors":2,"net":3,"peers":2,"queue":0}}
{"ts":"2026-06-23T08:36:58.299338Z","ts_unix":1782203818299340,"event":"POTENTIAL","node":"node_08","addr":"node_08:8001","seq":443,"fields":{"peers":[{"addr":"node_05:8001","trust":1,"load":0,"queue":0,"comp":10,"mem":10,"net":5,"potential":1.7976931348623157e+308,"phi_self":0.1622641278370785,"age_ms":179},{"addr":"node_07:8001","trust":1,"load":0.15,"queue":0,"comp":3.5,"mem":5.5,"net":10.5,"potential":1.7976931348623157e+308,"phi_self":0.7257907476246176,"age_ms":61}],"self_comp":9,"self_load":0,"self_mem":11,"self_net":3,"self_phi":0,"self_potential":1,"self_queue":0}}
[node_08] spawned task b5ce8420
{"ts":"2026-06-23T08:36:58.397539Z","ts_unix":1782203818397541,"event":"TASK_ACCEPT","node":"node_08","addr":"node_08:8001","seq":444,"fields":{"hops":0,"load":0.15,"phi":0.22248536289726606,"potential":2.0155376209282876,"queue":0,"task":"b5ce8420-f502-1741-840a-95977fadc6cb"}}
{"ts":"2026-06-23T08:36:58.562457Z","ts_unix":1782203818562459,"event":"TASK_COMPLETE","node":"node_08","addr":"node_08:8001","seq":445,"fields":{"latency_ms":160,"task":"b5ce8420-f502-1741-840a-95977fadc6cb"}}
{"ts":"2026-06-23T08:36:58.797663Z","ts_unix":1782203818797666,"event":"STATE_SYNC","node":"node_08","addr":"node_08:8001","seq":446,"fields":{"comp":9,"load":0,"mem":11,"neighbors":2,"net":3,"peers":2,"queue":0}}
{"ts":"2026-06-23T08:36:58.797707Z","ts_unix":1782203818797708,"event":"POTENTIAL","node":"node_08","addr":"node_08:8001","seq":447,"fields":{"peers":[{"addr":"node_05:8001","trust":1,"load":0,"queue":0,"comp":10,"mem":10,"net":5,"potential":1.7976931348623157e+308,"phi_self":0.1622641278370785,"age_ms":175},{"addr":"node_07:8001","trust":1,"load":0,"queue":0,"comp":5,"mem":8,"net":12,"potential":1.7976931348623157e+308,"phi_self":0.6473445607799742,"age_ms":67}],"self_comp":9,"self_load":0,"self_mem":11,"self_net":3,"self_phi":0,"self_potential":1,"self_queue":0}}
[node_08] spawned task b9d00449
{"ts":"2026-06-23T08:36:59.052424Z","ts_unix":1782203819052431,"event":"TASK_ACCEPT","node":"node_08","addr":"node_08:8001","seq":448,"fields":{"hops":0,"load":0.15,"phi":0.22248536289726606,"potential":2.0155376209282876,"queue":0,"task":"b9d00449-0de2-80ab-f53b-7cbcad0f5b7c"}}
{"ts":"2026-06-23T08:36:59.214325Z","ts_unix":1782203819214333,"event":"TASK_COMPLETE","node":"node_08","addr":"node_08:8001","seq":449,"fields":{"latency_ms":160,"task":"b9d00449-0de2-80ab-f53b-7cbcad0f5b7c"}}
{"ts":"2026-06-23T08:36:59.297771Z","ts_unix":1782203819297775,"event":"STATE_SYNC","node":"node_08","addr":"node_08:8001","seq":450,"fields":{"comp":9,"load":0,"mem":11,"neighbors":2,"net":3,"peers":2,"queue":0}}
{"ts":"2026-06-23T08:36:59.297820Z","ts_unix":1782203819297832,"event":"POTENTIAL","node":"node_08","addr":"node_08:8001","seq":451,"fields":{"peers":[{"addr":"node_05:8001","trust":1,"load":0,"queue":0,"comp":10,"mem":10,"net":5,"potential":1.7976931348623157e+308,"phi_self":0.1622641278370785,"age_ms":180},{"addr":"node_07:8001","trust":1,"load":0,"queue":0,"comp":5,"mem":8,"net":12,"potential":1.7976931348623157e+308,"phi_self":0.6473445607799742,"age_ms":64}],"self_comp":9,"self_load":0,"self_mem":11,"self_net":3,"self_phi":0,"self_potential":1,"self_queue":0}}
[node_08] spawned task d8f13f52
{"ts":"2026-06-23T08:36:59.700322Z","ts_unix":1782203819700326,"event":"TASK_ACCEPT","node":"node_08","addr":"node_08:8001","seq":452,"fields":{"hops":0,"load":0.15,"phi":0.22248536289726606,"potential":2.0155376209282876,"queue":0,"task":"d8f13f52-b0d9-77f7-6ba4-42877379aa3b"}}
{"ts":"2026-06-23T08:36:59.797179Z","ts_unix":1782203819797184,"event":"STATE_SYNC","node":"node_08","addr":"node_08:8001","seq":453,"fields":{"comp":6.5,"load":0.15,"mem":9,"neighbors":2,"net":2,"peers":2,"queue":0}}
{"ts":"2026-06-23T08:36:59.797248Z","ts_unix":1782203819797249,"event":"POTENTIAL","node":"node_08","addr":"node_08:8001","seq":454,"fields":{"peers":[{"addr":"node_05:8001","trust":1,"load":0.15,"queue":0,"comp":7,"mem":9,"net":2,"potential":1.7976931348623157e+308,"phi_self":0.04205245699288487,"age_ms":178},{"addr":"node_07:8001","trust":1,"load":0.15,"queue":0,"comp":3.5,"mem":5.5,"net":10.5,"potential":1.7976931348623157e+308,"phi_self":0.7257907476246176,"age_ms":69}],"self_comp":6.5,"self_load":0.15,"self_mem":9,"self_net":2,"self_phi":0.06615288822231989,"self_potential":1.7976931348623157e+308,"self_queue":0}}
{"ts":"2026-06-23T08:36:59.861598Z","ts_unix":1782203819861602,"event":"TASK_COMPLETE","node":"node_08","addr":"node_08:8001","seq":455,"fields":{"latency_ms":160,"task":"d8f13f52-b0d9-77f7-6ba4-42877379aa3b"}}
{"ts":"2026-06-23T08:37:00.296754Z","ts_unix":1782203820296759,"event":"STATE_SYNC","node":"node_08","addr":"node_08:8001","seq":456,"fields":{"comp":9,"load":0,"mem":11,"neighbors":2,"net":3,"peers":2,"queue":0}}
{"ts":"2026-06-23T08:37:00.296807Z","ts_unix":1782203820296808,"event":"POTENTIAL","node":"node_08","addr":"node_08:8001","seq":457,"fields":{"peers":[{"addr":"node_05:8001","trust":1,"load":0.15,"queue":0,"comp":7,"mem":9,"net":2,"potential":1.7976931348623157e+308,"phi_self":0.04205245699288487,"age_ms":178},{"addr":"node_07:8001","trust":1,"load":0,"queue":0,"comp":5,"mem":8,"net":12,"potential":1.7976931348623157e+308,"phi_self":0.6473445607799742,"age_ms":65}],"self_comp":9,"self_load":0,"self_mem":11,"self_net":3,"self_phi":0,"self_potential":1,"self_queue":0}}
[node_08] spawned task bec47caf
{"ts":"2026-06-23T08:37:00.349807Z","ts_unix":1782203820349811,"event":"TASK_ACCEPT","node":"node_08","addr":"node_08:8001","seq":458,"fields":{"hops":0,"load":0.15,"phi":0.22248536289726606,"potential":2.0155376209282876,"queue":0,"task":"bec47caf-fa8b-6f7a-bc85-ef57d5c6a911"}}
{"ts":"2026-06-23T08:37:00.511836Z","ts_unix":1782203820511842,"event":"TASK_COMPLETE","node":"node_08","addr":"node_08:8001","seq":459,"fields":{"latency_ms":160,"task":"bec47caf-fa8b-6f7a-bc85-ef57d5c6a911"}}
{"ts":"2026-06-23T08:37:00.797697Z","ts_unix":1782203820797700,"event":"STATE_SYNC","node":"node_08","addr":"node_08:8001","seq":460,"fields":{"comp":9,"load":0,"mem":11,"neighbors":2,"net":3,"peers":2,"queue":0}}
{"ts":"2026-06-23T08:37:00.797755Z","ts_unix":1782203820797756,"event":"POTENTIAL","node":"node_08","addr":"node_08:8001","seq":461,"fields":{"peers":[{"addr":"node_05:8001","trust":1,"load":0,"queue":0,"comp":10,"mem":10,"net":5,"potential":1.7976931348623157e+308,"phi_self":0.1622641278370785,"age_ms":180},{"addr":"node_07:8001","trust":1,"load":0,"queue":0,"comp":5,"mem":8,"net":12,"potential":1.7976931348623157e+308,"phi_self":0.6473445607799742,"age_ms":69}],"self_comp":9,"self_load":0,"self_mem":11,"self_net":3,"self_phi":0,"self_potential":1,"self_queue":0}}
[node_08] spawned task 0ef1ca4f
{"ts":"2026-06-23T08:37:00.998914Z","ts_unix":1782203820998919,"event":"TASK_ACCEPT","node":"node_08","addr":"node_08:8001","seq":462,"fields":{"hops":0,"load":0.15,"phi":0.22248536289726606,"potential":2.0155376209282876,"queue":0,"task":"0ef1ca4f-17a8-634d-1b38-1f3c1ccc58c3"}}
{"ts":"2026-06-23T08:37:01.163783Z","ts_unix":1782203821163789,"event":"TASK_COMPLETE","node":"node_08","addr":"node_08:8001","seq":463,"fields":{"latency_ms":160,"task":"0ef1ca4f-17a8-634d-1b38-1f3c1ccc58c3"}}
{"ts":"2026-06-23T08:37:01.299263Z","ts_unix":1782203821299268,"event":"STATE_SYNC","node":"node_08","addr":"node_08:8001","seq":464,"fields":{"comp":9,"load":0,"mem":11,"neighbors":2,"net":3,"peers":2,"queue":0}}
{"ts":"2026-06-23T08:37:01.299328Z","ts_unix":1782203821299329,"event":"POTENTIAL","node":"node_08","addr":"node_08:8001","seq":465,"fields":{"peers":[{"addr":"node_05:8001","trust":1,"load":0,"queue":0,"comp":10,"mem":10,"net":5,"potential":1.7976931348623157e+308,"phi_self":0.1622641278370785,"age_ms":181},{"addr":"node_07:8001","trust":1,"load":0,"queue":0,"comp":5,"mem":8,"net":12,"potential":1.7976931348623157e+308,"phi_self":0.6473445607799742,"age_ms":68}],"self_comp":9,"self_load":0,"self_mem":11,"self_net":3,"self_phi":0,"self_potential":1,"self_queue":0}}
[node_08] spawned task e06803ad
{"ts":"2026-06-23T08:37:01.648346Z","ts_unix":1782203821648355,"event":"TASK_ACCEPT","node":"node_08","addr":"node_08:8001","seq":466,"fields":{"hops":0,"load":0.15,"phi":0.22248536289726606,"potential":2.0155376209282876,"queue":0,"task":"e06803ad-791b-8ada-0fb3-ad3e419d2901"}}
{"ts":"2026-06-23T08:37:01.797504Z","ts_unix":1782203821797507,"event":"STATE_SYNC","node":"node_08","addr":"node_08:8001","seq":467,"fields":{"comp":6.5,"load":0.15,"mem":9,"neighbors":2,"net":2,"peers":2,"queue":0}}
{"ts":"2026-06-23T08:37:01.797547Z","ts_unix":1782203821797549,"event":"POTENTIAL","node":"node_08","addr":"node_08:8001","seq":468,"fields":{"peers":[{"addr":"node_05:8001","trust":1,"load":0,"queue":0,"comp":10,"mem":10,"net":5,"potential":1.7976931348623157e+308,"phi_self":0.1622641278370785,"age_ms":180},{"addr":"node_07:8001","trust":1,"load":0,"queue":0,"comp":5,"mem":8,"net":12,"potential":1.7976931348623157e+308,"phi_self":0.6473445607799742,"age_ms":67}],"self_comp":6.5,"self_load":0.15,"self_mem":9,"self_net":2,"self_phi":0.06615288822231989,"self_potential":1.7976931348623157e+308,"self_queue":0}}
{"ts":"2026-06-23T08:37:01.810212Z","ts_unix":1782203821810220,"event":"TASK_COMPLETE","node":"node_08","addr":"node_08:8001","seq":469,"fields":{"latency_ms":160,"task":"e06803ad-791b-8ada-0fb3-ad3e419d2901"}}
[node_08] spawned task 1b9aae96
{"ts":"2026-06-23T08:37:02.300121Z","ts_unix":1782203822300126,"event":"TASK_ACCEPT","node":"node_08","addr":"node_08:8001","seq":470,"fields":{"hops":0,"load":0.15,"phi":0.22248536289726606,"potential":2.0155376209282876,"queue":0,"task":"1b9aae96-18f0-09b1-6881-6e57da2b02fe"}}
{"ts":"2026-06-23T08:37:02.300349Z","ts_unix":1782203822300351,"event":"STATE_SYNC","node":"node_08","addr":"node_08:8001","seq":471,"fields":{"comp":6.5,"load":0.15,"mem":9,"neighbors":2,"net":2,"peers":2,"queue":0}}
{"ts":"2026-06-23T08:37:02.300409Z","ts_unix":1782203822300410,"event":"POTENTIAL","node":"node_08","addr":"node_08:8001","seq":472,"fields":{"peers":[{"addr":"node_05:8001","trust":1,"load":0,"queue":0,"comp":10,"mem":10,"net":5,"potential":1.7976931348623157e+308,"phi_self":0.1622641278370785,"age_ms":183},{"addr":"node_07:8001","trust":1,"load":0.15,"queue":0,"comp":3.5,"mem":5.5,"net":10.5,"potential":1.7976931348623157e+308,"phi_self":0.7257907476246176,"age_ms":68}],"self_comp":6.5,"self_load":0.15,"self_mem":9,"self_net":2,"self_phi":0.06615288822231989,"self_potential":1.7976931348623157e+308,"self_queue":0}}
{"ts":"2026-06-23T08:37:02.461907Z","ts_unix":1782203822461912,"event":"TASK_COMPLETE","node":"node_08","addr":"node_08:8001","seq":473,"fields":{"latency_ms":160,"task":"1b9aae96-18f0-09b1-6881-6e57da2b02fe"}}
{"ts":"2026-06-23T08:37:02.797856Z","ts_unix":1782203822797860,"event":"STATE_SYNC","node":"node_08","addr":"node_08:8001","seq":474,"fields":{"comp":9,"load":0,"mem":11,"neighbors":2,"net":3,"peers":2,"queue":0}}
{"ts":"2026-06-23T08:37:02.797912Z","ts_unix":1782203822797913,"event":"POTENTIAL","node":"node_08","addr":"node_08:8001","seq":475,"fields":{"peers":[{"addr":"node_05:8001","trust":1,"load":0,"queue":0,"comp":10,"mem":10,"net":5,"potential":1.7976931348623157e+308,"phi_self":0.1622641278370785,"age_ms":180},{"addr":"node_07:8001","trust":1,"load":0,"queue":0,"comp":5,"mem":8,"net":12,"potential":1.7976931348623157e+308,"phi_self":0.6473445607799742,"age_ms":69}],"self_comp":9,"self_load":0,"self_mem":11,"self_net":3,"self_phi":0,"self_potential":1,"self_queue":0}}
[node_08] spawned task 42fa88cf
{"ts":"2026-06-23T08:37:02.952107Z","ts_unix":1782203822952117,"event":"TASK_ACCEPT","node":"node_08","addr":"node_08:8001","seq":476,"fields":{"hops":0,"load":0.15,"phi":0.22248536289726606,"potential":2.0155376209282876,"queue":0,"task":"42fa88cf-4404-ec69-8720-74514c82e876"}}
{"ts":"2026-06-23T08:37:03.114727Z","ts_unix":1782203823114735,"event":"TASK_COMPLETE","node":"node_08","addr":"node_08:8001","seq":477,"fields":{"latency_ms":160,"task":"42fa88cf-4404-ec69-8720-74514c82e876"}}
{"ts":"2026-06-23T08:37:03.299506Z","ts_unix":1782203823299511,"event":"STATE_SYNC","node":"node_08","addr":"node_08:8001","seq":478,"fields":{"comp":9,"load":0,"mem":11,"neighbors":2,"net":3,"peers":2,"queue":0}}
{"ts":"2026-06-23T08:37:03.299561Z","ts_unix":1782203823299562,"event":"POTENTIAL","node":"node_08","addr":"node_08:8001","seq":479,"fields":{"peers":[{"addr":"node_05:8001","trust":1,"load":0.15,"queue":0,"comp":7,"mem":9,"net":2,"potential":1.7976931348623157e+308,"phi_self":0.04205245699288487,"age_ms":182},{"addr":"node_07:8001","trust":1,"load":0,"queue":0,"comp":5,"mem":8,"net":12,"potential":1.7976931348623157e+308,"phi_self":0.6473445607799742,"age_ms":70}],"self_comp":9,"self_load":0,"self_mem":11,"self_net":3,"self_phi":0,"self_potential":1,"self_queue":0}}
[node_08] spawned task ceaa6025
{"ts":"2026-06-23T08:37:03.598552Z","ts_unix":1782203823598561,"event":"TASK_ACCEPT","node":"node_08","addr":"node_08:8001","seq":480,"fields":{"hops":0,"load":0.15,"phi":0.22248536289726606,"potential":2.0155376209282876,"queue":0,"task":"ceaa6025-8cd5-a873-d24a-ba92c7eae8c3"}}
{"ts":"2026-06-23T08:37:03.762979Z","ts_unix":1782203823762984,"event":"TASK_COMPLETE","node":"node_08","addr":"node_08:8001","seq":481,"fields":{"latency_ms":160,"task":"ceaa6025-8cd5-a873-d24a-ba92c7eae8c3"}}
{"ts":"2026-06-23T08:37:03.796630Z","ts_unix":1782203823796632,"event":"STATE_SYNC","node":"node_08","addr":"node_08:8001","seq":482,"fields":{"comp":9,"load":0,"mem":11,"neighbors":2,"net":3,"peers":2,"queue":0}}
{"ts":"2026-06-23T08:37:03.796722Z","ts_unix":1782203823796724,"event":"POTENTIAL","node":"node_08","addr":"node_08:8001","seq":483,"fields":{"peers":[{"addr":"node_05:8001","trust":1,"load":0,"queue":0,"comp":10,"mem":10,"net":5,"potential":1.7976931348623157e+308,"phi_self":0.1622641278370785,"age_ms":179},{"addr":"node_07:8001","trust":1,"load":0.15,"queue":0,"comp":3.5,"mem":5.5,"net":10.5,"potential":1.7976931348623157e+308,"phi_self":0.7257907476246176,"age_ms":67}],"self_comp":9,"self_load":0,"self_mem":11,"self_net":3,"self_phi":0,"self_potential":1,"self_queue":0}}
[node_08] spawned task 760bad7a
{"ts":"2026-06-23T08:37:04.247569Z","ts_unix":1782203824247572,"event":"TASK_ACCEPT","node":"node_08","addr":"node_08:8001","seq":484,"fields":{"hops":0,"load":0.15,"phi":0.22248536289726606,"potential":2.0155376209282876,"queue":0,"task":"760bad7a-e001-bc30-62ba-86f3db09f230"}}
{"ts":"2026-06-23T08:37:04.303402Z","ts_unix":1782203824303407,"event":"STATE_SYNC","node":"node_08","addr":"node_08:8001","seq":485,"fields":{"comp":6.5,"load":0.15,"mem":9,"neighbors":2,"net":2,"peers":2,"queue":0}}
{"ts":"2026-06-23T08:37:04.303476Z","ts_unix":1782203824303477,"event":"POTENTIAL","node":"node_08","addr":"node_08:8001","seq":486,"fields":{"peers":[{"addr":"node_05:8001","trust":1,"load":0,"queue":0,"comp":10,"mem":10,"net":5,"potential":1.7976931348623157e+308,"phi_self":0.1622641278370785,"age_ms":186},{"addr":"node_07:8001","trust":1,"load":0,"queue":0,"comp":5,"mem":8,"net":12,"potential":1.7976931348623157e+308,"phi_self":0.6473445607799742,"age_ms":74}],"self_comp":6.5,"self_load":0.15,"self_mem":9,"self_net":2,"self_phi":0.06615288822231989,"self_potential":1.7976931348623157e+308,"self_queue":0}}
{"ts":"2026-06-23T08:37:04.408505Z","ts_unix":1782203824408509,"event":"TASK_COMPLETE","node":"node_08","addr":"node_08:8001","seq":487,"fields":{"latency_ms":160,"task":"760bad7a-e001-bc30-62ba-86f3db09f230"}}
{"ts":"2026-06-23T08:37:04.796649Z","ts_unix":1782203824796652,"event":"STATE_SYNC","node":"node_08","addr":"node_08:8001","seq":488,"fields":{"comp":9,"load":0,"mem":11,"neighbors":2,"net":3,"peers":2,"queue":0}}
{"ts":"2026-06-23T08:37:04.796714Z","ts_unix":1782203824796716,"event":"POTENTIAL","node":"node_08","addr":"node_08:8001","seq":489,"fields":{"peers":[{"addr":"node_05:8001","trust":1,"load":0,"queue":0,"comp":10,"mem":10,"net":5,"potential":1.7976931348623157e+308,"phi_self":0.1622641278370785,"age_ms":177},{"addr":"node_07:8001","trust":1,"load":0,"queue":0,"comp":5,"mem":8,"net":12,"potential":1.7976931348623157e+308,"phi_self":0.6473445607799742,"age_ms":67}],"self_comp":9,"self_load":0,"self_mem":11,"self_net":3,"self_phi":0,"self_potential":1,"self_queue":0}}
[node_08] spawned task 145a2ba1
{"ts":"2026-06-23T08:37:04.903500Z","ts_unix":1782203824903505,"event":"TASK_ACCEPT","node":"node_08","addr":"node_08:8001","seq":490,"fields":{"hops":0,"load":0.15,"phi":0.22248536289726606,"potential":2.0155376209282876,"queue":0,"task":"145a2ba1-eb56-095a-8f6a-defdb0fe85a1"}}
{"ts":"2026-06-23T08:37:05.063800Z","ts_unix":1782203825063804,"event":"TASK_COMPLETE","node":"node_08","addr":"node_08:8001","seq":491,"fields":{"latency_ms":160,"task":"145a2ba1-eb56-095a-8f6a-defdb0fe85a1"}}
{"ts":"2026-06-23T08:37:05.300670Z","ts_unix":1782203825300674,"event":"STATE_SYNC","node":"node_08","addr":"node_08:8001","seq":492,"fields":{"comp":9,"load":0,"mem":11,"neighbors":2,"net":3,"peers":2,"queue":0}}
{"ts":"2026-06-23T08:37:05.300746Z","ts_unix":1782203825300747,"event":"POTENTIAL","node":"node_08","addr":"node_08:8001","seq":493,"fields":{"peers":[{"addr":"node_05:8001","trust":1,"load":0,"queue":0,"comp":10,"mem":10,"net":5,"potential":1.7976931348623157e+308,"phi_self":0.1622641278370785,"age_ms":182},{"addr":"node_07:8001","trust":1,"load":0,"queue":0,"comp":5,"mem":8,"net":12,"potential":1.7976931348623157e+308,"phi_self":0.6473445607799742,"age_ms":68}],"self_comp":9,"self_load":0,"self_mem":11,"self_net":3,"self_phi":0,"self_potential":1,"self_queue":0}}
[node_08] spawned task a7c78631
{"ts":"2026-06-23T08:37:05.547722Z","ts_unix":1782203825547727,"event":"TASK_ACCEPT","node":"node_08","addr":"node_08:8001","seq":494,"fields":{"hops":0,"load":0.15,"phi":0.22248536289726606,"potential":2.0155376209282876,"queue":0,"task":"a7c78631-7ab8-3766-6493-fa18d57879de"}}
{"ts":"2026-06-23T08:37:05.710598Z","ts_unix":1782203825710608,"event":"TASK_COMPLETE","node":"node_08","addr":"node_08:8001","seq":495,"fields":{"latency_ms":160,"task":"a7c78631-7ab8-3766-6493-fa18d57879de"}}
{"ts":"2026-06-23T08:37:05.796597Z","ts_unix":1782203825796606,"event":"STATE_SYNC","node":"node_08","addr":"node_08:8001","seq":496,"fields":{"comp":9,"load":0,"mem":11,"neighbors":2,"net":3,"peers":2,"queue":0}}
{"ts":"2026-06-23T08:37:05.796695Z","ts_unix":1782203825796697,"event":"POTENTIAL","node":"node_08","addr":"node_08:8001","seq":497,"fields":{"peers":[{"addr":"node_07:8001","trust":1,"load":0,"queue":0,"comp":5,"mem":8,"net":12,"potential":1.7976931348623157e+308,"phi_self":0.6473445607799742,"age_ms":65},{"addr":"node_05:8001","trust":1,"load":0,"queue":0,"comp":10,"mem":10,"net":5,"potential":1.7976931348623157e+308,"phi_self":0.1622641278370785,"age_ms":179}],"self_comp":9,"self_load":0,"self_mem":11,"self_net":3,"self_phi":0,"self_potential":1,"self_queue":0}}
[node_08] spawned task ff41bc2d
{"ts":"2026-06-23T08:37:06.198556Z","ts_unix":1782203826198559,"event":"TASK_ACCEPT","node":"node_08","addr":"node_08:8001","seq":498,"fields":{"hops":0,"load":0.15,"phi":0.22248536289726606,"potential":2.0155376209282876,"queue":0,"task":"ff41bc2d-3e68-d2fd-0540-1b0905130c51"}}
{"ts":"2026-06-23T08:37:06.304392Z","ts_unix":1782203826304399,"event":"STATE_SYNC","node":"node_08","addr":"node_08:8001","seq":499,"fields":{"comp":6.5,"load":0.15,"mem":9,"neighbors":2,"net":2,"peers":2,"queue":0}}
{"ts":"2026-06-23T08:37:06.304457Z","ts_unix":1782203826304458,"event":"POTENTIAL","node":"node_08","addr":"node_08:8001","seq":500,"fields":{"peers":[{"addr":"node_05:8001","trust":1,"load":0,"queue":0,"comp":10,"mem":10,"net":5,"potential":1.7976931348623157e+308,"phi_self":0.1622641278370785,"age_ms":186},{"addr":"node_07:8001","trust":1,"load":0.15,"queue":0,"comp":3.5,"mem":5.5,"net":10.5,"potential":1.7976931348623157e+308,"phi_self":0.7257907476246176,"age_ms":76}],"self_comp":6.5,"self_load":0.15,"self_mem":9,"self_net":2,"self_phi":0.06615288822231989,"self_potential":1.7976931348623157e+308,"self_queue":0}}
{"ts":"2026-06-23T08:37:06.366204Z","ts_unix":1782203826366209,"event":"TASK_COMPLETE","node":"node_08","addr":"node_08:8001","seq":501,"fields":{"latency_ms":160,"task":"ff41bc2d-3e68-d2fd-0540-1b0905130c51"}}
{"ts":"2026-06-23T08:37:06.796680Z","ts_unix":1782203826796684,"event":"STATE_SYNC","node":"node_08","addr":"node_08:8001","seq":502,"fields":{"comp":9,"load":0,"mem":11,"neighbors":2,"net":3,"peers":2,"queue":0}}
{"ts":"2026-06-23T08:37:06.796735Z","ts_unix":1782203826796736,"event":"POTENTIAL","node":"node_08","addr":"node_08:8001","seq":503,"fields":{"peers":[{"addr":"node_07:8001","trust":1,"load":0,"queue":0,"comp":5,"mem":8,"net":12,"potential":1.7976931348623157e+308,"phi_self":0.6473445607799742,"age_ms":67},{"addr":"node_05:8001","trust":1,"load":0,"queue":0,"comp":10,"mem":10,"net":5,"potential":1.7976931348623157e+308,"phi_self":0.1622641278370785,"age_ms":179}],"self_comp":9,"self_load":0,"self_mem":11,"self_net":3,"self_phi":0,"self_potential":1,"self_queue":0}}
[node_08] spawned task 940a4494
{"ts":"2026-06-23T08:37:06.853815Z","ts_unix":1782203826853823,"event":"TASK_ACCEPT","node":"node_08","addr":"node_08:8001","seq":504,"fields":{"hops":0,"load":0.15,"phi":0.22248536289726606,"potential":2.0155376209282876,"queue":0,"task":"940a4494-45bf-1bb3-45f3-c76fd45b1756"}}
{"ts":"2026-06-23T08:37:07.016157Z","ts_unix":1782203827016164,"event":"TASK_COMPLETE","node":"node_08","addr":"node_08:8001","seq":505,"fields":{"latency_ms":160,"task":"940a4494-45bf-1bb3-45f3-c76fd45b1756"}}
{"ts":"2026-06-23T08:37:07.304948Z","ts_unix":1782203827304952,"event":"STATE_SYNC","node":"node_08","addr":"node_08:8001","seq":506,"fields":{"comp":9,"load":0,"mem":11,"neighbors":2,"net":3,"peers":2,"queue":0}}
{"ts":"2026-06-23T08:37:07.305011Z","ts_unix":1782203827305012,"event":"POTENTIAL","node":"node_08","addr":"node_08:8001","seq":507,"fields":{"peers":[{"addr":"node_05:8001","trust":1,"load":0,"queue":0,"comp":10,"mem":10,"net":5,"potential":1.7976931348623157e+308,"phi_self":0.1622641278370785,"age_ms":187},{"addr":"node_07:8001","trust":1,"load":0,"queue":0,"comp":5,"mem":8,"net":12,"potential":1.7976931348623157e+308,"phi_self":0.6473445607799742,"age_ms":76}],"self_comp":9,"self_load":0,"self_mem":11,"self_net":3,"self_phi":0,"self_potential":1,"self_queue":0}}
[node_08] spawned task e7cf8a0b
{"ts":"2026-06-23T08:37:07.497585Z","ts_unix":1782203827497589,"event":"TASK_ACCEPT","node":"node_08","addr":"node_08:8001","seq":508,"fields":{"hops":0,"load":0.15,"phi":0.22248536289726606,"potential":2.0155376209282876,"queue":0,"task":"e7cf8a0b-0208-e4a3-fbaa-206d473ae490"}}
{"ts":"2026-06-23T08:37:07.660144Z","ts_unix":1782203827660153,"event":"TASK_COMPLETE","node":"node_08","addr":"node_08:8001","seq":509,"fields":{"latency_ms":160,"task":"e7cf8a0b-0208-e4a3-fbaa-206d473ae490"}}
{"ts":"2026-06-23T08:37:07.796541Z","ts_unix":1782203827796544,"event":"STATE_SYNC","node":"node_08","addr":"node_08:8001","seq":510,"fields":{"comp":9,"load":0,"mem":11,"neighbors":2,"net":3,"peers":2,"queue":0}}
{"ts":"2026-06-23T08:37:07.796598Z","ts_unix":1782203827796600,"event":"POTENTIAL","node":"node_08","addr":"node_08:8001","seq":511,"fields":{"peers":[{"addr":"node_05:8001","trust":1,"load":0,"queue":0,"comp":10,"mem":10,"net":5,"potential":1.7976931348623157e+308,"phi_self":0.1622641278370785,"age_ms":179},{"addr":"node_07:8001","trust":1,"load":0.15,"queue":0,"comp":3.5,"mem":5.5,"net":10.5,"potential":1.7976931348623157e+308,"phi_self":0.7257907476246176,"age_ms":68}],"self_comp":9,"self_load":0,"self_mem":11,"self_net":3,"self_phi":0,"self_potential":1,"self_queue":0}}
[node_08] spawned task b84b7306
{"ts":"2026-06-23T08:37:08.151868Z","ts_unix":1782203828151874,"event":"TASK_ACCEPT","node":"node_08","addr":"node_08:8001","seq":512,"fields":{"hops":0,"load":0.15,"phi":0.22248536289726606,"potential":2.0155376209282876,"queue":0,"task":"b84b7306-2cc9-ab40-3917-9a27654f94bb"}}
{"ts":"2026-06-23T08:37:08.297738Z","ts_unix":1782203828297746,"event":"STATE_SYNC","node":"node_08","addr":"node_08:8001","seq":513,"fields":{"comp":6.5,"load":0.15,"mem":9,"neighbors":2,"net":2,"peers":2,"queue":0}}
{"ts":"2026-06-23T08:37:08.297819Z","ts_unix":1782203828297820,"event":"POTENTIAL","node":"node_08","addr":"node_08:8001","seq":514,"fields":{"peers":[{"addr":"node_05:8001","trust":1,"load":0,"queue":0,"comp":10,"mem":10,"net":5,"potential":1.7976931348623157e+308,"phi_self":0.1622641278370785,"age_ms":179},{"addr":"node_07:8001","trust":1,"load":0,"queue":0,"comp":5,"mem":8,"net":12,"potential":1.7976931348623157e+308,"phi_self":0.6473445607799742,"age_ms":63}],"self_comp":6.5,"self_load":0.15,"self_mem":9,"self_net":2,"self_phi":0.06615288822231989,"self_potential":1.7976931348623157e+308,"self_queue":0}}
{"ts":"2026-06-23T08:37:08.314206Z","ts_unix":1782203828314212,"event":"TASK_COMPLETE","node":"node_08","addr":"node_08:8001","seq":515,"fields":{"latency_ms":160,"task":"b84b7306-2cc9-ab40-3917-9a27654f94bb"}}
[node_08] spawned task 55441dc0
{"ts":"2026-06-23T08:37:08.798310Z","ts_unix":1782203828798315,"event":"TASK_ACCEPT","node":"node_08","addr":"node_08:8001","seq":516,"fields":{"hops":0,"load":0.15,"phi":0.22248536289726606,"potential":2.0155376209282876,"queue":0,"task":"55441dc0-110d-be6c-0e53-5232f0fb7cca"}}
{"ts":"2026-06-23T08:37:08.798320Z","ts_unix":1782203828798323,"event":"STATE_SYNC","node":"node_08","addr":"node_08:8001","seq":517,"fields":{"comp":6.5,"load":0.15,"mem":9,"neighbors":2,"net":2,"peers":2,"queue":0}}
{"ts":"2026-06-23T08:37:08.798372Z","ts_unix":1782203828798373,"event":"POTENTIAL","node":"node_08","addr":"node_08:8001","seq":518,"fields":{"peers":[{"addr":"node_05:8001","trust":1,"load":0.15,"queue":0,"comp":7,"mem":9,"net":2,"potential":1.7976931348623157e+308,"phi_self":0.04205245699288487,"age_ms":181},{"addr":"node_07:8001","trust":1,"load":0,"queue":0,"comp":5,"mem":8,"net":12,"potential":1.7976931348623157e+308,"phi_self":0.6473445607799742,"age_ms":68}],"self_comp":6.5,"self_load":0.15,"self_mem":9,"self_net":2,"self_phi":0.06615288822231989,"self_potential":1.7976931348623157e+308,"self_queue":0}}
{"ts":"2026-06-23T08:37:08.958446Z","ts_unix":1782203828958451,"event":"TASK_COMPLETE","node":"node_08","addr":"node_08:8001","seq":519,"fields":{"latency_ms":160,"task":"55441dc0-110d-be6c-0e53-5232f0fb7cca"}}
{"ts":"2026-06-23T08:37:09.299842Z","ts_unix":1782203829299846,"event":"STATE_SYNC","node":"node_08","addr":"node_08:8001","seq":520,"fields":{"comp":9,"load":0,"mem":11,"neighbors":2,"net":3,"peers":2,"queue":0}}
{"ts":"2026-06-23T08:37:09.299897Z","ts_unix":1782203829299898,"event":"POTENTIAL","node":"node_08","addr":"node_08:8001","seq":521,"fields":{"peers":[{"addr":"node_05:8001","trust":1,"load":0,"queue":0,"comp":10,"mem":10,"net":5,"potential":1.7976931348623157e+308,"phi_self":0.1622641278370785,"age_ms":183},{"addr":"node_07:8001","trust":1,"load":0,"queue":0,"comp":5,"mem":8,"net":12,"potential":1.7976931348623157e+308,"phi_self":0.6473445607799742,"age_ms":72}],"self_comp":9,"self_load":0,"self_mem":11,"self_net":3,"self_phi":0,"self_potential":1,"self_queue":0}}
[node_08] spawned task 8b05aeb4
{"ts":"2026-06-23T08:37:09.448091Z","ts_unix":1782203829448096,"event":"TASK_ACCEPT","node":"node_08","addr":"node_08:8001","seq":522,"fields":{"hops":0,"load":0.15,"phi":0.22248536289726606,"potential":2.0155376209282876,"queue":0,"task":"8b05aeb4-999a-355a-de40-d7cb2403d102"}}
{"ts":"2026-06-23T08:37:09.609154Z","ts_unix":1782203829609159,"event":"TASK_COMPLETE","node":"node_08","addr":"node_08:8001","seq":523,"fields":{"latency_ms":160,"task":"8b05aeb4-999a-355a-de40-d7cb2403d102"}}
{"ts":"2026-06-23T08:37:09.797237Z","ts_unix":1782203829797241,"event":"STATE_SYNC","node":"node_08","addr":"node_08:8001","seq":524,"fields":{"comp":9,"load":0,"mem":11,"neighbors":2,"net":3,"peers":2,"queue":0}}
{"ts":"2026-06-23T08:37:09.797308Z","ts_unix":1782203829797309,"event":"POTENTIAL","node":"node_08","addr":"node_08:8001","seq":525,"fields":{"peers":[{"addr":"node_05:8001","trust":1,"load":0,"queue":0,"comp":10,"mem":10,"net":5,"potential":1.7976931348623157e+308,"phi_self":0.1622641278370785,"age_ms":181},{"addr":"node_07:8001","trust":1,"load":0,"queue":0,"comp":5,"mem":8,"net":12,"potential":1.7976931348623157e+308,"phi_self":0.6473445607799742,"age_ms":67}],"self_comp":9,"self_load":0,"self_mem":11,"self_net":3,"self_phi":0,"self_potential":1,"self_queue":0}}
[node_08] spawned task 005b24fc
{"ts":"2026-06-23T08:37:10.100462Z","ts_unix":1782203830100472,"event":"TASK_ACCEPT","node":"node_08","addr":"node_08:8001","seq":526,"fields":{"hops":0,"load":0.15,"phi":0.22248536289726606,"potential":2.0155376209282876,"queue":0,"task":"005b24fc-c466-0d51-cecd-e8ce4699f64f"}}
{"ts":"2026-06-23T08:37:10.262762Z","ts_unix":1782203830262766,"event":"TASK_COMPLETE","node":"node_08","addr":"node_08:8001","seq":527,"fields":{"latency_ms":160,"task":"005b24fc-c466-0d51-cecd-e8ce4699f64f"}}
{"ts":"2026-06-23T08:37:10.296544Z","ts_unix":1782203830296550,"event":"STATE_SYNC","node":"node_08","addr":"node_08:8001","seq":528,"fields":{"comp":9,"load":0,"mem":11,"neighbors":2,"net":3,"peers":2,"queue":0}}
{"ts":"2026-06-23T08:37:10.296628Z","ts_unix":1782203830296630,"event":"POTENTIAL","node":"node_08","addr":"node_08:8001","seq":529,"fields":{"peers":[{"addr":"node_05:8001","trust":1,"load":0.15,"queue":0,"comp":7,"mem":9,"net":2,"potential":1.7976931348623157e+308,"phi_self":0.04205245699288487,"age_ms":179},{"addr":"node_07:8001","trust":1,"load":0.15,"queue":0,"comp":3.5,"mem":5.5,"net":10.5,"potential":1.7976931348623157e+308,"phi_self":0.7257907476246176,"age_ms":68}],"self_comp":9,"self_load":0,"self_mem":11,"self_net":3,"self_phi":0,"self_potential":1,"self_queue":0}}
[node_08] spawned task f9d7f791
{"ts":"2026-06-23T08:37:10.747688Z","ts_unix":1782203830747692,"event":"TASK_ACCEPT","node":"node_08","addr":"node_08:8001","seq":530,"fields":{"hops":0,"load":0.15,"phi":0.22248536289726606,"potential":2.0155376209282876,"queue":0,"task":"f9d7f791-095f-cd43-43e8-2d281459475c"}}
{"ts":"2026-06-23T08:37:10.796530Z","ts_unix":1782203830796533,"event":"STATE_SYNC","node":"node_08","addr":"node_08:8001","seq":531,"fields":{"comp":6.5,"load":0.15,"mem":9,"neighbors":2,"net":2,"peers":2,"queue":0}}
{"ts":"2026-06-23T08:37:10.796628Z","ts_unix":1782203830796630,"event":"POTENTIAL","node":"node_08","addr":"node_08:8001","seq":532,"fields":{"peers":[{"addr":"node_05:8001","trust":1,"load":0,"queue":0,"comp":10,"mem":10,"net":5,"potential":1.7976931348623157e+308,"phi_self":0.1622641278370785,"age_ms":179},{"addr":"node_07:8001","trust":1,"load":0,"queue":0,"comp":5,"mem":8,"net":12,"potential":1.7976931348623157e+308,"phi_self":0.6473445607799742,"age_ms":68}],"self_comp":6.5,"self_load":0.15,"self_mem":9,"self_net":2,"self_phi":0.06615288822231989,"self_potential":1.7976931348623157e+308,"self_queue":0}}
{"ts":"2026-06-23T08:37:10.910195Z","ts_unix":1782203830910203,"event":"TASK_COMPLETE","node":"node_08","addr":"node_08:8001","seq":533,"fields":{"latency_ms":160,"task":"f9d7f791-095f-cd43-43e8-2d281459475c"}}
{"ts":"2026-06-23T08:37:11.297219Z","ts_unix":1782203831297224,"event":"STATE_SYNC","node":"node_08","addr":"node_08:8001","seq":534,"fields":{"comp":9,"load":0,"mem":11,"neighbors":2,"net":3,"peers":2,"queue":0}}
{"ts":"2026-06-23T08:37:11.297273Z","ts_unix":1782203831297274,"event":"POTENTIAL","node":"node_08","addr":"node_08:8001","seq":535,"fields":{"peers":[{"addr":"node_05:8001","trust":1,"load":0,"queue":0,"comp":10,"mem":10,"net":5,"potential":1.7976931348623157e+308,"phi_self":0.1622641278370785,"age_ms":179},{"addr":"node_07:8001","trust":1,"load":0,"queue":0,"comp":5,"mem":8,"net":12,"potential":1.7976931348623157e+308,"phi_self":0.6473445607799742,"age_ms":64}],"self_comp":9,"self_load":0,"self_mem":11,"self_net":3,"self_phi":0,"self_potential":1,"self_queue":0}}
[node_08] spawned task d48ca899
{"ts":"2026-06-23T08:37:11.399142Z","ts_unix":1782203831399146,"event":"TASK_ACCEPT","node":"node_08","addr":"node_08:8001","seq":536,"fields":{"hops":0,"load":0.15,"phi":0.22248536289726606,"potential":2.0155376209282876,"queue":0,"task":"d48ca899-93d1-5de3-941e-f4d1d203f82f"}}
{"ts":"2026-06-23T08:37:11.563480Z","ts_unix":1782203831563483,"event":"TASK_COMPLETE","node":"node_08","addr":"node_08:8001","seq":537,"fields":{"latency_ms":160,"task":"d48ca899-93d1-5de3-941e-f4d1d203f82f"}}
{"ts":"2026-06-23T08:37:11.796680Z","ts_unix":1782203831796685,"event":"STATE_SYNC","node":"node_08","addr":"node_08:8001","seq":538,"fields":{"comp":9,"load":0,"mem":11,"neighbors":2,"net":3,"peers":2,"queue":0}}
{"ts":"2026-06-23T08:37:11.796737Z","ts_unix":1782203831796739,"event":"POTENTIAL","node":"node_08","addr":"node_08:8001","seq":539,"fields":{"peers":[{"addr":"node_05:8001","trust":1,"load":0,"queue":0,"comp":10,"mem":10,"net":5,"potential":1.7976931348623157e+308,"phi_self":0.1622641278370785,"age_ms":178},{"addr":"node_07:8001","trust":1,"load":0.15,"queue":0,"comp":3.5,"mem":5.5,"net":10.5,"potential":1.7976931348623157e+308,"phi_self":0.7257907476246176,"age_ms":67}],"self_comp":9,"self_load":0,"self_mem":11,"self_net":3,"self_phi":0,"self_potential":1,"self_queue":0}}
[node_08] spawned task f5f16231
{"ts":"2026-06-23T08:37:12.049676Z","ts_unix":1782203832049680,"event":"TASK_ACCEPT","node":"node_08","addr":"node_08:8001","seq":540,"fields":{"hops":0,"load":0.15,"phi":0.22248536289726606,"potential":2.0155376209282876,"queue":0,"task":"f5f16231-f4e9-fdf0-f76c-6a0337eafa73"}}
{"ts":"2026-06-23T08:37:12.212249Z","ts_unix":1782203832212254,"event":"TASK_COMPLETE","node":"node_08","addr":"node_08:8001","seq":541,"fields":{"latency_ms":160,"task":"f5f16231-f4e9-fdf0-f76c-6a0337eafa73"}}
{"ts":"2026-06-23T08:37:12.297038Z","ts_unix":1782203832297048,"event":"STATE_SYNC","node":"node_08","addr":"node_08:8001","seq":542,"fields":{"comp":9,"load":0,"mem":11,"neighbors":2,"net":3,"peers":2,"queue":0}}
{"ts":"2026-06-23T08:37:12.297134Z","ts_unix":1782203832297135,"event":"POTENTIAL","node":"node_08","addr":"node_08:8001","seq":543,"fields":{"peers":[{"addr":"node_05:8001","trust":1,"load":0,"queue":0,"comp":10,"mem":10,"net":5,"potential":1.7976931348623157e+308,"phi_self":0.1622641278370785,"age_ms":180},{"addr":"node_07:8001","trust":1,"load":0,"queue":0,"comp":5,"mem":8,"net":12,"potential":1.7976931348623157e+308,"phi_self":0.6473445607799742,"age_ms":67}],"self_comp":9,"self_load":0,"self_mem":11,"self_net":3,"self_phi":0,"self_potential":1,"self_queue":0}}
[node_08] spawned task 045d3f4f
{"ts":"2026-06-23T08:37:12.697284Z","ts_unix":1782203832697288,"event":"TASK_ACCEPT","node":"node_08","addr":"node_08:8001","seq":544,"fields":{"hops":0,"load":0.15,"phi":0.22248536289726606,"potential":2.0155376209282876,"queue":0,"task":"045d3f4f-8414-c787-fcb7-0501fb51dd28"}}
{"ts":"2026-06-23T08:37:12.796046Z","ts_unix":1782203832796050,"event":"STATE_SYNC","node":"node_08","addr":"node_08:8001","seq":545,"fields":{"comp":6.5,"load":0.15,"mem":9,"neighbors":2,"net":2,"peers":2,"queue":0}}
{"ts":"2026-06-23T08:37:12.796119Z","ts_unix":1782203832796120,"event":"POTENTIAL","node":"node_08","addr":"node_08:8001","seq":546,"fields":{"peers":[{"addr":"node_05:8001","trust":1,"load":0,"queue":0,"comp":10,"mem":10,"net":5,"potential":1.7976931348623157e+308,"phi_self":0.1622641278370785,"age_ms":179},{"addr":"node_07:8001","trust":1,"load":0,"queue":0,"comp":5,"mem":8,"net":12,"potential":1.7976931348623157e+308,"phi_self":0.6473445607799742,"age_ms":67}],"self_comp":6.5,"self_load":0.15,"self_mem":9,"self_net":2,"self_phi":0.06615288822231989,"self_potential":1.7976931348623157e+308,"self_queue":0}}
{"ts":"2026-06-23T08:37:12.859668Z","ts_unix":1782203832859673,"event":"TASK_COMPLETE","node":"node_08","addr":"node_08:8001","seq":547,"fields":{"latency_ms":160,"task":"045d3f4f-8414-c787-fcb7-0501fb51dd28"}}
{"ts":"2026-06-23T08:37:13.298446Z","ts_unix":1782203833298450,"event":"STATE_SYNC","node":"node_08","addr":"node_08:8001","seq":548,"fields":{"comp":9,"load":0,"mem":11,"neighbors":2,"net":3,"peers":2,"queue":0}}
{"ts":"2026-06-23T08:37:13.298498Z","ts_unix":1782203833298499,"event":"POTENTIAL","node":"node_08","addr":"node_08:8001","seq":549,"fields":{"peers":[{"addr":"node_05:8001","trust":1,"load":0,"queue":0,"comp":10,"mem":10,"net":5,"potential":1.7976931348623157e+308,"phi_self":0.1622641278370785,"age_ms":181},{"addr":"node_07:8001","trust":1,"load":0,"queue":0,"comp":5,"mem":8,"net":12,"potential":1.7976931348623157e+308,"phi_self":0.6473445607799742,"age_ms":66}],"self_comp":9,"self_load":0,"self_mem":11,"self_net":3,"self_phi":0,"self_potential":1,"self_queue":0}}
[node_08] spawned task 055c92e6
{"ts":"2026-06-23T08:37:13.349773Z","ts_unix":1782203833349777,"event":"TASK_ACCEPT","node":"node_08","addr":"node_08:8001","seq":550,"fields":{"hops":0,"load":0.15,"phi":0.22248536289726606,"potential":2.0155376209282876,"queue":0,"task":"055c92e6-f21c-baed-6778-ba835f067285"}}
{"ts":"2026-06-23T08:37:13.511375Z","ts_unix":1782203833511383,"event":"TASK_COMPLETE","node":"node_08","addr":"node_08:8001","seq":551,"fields":{"latency_ms":160,"task":"055c92e6-f21c-baed-6778-ba835f067285"}}
{"ts":"2026-06-23T08:37:13.796679Z","ts_unix":1782203833796686,"event":"STATE_SYNC","node":"node_08","addr":"node_08:8001","seq":552,"fields":{"comp":9,"load":0,"mem":11,"neighbors":2,"net":3,"peers":2,"queue":0}}
{"ts":"2026-06-23T08:37:13.796757Z","ts_unix":1782203833796758,"event":"POTENTIAL","node":"node_08","addr":"node_08:8001","seq":553,"fields":{"peers":[{"addr":"node_05:8001","trust":1,"load":0,"queue":0,"comp":10,"mem":10,"net":5,"potential":1.7976931348623157e+308,"phi_self":0.1622641278370785,"age_ms":179},{"addr":"node_07:8001","trust":1,"load":0,"queue":0,"comp":5,"mem":8,"net":12,"potential":1.7976931348623157e+308,"phi_self":0.6473445607799742,"age_ms":69}],"self_comp":9,"self_load":0,"self_mem":11,"self_net":3,"self_phi":0,"self_potential":1,"self_queue":0}}
[node_08] spawned task da7ea8da
{"ts":"2026-06-23T08:37:13.998888Z","ts_unix":1782203833998891,"event":"TASK_ACCEPT","node":"node_08","addr":"node_08:8001","seq":554,"fields":{"hops":0,"load":0.15,"phi":0.22248536289726606,"potential":2.0155376209282876,"queue":0,"task":"da7ea8da-a8c8-e4a3-acdb-5b766eaed8fd"}}
{"ts":"2026-06-23T08:37:14.159806Z","ts_unix":1782203834159810,"event":"TASK_COMPLETE","node":"node_08","addr":"node_08:8001","seq":555,"fields":{"latency_ms":160,"task":"da7ea8da-a8c8-e4a3-acdb-5b766eaed8fd"}}
{"ts":"2026-06-23T08:37:14.296531Z","ts_unix":1782203834296535,"event":"STATE_SYNC","node":"node_08","addr":"node_08:8001","seq":556,"fields":{"comp":9,"load":0,"mem":11,"neighbors":2,"net":3,"peers":2,"queue":0}}
{"ts":"2026-06-23T08:37:14.296591Z","ts_unix":1782203834296592,"event":"POTENTIAL","node":"node_08","addr":"node_08:8001","seq":557,"fields":{"peers":[{"addr":"node_05:8001","trust":1,"load":0,"queue":0,"comp":10,"mem":10,"net":5,"potential":1.7976931348623157e+308,"phi_self":0.1622641278370785,"age_ms":179},{"addr":"node_07:8001","trust":1,"load":0.15,"queue":0,"comp":3.5,"mem":5.5,"net":10.5,"potential":1.7976931348623157e+308,"phi_self":0.7257907476246176,"age_ms":68}],"self_comp":9,"self_load":0,"self_mem":11,"self_net":3,"self_phi":0,"self_potential":1,"self_queue":0}}
[node_08] spawned task c48c526f
{"ts":"2026-06-23T08:37:14.648173Z","ts_unix":1782203834648180,"event":"TASK_ACCEPT","node":"node_08","addr":"node_08:8001","seq":558,"fields":{"hops":0,"load":0.15,"phi":0.22248536289726606,"potential":2.0155376209282876,"queue":0,"task":"c48c526f-58b3-9be2-f0f4-0a8eae362f73"}}
{"ts":"2026-06-23T08:37:14.800552Z","ts_unix":1782203834800557,"event":"STATE_SYNC","node":"node_08","addr":"node_08:8001","seq":559,"fields":{"comp":6.5,"load":0.15,"mem":9,"neighbors":2,"net":2,"peers":2,"queue":0}}
{"ts":"2026-06-23T08:37:14.800616Z","ts_unix":1782203834800618,"event":"POTENTIAL","node":"node_08","addr":"node_08:8001","seq":560,"fields":{"peers":[{"addr":"node_07:8001","trust":1,"load":0,"queue":0,"comp":5,"mem":8,"net":12,"potential":1.7976931348623157e+308,"phi_self":0.6473445607799742,"age_ms":73},{"addr":"node_05:8001","trust":1,"load":0,"queue":0,"comp":10,"mem":10,"net":5,"potential":1.7976931348623157e+308,"phi_self":0.1622641278370785,"age_ms":184}],"self_comp":6.5,"self_load":0.15,"self_mem":9,"self_net":2,"self_phi":0.06615288822231989,"self_potential":1.7976931348623157e+308,"self_queue":0}}
{"ts":"2026-06-23T08:37:14.809035Z","ts_unix":1782203834809038,"event":"TASK_COMPLETE","node":"node_08","addr":"node_08:8001","seq":561,"fields":{"latency_ms":160,"task":"c48c526f-58b3-9be2-f0f4-0a8eae362f73"}}
[node_08] spawned task 0884b0a7
{"ts":"2026-06-23T08:37:15.298194Z","ts_unix":1782203835298202,"event":"STATE_SYNC","node":"node_08","addr":"node_08:8001","seq":562,"fields":{"comp":9,"load":0,"mem":11,"neighbors":2,"net":3,"peers":2,"queue":1}}
{"ts":"2026-06-23T08:37:15.298468Z","ts_unix":1782203835298469,"event":"TASK_ACCEPT","node":"node_08","addr":"node_08:8001","seq":563,"fields":{"hops":0,"load":0.15,"phi":0.22248536289726606,"potential":2.0155376209282876,"queue":0,"task":"0884b0a7-ed74-3840-a636-0cd22195ecb0"}}
{"ts":"2026-06-23T08:37:15.298502Z","ts_unix":1782203835298503,"event":"POTENTIAL","node":"node_08","addr":"node_08:8001","seq":564,"fields":{"peers":[{"addr":"node_05:8001","trust":1,"load":0,"queue":0,"comp":10,"mem":10,"net":5,"potential":1.7976931348623157e+308,"phi_self":0.1622641278370785,"age_ms":181},{"addr":"node_07:8001","trust":1,"load":0,"queue":0,"comp":5,"mem":8,"net":12,"potential":1.7976931348623157e+308,"phi_self":0.6473445607799742,"age_ms":70}],"self_comp":6.5,"self_load":0.15,"self_mem":9,"self_net":2,"self_phi":0.06615288822231989,"self_potential":1.7976931348623157e+308,"self_queue":0}}
{"ts":"2026-06-23T08:37:15.462950Z","ts_unix":1782203835462960,"event":"TASK_COMPLETE","node":"node_08","addr":"node_08:8001","seq":565,"fields":{"latency_ms":160,"task":"0884b0a7-ed74-3840-a636-0cd22195ecb0"}}
{"ts":"2026-06-23T08:37:15.796725Z","ts_unix":1782203835796729,"event":"STATE_SYNC","node":"node_08","addr":"node_08:8001","seq":566,"fields":{"comp":9,"load":0,"mem":11,"neighbors":2,"net":3,"peers":2,"queue":0}}
{"ts":"2026-06-23T08:37:15.796783Z","ts_unix":1782203835796784,"event":"POTENTIAL","node":"node_08","addr":"node_08:8001","seq":567,"fields":{"peers":[{"addr":"node_05:8001","trust":1,"load":0.15,"queue":0,"comp":7,"mem":9,"net":2,"potential":1.7976931348623157e+308,"phi_self":0.04205245699288487,"age_ms":179},{"addr":"node_07:8001","trust":1,"load":0.15,"queue":0,"comp":3.5,"mem":5.5,"net":10.5,"potential":1.7976931348623157e+308,"phi_self":0.7257907476246176,"age_ms":68}],"self_comp":9,"self_load":0,"self_mem":11,"self_net":3,"self_phi":0,"self_potential":1,"self_queue":0}}
[node_08] spawned task 79ca6ae0
{"ts":"2026-06-23T08:37:15.951346Z","ts_unix":1782203835951350,"event":"TASK_ACCEPT","node":"node_08","addr":"node_08:8001","seq":568,"fields":{"hops":0,"load":0.15,"phi":0.22248536289726606,"potential":2.0155376209282876,"queue":0,"task":"79ca6ae0-6793-91ef-00bc-0f7846912c05"}}
{"ts":"2026-06-23T08:37:16.116272Z","ts_unix":1782203836116278,"event":"TASK_COMPLETE","node":"node_08","addr":"node_08:8001","seq":569,"fields":{"latency_ms":160,"task":"79ca6ae0-6793-91ef-00bc-0f7846912c05"}}
{"ts":"2026-06-23T08:37:16.304185Z","ts_unix":1782203836304188,"event":"STATE_SYNC","node":"node_08","addr":"node_08:8001","seq":570,"fields":{"comp":9,"load":0,"mem":11,"neighbors":2,"net":3,"peers":2,"queue":0}}
{"ts":"2026-06-23T08:37:16.304349Z","ts_unix":1782203836304350,"event":"POTENTIAL","node":"node_08","addr":"node_08:8001","seq":571,"fields":{"peers":[{"addr":"node_05:8001","trust":1,"load":0,"queue":0,"comp":10,"mem":10,"net":5,"potential":1.7976931348623157e+308,"phi_self":0.1622641278370785,"age_ms":186},{"addr":"node_07:8001","trust":1,"load":0,"queue":0,"comp":5,"mem":8,"net":12,"potential":1.7976931348623157e+308,"phi_self":0.6473445607799742,"age_ms":74}],"self_comp":9,"self_load":0,"self_mem":11,"self_net":3,"self_phi":0,"self_potential":1,"self_queue":0}}
[node_08] spawned task d01be3af
{"ts":"2026-06-23T08:37:16.599198Z","ts_unix":1782203836599203,"event":"TASK_ACCEPT","node":"node_08","addr":"node_08:8001","seq":572,"fields":{"hops":0,"load":0.15,"phi":0.22248536289726606,"potential":2.0155376209282876,"queue":0,"task":"d01be3af-40f1-f5ac-4015-c8f9cfc2acd8"}}
{"ts":"2026-06-23T08:37:16.760919Z","ts_unix":1782203836760926,"event":"TASK_COMPLETE","node":"node_08","addr":"node_08:8001","seq":573,"fields":{"latency_ms":160,"task":"d01be3af-40f1-f5ac-4015-c8f9cfc2acd8"}}
{"ts":"2026-06-23T08:37:16.796777Z","ts_unix":1782203836796780,"event":"STATE_SYNC","node":"node_08","addr":"node_08:8001","seq":574,"fields":{"comp":9,"load":0,"mem":11,"neighbors":2,"net":3,"peers":2,"queue":0}}
{"ts":"2026-06-23T08:37:16.796834Z","ts_unix":1782203836796835,"event":"POTENTIAL","node":"node_08","addr":"node_08:8001","seq":575,"fields":{"peers":[{"addr":"node_05:8001","trust":1,"load":0,"queue":0,"comp":10,"mem":10,"net":5,"potential":1.7976931348623157e+308,"phi_self":0.1622641278370785,"age_ms":173},{"addr":"node_07:8001","trust":1,"load":0,"queue":0,"comp":5,"mem":8,"net":12,"potential":1.7976931348623157e+308,"phi_self":0.6473445607799742,"age_ms":68}],"self_comp":9,"self_load":0,"self_mem":11,"self_net":3,"self_phi":0,"self_potential":1,"self_queue":0}}
[node_08] spawned task 11a50089
{"ts":"2026-06-23T08:37:17.247949Z","ts_unix":1782203837247955,"event":"TASK_ACCEPT","node":"node_08","addr":"node_08:8001","seq":576,"fields":{"hops":0,"load":0.15,"phi":0.22248536289726606,"potential":2.0155376209282876,"queue":0,"task":"11a50089-b857-98a0-c43a-662e8d1e4af6"}}
{"ts":"2026-06-23T08:37:17.303208Z","ts_unix":1782203837303216,"event":"STATE_SYNC","node":"node_08","addr":"node_08:8001","seq":577,"fields":{"comp":6.5,"load":0.15,"mem":9,"neighbors":2,"net":2,"peers":2,"queue":0}}
{"ts":"2026-06-23T08:37:17.303285Z","ts_unix":1782203837303286,"event":"POTENTIAL","node":"node_08","addr":"node_08:8001","seq":578,"fields":{"peers":[{"addr":"node_05:8001","trust":1,"load":0,"queue":0,"comp":10,"mem":10,"net":5,"potential":1.7976931348623157e+308,"phi_self":0.1622641278370785,"age_ms":185},{"addr":"node_07:8001","trust":1,"load":0,"queue":0,"comp":5,"mem":8,"net":12,"potential":1.7976931348623157e+308,"phi_self":0.6473445607799742,"age_ms":72}],"self_comp":6.5,"self_load":0.15,"self_mem":9,"self_net":2,"self_phi":0.06615288822231989,"self_potential":1.7976931348623157e+308,"self_queue":0}}
{"ts":"2026-06-23T08:37:17.408734Z","ts_unix":1782203837408738,"event":"TASK_COMPLETE","node":"node_08","addr":"node_08:8001","seq":579,"fields":{"latency_ms":160,"task":"11a50089-b857-98a0-c43a-662e8d1e4af6"}}
{"ts":"2026-06-23T08:37:17.797815Z","ts_unix":1782203837797824,"event":"STATE_SYNC","node":"node_08","addr":"node_08:8001","seq":580,"fields":{"comp":9,"load":0,"mem":11,"neighbors":2,"net":3,"peers":2,"queue":0}}
{"ts":"2026-06-23T08:37:17.797900Z","ts_unix":1782203837797901,"event":"POTENTIAL","node":"node_08","addr":"node_08:8001","seq":581,"fields":{"peers":[{"addr":"node_05:8001","trust":1,"load":0,"queue":0,"comp":10,"mem":10,"net":5,"potential":1.7976931348623157e+308,"phi_self":0.1622641278370785,"age_ms":180},{"addr":"node_07:8001","trust":1,"load":0,"queue":0,"comp":5,"mem":8,"net":12,"potential":1.7976931348623157e+308,"phi_self":0.6473445607799742,"age_ms":70}],"self_comp":9,"self_load":0,"self_mem":11,"self_net":3,"self_phi":0,"self_potential":1,"self_queue":0}}
[node_08] spawned task 3591cccc
{"ts":"2026-06-23T08:37:17.906601Z","ts_unix":1782203837906604,"event":"TASK_ACCEPT","node":"node_08","addr":"node_08:8001","seq":582,"fields":{"hops":0,"load":0.15,"phi":0.22248536289726606,"potential":2.0155376209282876,"queue":0,"task":"3591cccc-3f3e-5be1-0416-cd9fee1a21cd"}}
{"ts":"2026-06-23T08:37:18.069198Z","ts_unix":1782203838069201,"event":"TASK_COMPLETE","node":"node_08","addr":"node_08:8001","seq":583,"fields":{"latency_ms":160,"task":"3591cccc-3f3e-5be1-0416-cd9fee1a21cd"}}
{"ts":"2026-06-23T08:37:18.299207Z","ts_unix":1782203838299212,"event":"STATE_SYNC","node":"node_08","addr":"node_08:8001","seq":584,"fields":{"comp":9,"load":0,"mem":11,"neighbors":2,"net":3,"peers":2,"queue":0}}
{"ts":"2026-06-23T08:37:18.299267Z","ts_unix":1782203838299269,"event":"POTENTIAL","node":"node_08","addr":"node_08:8001","seq":585,"fields":{"peers":[{"addr":"node_07:8001","trust":1,"load":0.15,"queue":0,"comp":3.5,"mem":5.5,"net":10.5,"potential":1.7976931348623157e+308,"phi_self":0.7257907476246176,"age_ms":70},{"addr":"node_05:8001","trust":1,"load":0,"queue":0,"comp":10,"mem":10,"net":5,"potential":1.7976931348623157e+308,"phi_self":0.1622641278370785,"age_ms":181}],"self_comp":9,"self_load":0,"self_mem":11,"self_net":3,"self_phi":0,"self_potential":1,"self_queue":0}}
[node_08] spawned task 53a35fb8
{"ts":"2026-06-23T08:37:18.549143Z","ts_unix":1782203838549148,"event":"TASK_ACCEPT","node":"node_08","addr":"node_08:8001","seq":586,"fields":{"hops":0,"load":0.15,"phi":0.22248536289726606,"potential":2.0155376209282876,"queue":0,"task":"53a35fb8-931a-bce6-7d03-f548a276e5d3"}}
{"ts":"2026-06-23T08:37:18.710105Z","ts_unix":1782203838710113,"event":"TASK_COMPLETE","node":"node_08","addr":"node_08:8001","seq":587,"fields":{"latency_ms":160,"task":"53a35fb8-931a-bce6-7d03-f548a276e5d3"}}
{"ts":"2026-06-23T08:37:18.796420Z","ts_unix":1782203838796425,"event":"STATE_SYNC","node":"node_08","addr":"node_08:8001","seq":588,"fields":{"comp":9,"load":0,"mem":11,"neighbors":2,"net":3,"peers":2,"queue":0}}
{"ts":"2026-06-23T08:37:18.796505Z","ts_unix":1782203838796507,"event":"POTENTIAL","node":"node_08","addr":"node_08:8001","seq":589,"fields":{"peers":[{"addr":"node_05:8001","trust":1,"load":0,"queue":0,"comp":10,"mem":10,"net":5,"potential":1.7976931348623157e+308,"phi_self":0.1622641278370785,"age_ms":176},{"addr":"node_07:8001","trust":1,"load":0,"queue":0,"comp":5,"mem":8,"net":12,"potential":1.7976931348623157e+308,"phi_self":0.6473445607799742,"age_ms":65}],"self_comp":9,"self_load":0,"self_mem":11,"self_net":3,"self_phi":0,"self_potential":1,"self_queue":0}}
[node_08] spawned task b338d2ac
{"ts":"2026-06-23T08:37:19.198164Z","ts_unix":1782203839198167,"event":"TASK_ACCEPT","node":"node_08","addr":"node_08:8001","seq":590,"fields":{"hops":0,"load":0.15,"phi":0.22248536289726606,"potential":2.0155376209282876,"queue":0,"task":"b338d2ac-1063-9814-406b-b32cb1691ce8"}}
{"ts":"2026-06-23T08:37:19.297395Z","ts_unix":1782203839297404,"event":"STATE_SYNC","node":"node_08","addr":"node_08:8001","seq":591,"fields":{"comp":6.5,"load":0.15,"mem":9,"neighbors":2,"net":2,"peers":2,"queue":0}}
{"ts":"2026-06-23T08:37:19.297484Z","ts_unix":1782203839297486,"event":"POTENTIAL","node":"node_08","addr":"node_08:8001","seq":592,"fields":{"peers":[{"addr":"node_05:8001","trust":1,"load":0.15,"queue":0,"comp":7,"mem":9,"net":2,"potential":1.7976931348623157e+308,"phi_self":0.04205245699288487,"age_ms":181},{"addr":"node_07:8001","trust":1,"load":0,"queue":0,"comp":5,"mem":8,"net":12,"potential":1.7976931348623157e+308,"phi_self":0.6473445607799742,"age_ms":68}],"self_comp":6.5,"self_load":0.15,"self_mem":9,"self_net":2,"self_phi":0.06615288822231989,"self_potential":1.7976931348623157e+308,"self_queue":0}}
{"ts":"2026-06-23T08:37:19.360792Z","ts_unix":1782203839360798,"event":"TASK_COMPLETE","node":"node_08","addr":"node_08:8001","seq":593,"fields":{"latency_ms":160,"task":"b338d2ac-1063-9814-406b-b32cb1691ce8"}}
{"ts":"2026-06-23T08:37:19.798300Z","ts_unix":1782203839798303,"event":"STATE_SYNC","node":"node_08","addr":"node_08:8001","seq":594,"fields":{"comp":9,"load":0,"mem":11,"neighbors":2,"net":3,"peers":2,"queue":0}}
{"ts":"2026-06-23T08:37:19.798364Z","ts_unix":1782203839798365,"event":"POTENTIAL","node":"node_08","addr":"node_08:8001","seq":595,"fields":{"peers":[{"addr":"node_05:8001","trust":1,"load":0,"queue":0,"comp":10,"mem":10,"net":5,"potential":1.7976931348623157e+308,"phi_self":0.1622641278370785,"age_ms":180},{"addr":"node_07:8001","trust":1,"load":0.15,"queue":0,"comp":3.5,"mem":5.5,"net":10.5,"potential":1.7976931348623157e+308,"phi_self":0.7257907476246176,"age_ms":69}],"self_comp":9,"self_load":0,"self_mem":11,"self_net":3,"self_phi":0,"self_potential":1,"self_queue":0}}
[node_08] spawned task 4812883a
{"ts":"2026-06-23T08:37:19.849773Z","ts_unix":1782203839849778,"event":"TASK_ACCEPT","node":"node_08","addr":"node_08:8001","seq":596,"fields":{"hops":0,"load":0.15,"phi":0.22248536289726606,"potential":2.0155376209282876,"queue":0,"task":"4812883a-90f3-4fc2-69d6-82e1741a0fde"}}
{"ts":"2026-06-23T08:37:20.012960Z","ts_unix":1782203840012965,"event":"TASK_COMPLETE","node":"node_08","addr":"node_08:8001","seq":597,"fields":{"latency_ms":160,"task":"4812883a-90f3-4fc2-69d6-82e1741a0fde"}}
{"ts":"2026-06-23T08:37:20.297227Z","ts_unix":1782203840297237,"event":"STATE_SYNC","node":"node_08","addr":"node_08:8001","seq":598,"fields":{"comp":9,"load":0,"mem":11,"neighbors":2,"net":3,"peers":2,"queue":0}}
{"ts":"2026-06-23T08:37:20.297284Z","ts_unix":1782203840297284,"event":"POTENTIAL","node":"node_08","addr":"node_08:8001","seq":599,"fields":{"peers":[{"addr":"node_05:8001","trust":1,"load":0,"queue":0,"comp":10,"mem":10,"net":5,"potential":1.7976931348623157e+308,"phi_self":0.1622641278370785,"age_ms":178},{"addr":"node_07:8001","trust":1,"load":0,"queue":0,"comp":5,"mem":8,"net":12,"potential":1.7976931348623157e+308,"phi_self":0.6473445607799742,"age_ms":68}],"self_comp":9,"self_load":0,"self_mem":11,"self_net":3,"self_phi":0,"self_potential":1,"self_queue":0}}
[node_08] spawned task a75d107b
{"ts":"2026-06-23T08:37:20.497050Z","ts_unix":1782203840497053,"event":"TASK_ACCEPT","node":"node_08","addr":"node_08:8001","seq":600,"fields":{"hops":0,"load":0.15,"phi":0.22248536289726606,"potential":2.0155376209282876,"queue":0,"task":"a75d107b-fb80-3baa-7caf-f796fe19c5e8"}}
{"ts":"2026-06-23T08:37:20.659152Z","ts_unix":1782203840659155,"event":"TASK_COMPLETE","node":"node_08","addr":"node_08:8001","seq":601,"fields":{"latency_ms":160,"task":"a75d107b-fb80-3baa-7caf-f796fe19c5e8"}}
{"ts":"2026-06-23T08:37:20.796608Z","ts_unix":1782203840796612,"event":"STATE_SYNC","node":"node_08","addr":"node_08:8001","seq":602,"fields":{"comp":9,"load":0,"mem":11,"neighbors":2,"net":3,"peers":2,"queue":0}}
{"ts":"2026-06-23T08:37:20.796664Z","ts_unix":1782203840796665,"event":"POTENTIAL","node":"node_08","addr":"node_08:8001","seq":603,"fields":{"peers":[{"addr":"node_05:8001","trust":1,"load":0.15,"queue":0,"comp":7,"mem":9,"net":2,"potential":1.7976931348623157e+308,"phi_self":0.04205245699288487,"age_ms":172},{"addr":"node_07:8001","trust":1,"load":0,"queue":0,"comp":5,"mem":8,"net":12,"potential":1.7976931348623157e+308,"phi_self":0.6473445607799742,"age_ms":67}],"self_comp":9,"self_load":0,"self_mem":11,"self_net":3,"self_phi":0,"self_potential":1,"self_queue":0}}
[node_08] spawned task 36f44b3d
{"ts":"2026-06-23T08:37:21.148496Z","ts_unix":1782203841148500,"event":"TASK_ACCEPT","node":"node_08","addr":"node_08:8001","seq":604,"fields":{"hops":0,"load":0.15,"phi":0.22248536289726606,"potential":2.0155376209282876,"queue":0,"task":"36f44b3d-793f-370a-77b9-13a05531d115"}}
{"ts":"2026-06-23T08:37:21.306429Z","ts_unix":1782203841306436,"event":"STATE_SYNC","node":"node_08","addr":"node_08:8001","seq":605,"fields":{"comp":6.5,"load":0.15,"mem":9,"neighbors":2,"net":2,"peers":2,"queue":0}}
{"ts":"2026-06-23T08:37:21.306500Z","ts_unix":1782203841306501,"event":"POTENTIAL","node":"node_08","addr":"node_08:8001","seq":606,"fields":{"peers":[{"addr":"node_05:8001","trust":1,"load":0,"queue":0,"comp":10,"mem":10,"net":5,"potential":1.7976931348623157e+308,"phi_self":0.1622641278370785,"age_ms":187},{"addr":"node_07:8001","trust":1,"load":0,"queue":0,"comp":5,"mem":8,"net":12,"potential":1.7976931348623157e+308,"phi_self":0.6473445607799742,"age_ms":77}],"self_comp":6.5,"self_load":0.15,"self_mem":9,"self_net":2,"self_phi":0.06615288822231989,"self_potential":1.7976931348623157e+308,"self_queue":0}}
{"ts":"2026-06-23T08:37:21.309659Z","ts_unix":1782203841309663,"event":"TASK_COMPLETE","node":"node_08","addr":"node_08:8001","seq":607,"fields":{"latency_ms":160,"task":"36f44b3d-793f-370a-77b9-13a05531d115"}}
{"ts":"2026-06-23T08:37:21.796264Z","ts_unix":1782203841796274,"event":"STATE_SYNC","node":"node_08","addr":"node_08:8001","seq":608,"fields":{"comp":9,"load":0,"mem":11,"neighbors":2,"net":3,"peers":2,"queue":0}}
{"ts":"2026-06-23T08:37:21.796400Z","ts_unix":1782203841796402,"event":"POTENTIAL","node":"node_08","addr":"node_08:8001","seq":609,"fields":{"peers":[{"addr":"node_05:8001","trust":1,"load":0,"queue":0,"comp":10,"mem":10,"net":5,"potential":1.7976931348623157e+308,"phi_self":0.1622641278370785,"age_ms":179},{"addr":"node_07:8001","trust":1,"load":0,"queue":0,"comp":5,"mem":8,"net":12,"potential":1.7976931348623157e+308,"phi_self":0.6473445607799742,"age_ms":66}],"self_comp":9,"self_load":0,"self_mem":11,"self_net":3,"self_phi":0,"self_potential":1,"self_queue":0}}
[node_08] spawned task 4f69cf05
{"ts":"2026-06-23T08:37:21.797083Z","ts_unix":1782203841797086,"event":"TASK_ACCEPT","node":"node_08","addr":"node_08:8001","seq":610,"fields":{"hops":0,"load":0.15,"phi":0.22248536289726606,"potential":2.0155376209282876,"queue":0,"task":"4f69cf05-bc74-8573-c599-a9533f1bccd8"}}
{"ts":"2026-06-23T08:37:21.959111Z","ts_unix":1782203841959120,"event":"TASK_COMPLETE","node":"node_08","addr":"node_08:8001","seq":611,"fields":{"latency_ms":160,"task":"4f69cf05-bc74-8573-c599-a9533f1bccd8"}}
{"ts":"2026-06-23T08:37:22.305470Z","ts_unix":1782203842305479,"event":"STATE_SYNC","node":"node_08","addr":"node_08:8001","seq":612,"fields":{"comp":9,"load":0,"mem":11,"neighbors":2,"net":3,"peers":2,"queue":0}}
{"ts":"2026-06-23T08:37:22.305570Z","ts_unix":1782203842305571,"event":"POTENTIAL","node":"node_08","addr":"node_08:8001","seq":613,"fields":{"peers":[{"addr":"node_05:8001","trust":1,"load":0,"queue":0,"comp":10,"mem":10,"net":5,"potential":1.7976931348623157e+308,"phi_self":0.1622641278370785,"age_ms":187},{"addr":"node_07:8001","trust":1,"load":0.15,"queue":0,"comp":3.5,"mem":5.5,"net":10.5,"potential":1.7976931348623157e+308,"phi_self":0.7257907476246176,"age_ms":76}],"self_comp":9,"self_load":0,"self_mem":11,"self_net":3,"self_phi":0,"self_potential":1,"self_queue":0}}
[node_08] spawned task 86ebb3fb
{"ts":"2026-06-23T08:37:22.449530Z","ts_unix":1782203842449537,"event":"TASK_ACCEPT","node":"node_08","addr":"node_08:8001","seq":614,"fields":{"hops":0,"load":0.15,"phi":0.22248536289726606,"potential":2.0155376209282876,"queue":0,"task":"86ebb3fb-59b4-a6fb-55e5-3ab5d887e2b7"}}
{"ts":"2026-06-23T08:37:22.612536Z","ts_unix":1782203842612541,"event":"TASK_COMPLETE","node":"node_08","addr":"node_08:8001","seq":615,"fields":{"latency_ms":160,"task":"86ebb3fb-59b4-a6fb-55e5-3ab5d887e2b7"}}
{"ts":"2026-06-23T08:37:22.797608Z","ts_unix":1782203842797611,"event":"STATE_SYNC","node":"node_08","addr":"node_08:8001","seq":616,"fields":{"comp":9,"load":0,"mem":11,"neighbors":2,"net":3,"peers":2,"queue":0}}
{"ts":"2026-06-23T08:37:22.797652Z","ts_unix":1782203842797653,"event":"POTENTIAL","node":"node_08","addr":"node_08:8001","seq":617,"fields":{"peers":[{"addr":"node_05:8001","trust":1,"load":0.15,"queue":0,"comp":7,"mem":9,"net":2,"potential":1.7976931348623157e+308,"phi_self":0.04205245699288487,"age_ms":181},{"addr":"node_07:8001","trust":1,"load":0,"queue":0,"comp":5,"mem":8,"net":12,"potential":1.7976931348623157e+308,"phi_self":0.6473445607799742,"age_ms":67}],"self_comp":9,"self_load":0,"self_mem":11,"self_net":3,"self_phi":0,"self_potential":1,"self_queue":0}}
[node_08] spawned task 422a7bd3
{"ts":"2026-06-23T08:37:23.098900Z","ts_unix":1782203843098904,"event":"TASK_ACCEPT","node":"node_08","addr":"node_08:8001","seq":618,"fields":{"hops":0,"load":0.15,"phi":0.22248536289726606,"potential":2.0155376209282876,"queue":0,"task":"422a7bd3-8041-5caf-89c3-4147f0dd7a49"}}
{"ts":"2026-06-23T08:37:23.259979Z","ts_unix":1782203843259984,"event":"TASK_COMPLETE","node":"node_08","addr":"node_08:8001","seq":619,"fields":{"latency_ms":160,"task":"422a7bd3-8041-5caf-89c3-4147f0dd7a49"}}
{"ts":"2026-06-23T08:37:23.297933Z","ts_unix":1782203843297937,"event":"STATE_SYNC","node":"node_08","addr":"node_08:8001","seq":620,"fields":{"comp":9,"load":0,"mem":11,"neighbors":2,"net":3,"peers":2,"queue":0}}
{"ts":"2026-06-23T08:37:23.297989Z","ts_unix":1782203843297991,"event":"POTENTIAL","node":"node_08","addr":"node_08:8001","seq":621,"fields":{"peers":[{"addr":"node_05:8001","trust":1,"load":0,"queue":0,"comp":10,"mem":10,"net":5,"potential":1.7976931348623157e+308,"phi_self":0.1622641278370785,"age_ms":178},{"addr":"node_07:8001","trust":1,"load":0,"queue":0,"comp":5,"mem":8,"net":12,"potential":1.7976931348623157e+308,"phi_self":0.6473445607799742,"age_ms":66}],"self_comp":9,"self_load":0,"self_mem":11,"self_net":3,"self_phi":0,"self_potential":1,"self_queue":0}}
[node_08] spawned task f6753e3d
{"ts":"2026-06-23T08:37:23.750228Z","ts_unix":1782203843750234,"event":"TASK_ACCEPT","node":"node_08","addr":"node_08:8001","seq":622,"fields":{"hops":0,"load":0.15,"phi":0.22248536289726606,"potential":2.0155376209282876,"queue":0,"task":"f6753e3d-59f2-7022-527d-be1e1d2099eb"}}
{"ts":"2026-06-23T08:37:23.797731Z","ts_unix":1782203843797740,"event":"STATE_SYNC","node":"node_08","addr":"node_08:8001","seq":623,"fields":{"comp":6.5,"load":0.15,"mem":9,"neighbors":2,"net":2,"peers":2,"queue":0}}
{"ts":"2026-06-23T08:37:23.797805Z","ts_unix":1782203843797806,"event":"POTENTIAL","node":"node_08","addr":"node_08:8001","seq":624,"fields":{"peers":[{"addr":"node_05:8001","trust":1,"load":0,"queue":0,"comp":10,"mem":10,"net":5,"potential":1.7976931348623157e+308,"phi_self":0.1622641278370785,"age_ms":180},{"addr":"node_07:8001","trust":1,"load":0.15,"queue":0,"comp":3.5,"mem":5.5,"net":10.5,"potential":1.7976931348623157e+308,"phi_self":0.7257907476246176,"age_ms":70}],"self_comp":6.5,"self_load":0.15,"self_mem":9,"self_net":2,"self_phi":0.06615288822231989,"self_potential":1.7976931348623157e+308,"self_queue":0}}
{"ts":"2026-06-23T08:37:23.910897Z","ts_unix":1782203843910925,"event":"TASK_COMPLETE","node":"node_08","addr":"node_08:8001","seq":625,"fields":{"latency_ms":160,"task":"f6753e3d-59f2-7022-527d-be1e1d2099eb"}}
{"ts":"2026-06-23T08:37:24.302554Z","ts_unix":1782203844302558,"event":"STATE_SYNC","node":"node_08","addr":"node_08:8001","seq":626,"fields":{"comp":9,"load":0,"mem":11,"neighbors":2,"net":3,"peers":2,"queue":0}}
{"ts":"2026-06-23T08:37:24.302596Z","ts_unix":1782203844302597,"event":"POTENTIAL","node":"node_08","addr":"node_08:8001","seq":627,"fields":{"peers":[{"addr":"node_05:8001","trust":1,"load":0.15,"queue":0,"comp":7,"mem":9,"net":2,"potential":1.7976931348623157e+308,"phi_self":0.04205245699288487,"age_ms":185},{"addr":"node_07:8001","trust":1,"load":0,"queue":0,"comp":5,"mem":8,"net":12,"potential":1.7976931348623157e+308,"phi_self":0.6473445607799742,"age_ms":71}],"self_comp":9,"self_load":0,"self_mem":11,"self_net":3,"self_phi":0,"self_potential":1,"self_queue":0}}
[node_08] spawned task e405c176
{"ts":"2026-06-23T08:37:24.398555Z","ts_unix":1782203844398564,"event":"TASK_ACCEPT","node":"node_08","addr":"node_08:8001","seq":628,"fields":{"hops":0,"load":0.15,"phi":0.22248536289726606,"potential":2.0155376209282876,"queue":0,"task":"e405c176-caf2-ae12-ae8a-3fc1e5e0f828"}}
{"ts":"2026-06-23T08:37:24.562424Z","ts_unix":1782203844562433,"event":"TASK_COMPLETE","node":"node_08","addr":"node_08:8001","seq":629,"fields":{"latency_ms":160,"task":"e405c176-caf2-ae12-ae8a-3fc1e5e0f828"}}
{"ts":"2026-06-23T08:37:24.796490Z","ts_unix":1782203844796493,"event":"STATE_SYNC","node":"node_08","addr":"node_08:8001","seq":630,"fields":{"comp":9,"load":0,"mem":11,"neighbors":2,"net":3,"peers":2,"queue":0}}
{"ts":"2026-06-23T08:37:24.796528Z","ts_unix":1782203844796529,"event":"POTENTIAL","node":"node_08","addr":"node_08:8001","seq":631,"fields":{"peers":[{"addr":"node_05:8001","trust":1,"load":0,"queue":0,"comp":10,"mem":10,"net":5,"potential":1.7976931348623157e+308,"phi_self":0.1622641278370785,"age_ms":179},{"addr":"node_07:8001","trust":1,"load":0,"queue":0,"comp":5,"mem":8,"net":12,"potential":1.7976931348623157e+308,"phi_self":0.6473445607799742,"age_ms":68}],"self_comp":9,"self_load":0,"self_mem":11,"self_net":3,"self_phi":0,"self_potential":1,"self_queue":0}}
[node_08] spawned task a34a098b
{"ts":"2026-06-23T08:37:25.048682Z","ts_unix":1782203845048686,"event":"TASK_ACCEPT","node":"node_08","addr":"node_08:8001","seq":632,"fields":{"hops":0,"load":0.15,"phi":0.22248536289726606,"potential":2.0155376209282876,"queue":0,"task":"a34a098b-6879-2f29-b07f-93ddf06b60e9"}}
{"ts":"2026-06-23T08:37:25.210601Z","ts_unix":1782203845210607,"event":"TASK_COMPLETE","node":"node_08","addr":"node_08:8001","seq":633,"fields":{"latency_ms":160,"task":"a34a098b-6879-2f29-b07f-93ddf06b60e9"}}
{"ts":"2026-06-23T08:37:25.303883Z","ts_unix":1782203845303888,"event":"STATE_SYNC","node":"node_08","addr":"node_08:8001","seq":634,"fields":{"comp":9,"load":0,"mem":11,"neighbors":2,"net":3,"peers":2,"queue":0}}
{"ts":"2026-06-23T08:37:25.303940Z","ts_unix":1782203845303941,"event":"POTENTIAL","node":"node_08","addr":"node_08:8001","seq":635,"fields":{"peers":[{"addr":"node_05:8001","trust":1,"load":0,"queue":0,"comp":10,"mem":10,"net":5,"potential":1.7976931348623157e+308,"phi_self":0.1622641278370785,"age_ms":186},{"addr":"node_07:8001","trust":1,"load":0,"queue":0,"comp":5,"mem":8,"net":12,"potential":1.7976931348623157e+308,"phi_self":0.6473445607799742,"age_ms":74}],"self_comp":9,"self_load":0,"self_mem":11,"self_net":3,"self_phi":0,"self_potential":1,"self_queue":0}}
[node_08] spawned task 31d52200
{"ts":"2026-06-23T08:37:25.697686Z","ts_unix":1782203845697689,"event":"TASK_ACCEPT","node":"node_08","addr":"node_08:8001","seq":636,"fields":{"hops":0,"load":0.15,"phi":0.22248536289726606,"potential":2.0155376209282876,"queue":0,"task":"31d52200-d786-9417-17ce-fc79c9f929bf"}}
{"ts":"2026-06-23T08:37:25.796714Z","ts_unix":1782203845796718,"event":"STATE_SYNC","node":"node_08","addr":"node_08:8001","seq":637,"fields":{"comp":6.5,"load":0.15,"mem":9,"neighbors":2,"net":2,"peers":2,"queue":0}}
{"ts":"2026-06-23T08:37:25.796756Z","ts_unix":1782203845796757,"event":"POTENTIAL","node":"node_08","addr":"node_08:8001","seq":638,"fields":{"peers":[{"addr":"node_05:8001","trust":1,"load":0,"queue":0,"comp":10,"mem":10,"net":5,"potential":1.7976931348623157e+308,"phi_self":0.1622641278370785,"age_ms":176},{"addr":"node_07:8001","trust":1,"load":0,"queue":0,"comp":5,"mem":8,"net":12,"potential":1.7976931348623157e+308,"phi_self":0.6473445607799742,"age_ms":68}],"self_comp":6.5,"self_load":0.15,"self_mem":9,"self_net":2,"self_phi":0.06615288822231989,"self_potential":1.7976931348623157e+308,"self_queue":0}}
{"ts":"2026-06-23T08:37:25.860633Z","ts_unix":1782203845860643,"event":"TASK_COMPLETE","node":"node_08","addr":"node_08:8001","seq":639,"fields":{"latency_ms":160,"task":"31d52200-d786-9417-17ce-fc79c9f929bf"}}
{"ts":"2026-06-23T08:37:26.304786Z","ts_unix":1782203846304790,"event":"STATE_SYNC","node":"node_08","addr":"node_08:8001","seq":640,"fields":{"comp":9,"load":0,"mem":11,"neighbors":2,"net":3,"peers":2,"queue":0}}
{"ts":"2026-06-23T08:37:26.304828Z","ts_unix":1782203846304829,"event":"POTENTIAL","node":"node_08","addr":"node_08:8001","seq":641,"fields":{"peers":[{"addr":"node_05:8001","trust":1,"load":0.15,"queue":0,"comp":7,"mem":9,"net":2,"potential":1.7976931348623157e+308,"phi_self":0.04205245699288487,"age_ms":187},{"addr":"node_07:8001","trust":1,"load":0.15,"queue":0,"comp":3.5,"mem":5.5,"net":10.5,"potential":1.7976931348623157e+308,"phi_self":0.7257907476246176,"age_ms":77}],"self_comp":9,"self_load":0,"self_mem":11,"self_net":3,"self_phi":0,"self_potential":1,"self_queue":0}}
[node_08] spawned task bbcc3a40
{"ts":"2026-06-23T08:37:26.352190Z","ts_unix":1782203846352193,"event":"TASK_ACCEPT","node":"node_08","addr":"node_08:8001","seq":642,"fields":{"hops":0,"load":0.15,"phi":0.22248536289726606,"potential":2.0155376209282876,"queue":0,"task":"bbcc3a40-cd6f-18bb-9092-9bf0861a2b49"}}
{"ts":"2026-06-23T08:37:26.514503Z","ts_unix":1782203846514511,"event":"TASK_COMPLETE","node":"node_08","addr":"node_08:8001","seq":643,"fields":{"latency_ms":160,"task":"bbcc3a40-cd6f-18bb-9092-9bf0861a2b49"}}
{"ts":"2026-06-23T08:37:26.796683Z","ts_unix":1782203846796686,"event":"STATE_SYNC","node":"node_08","addr":"node_08:8001","seq":644,"fields":{"comp":9,"load":0,"mem":11,"neighbors":2,"net":3,"peers":2,"queue":0}}
{"ts":"2026-06-23T08:37:26.796740Z","ts_unix":1782203846796741,"event":"POTENTIAL","node":"node_08","addr":"node_08:8001","seq":645,"fields":{"peers":[{"addr":"node_05:8001","trust":1,"load":0,"queue":0,"comp":10,"mem":10,"net":5,"potential":1.7976931348623157e+308,"phi_self":0.1622641278370785,"age_ms":178},{"addr":"node_07:8001","trust":1,"load":0,"queue":0,"comp":5,"mem":8,"net":12,"potential":1.7976931348623157e+308,"phi_self":0.6473445607799742,"age_ms":66}],"self_comp":9,"self_load":0,"self_mem":11,"self_net":3,"self_phi":0,"self_potential":1,"self_queue":0}}
[node_08] spawned task 363603a1
{"ts":"2026-06-23T08:37:26.998404Z","ts_unix":1782203846998406,"event":"TASK_ACCEPT","node":"node_08","addr":"node_08:8001","seq":646,"fields":{"hops":0,"load":0.15,"phi":0.22248536289726606,"potential":2.0155376209282876,"queue":0,"task":"363603a1-f4ed-bda4-85c3-8e992d7c9808"}}
{"ts":"2026-06-23T08:37:27.160210Z","ts_unix":1782203847160221,"event":"TASK_COMPLETE","node":"node_08","addr":"node_08:8001","seq":647,"fields":{"latency_ms":160,"task":"363603a1-f4ed-bda4-85c3-8e992d7c9808"}}
{"ts":"2026-06-23T08:37:27.296552Z","ts_unix":1782203847296557,"event":"STATE_SYNC","node":"node_08","addr":"node_08:8001","seq":648,"fields":{"comp":9,"load":0,"mem":11,"neighbors":2,"net":3,"peers":2,"queue":0}}
{"ts":"2026-06-23T08:37:27.296611Z","ts_unix":1782203847296612,"event":"POTENTIAL","node":"node_08","addr":"node_08:8001","seq":649,"fields":{"peers":[{"addr":"node_07:8001","trust":1,"load":0,"queue":0,"comp":5,"mem":8,"net":12,"potential":1.7976931348623157e+308,"phi_self":0.6473445607799742,"age_ms":66},{"addr":"node_05:8001","trust":1,"load":0,"queue":0,"comp":10,"mem":10,"net":5,"potential":1.7976931348623157e+308,"phi_self":0.1622641278370785,"age_ms":180}],"self_comp":9,"self_load":0,"self_mem":11,"self_net":3,"self_phi":0,"self_potential":1,"self_queue":0}}
[node_08] spawned task 7ad60813
{"ts":"2026-06-23T08:37:27.648359Z","ts_unix":1782203847648363,"event":"TASK_ACCEPT","node":"node_08","addr":"node_08:8001","seq":650,"fields":{"hops":0,"load":0.15,"phi":0.22248536289726606,"potential":2.0155376209282876,"queue":0,"task":"7ad60813-b363-7a67-3cfb-5b5c9d90bf32"}}
{"ts":"2026-06-23T08:37:27.797741Z","ts_unix":1782203847797750,"event":"STATE_SYNC","node":"node_08","addr":"node_08:8001","seq":651,"fields":{"comp":6.5,"load":0.15,"mem":9,"neighbors":2,"net":2,"peers":2,"queue":0}}
{"ts":"2026-06-23T08:37:27.797907Z","ts_unix":1782203847797909,"event":"POTENTIAL","node":"node_08","addr":"node_08:8001","seq":652,"fields":{"peers":[{"addr":"node_07:8001","trust":1,"load":0.15,"queue":0,"comp":3.5,"mem":5.5,"net":10.5,"potential":1.7976931348623157e+308,"phi_self":0.7257907476246176,"age_ms":70},{"addr":"node_05:8001","trust":1,"load":0.15,"queue":0,"comp":7,"mem":9,"net":2,"potential":1.7976931348623157e+308,"phi_self":0.04205245699288487,"age_ms":178}],"self_comp":6.5,"self_load":0.15,"self_mem":9,"self_net":2,"self_phi":0.06615288822231989,"self_potential":1.7976931348623157e+308,"self_queue":0}}
{"ts":"2026-06-23T08:37:27.808417Z","ts_unix":1782203847808420,"event":"TASK_COMPLETE","node":"node_08","addr":"node_08:8001","seq":653,"fields":{"latency_ms":160,"task":"7ad60813-b363-7a67-3cfb-5b5c9d90bf32"}}
{"ts":"2026-06-23T08:37:28.297056Z","ts_unix":1782203848297061,"event":"STATE_SYNC","node":"node_08","addr":"node_08:8001","seq":654,"fields":{"comp":9,"load":0,"mem":11,"neighbors":2,"net":3,"peers":2,"queue":0}}
{"ts":"2026-06-23T08:37:28.297124Z","ts_unix":1782203848297125,"event":"POTENTIAL","node":"node_08","addr":"node_08:8001","seq":655,"fields":{"peers":[{"addr":"node_05:8001","trust":1,"load":0.15,"queue":0,"comp":7,"mem":9,"net":2,"potential":1.7976931348623157e+308,"phi_self":0.04205245699288487,"age_ms":179},{"addr":"node_07:8001","trust":1,"load":0,"queue":0,"comp":5,"mem":8,"net":12,"potential":1.7976931348623157e+308,"phi_self":0.6473445607799742,"age_ms":66}],"self_comp":9,"self_load":0,"self_mem":11,"self_net":3,"self_phi":0,"self_potential":1,"self_queue":0}}
[node_08] spawned task 2e0c1f08
{"ts":"2026-06-23T08:37:28.297302Z","ts_unix":1782203848297305,"event":"TASK_ACCEPT","node":"node_08","addr":"node_08:8001","seq":656,"fields":{"hops":0,"load":0.15,"phi":0.22248536289726606,"potential":2.0155376209282876,"queue":0,"task":"2e0c1f08-027e-db6b-aef5-1696a1b6cea3"}}
{"ts":"2026-06-23T08:37:28.459658Z","ts_unix":1782203848459663,"event":"TASK_COMPLETE","node":"node_08","addr":"node_08:8001","seq":657,"fields":{"latency_ms":160,"task":"2e0c1f08-027e-db6b-aef5-1696a1b6cea3"}}
{"ts":"2026-06-23T08:37:28.796618Z","ts_unix":1782203848796620,"event":"STATE_SYNC","node":"node_08","addr":"node_08:8001","seq":658,"fields":{"comp":9,"load":0,"mem":11,"neighbors":2,"net":3,"peers":2,"queue":0}}
{"ts":"2026-06-23T08:37:28.796657Z","ts_unix":1782203848796658,"event":"POTENTIAL","node":"node_08","addr":"node_08:8001","seq":659,"fields":{"peers":[{"addr":"node_05:8001","trust":1,"load":0,"queue":0,"comp":10,"mem":10,"net":5,"potential":1.7976931348623157e+308,"phi_self":0.1622641278370785,"age_ms":177},{"addr":"node_07:8001","trust":1,"load":0,"queue":0,"comp":5,"mem":8,"net":12,"potential":1.7976931348623157e+308,"phi_self":0.6473445607799742,"age_ms":66}],"self_comp":9,"self_load":0,"self_mem":11,"self_net":3,"self_phi":0,"self_potential":1,"self_queue":0}}
[node_08] spawned task 132f2652
{"ts":"2026-06-23T08:37:28.949369Z","ts_unix":1782203848949374,"event":"TASK_ACCEPT","node":"node_08","addr":"node_08:8001","seq":660,"fields":{"hops":0,"load":0.15,"phi":0.22248536289726606,"potential":2.0155376209282876,"queue":0,"task":"132f2652-70b8-f4b6-5420-42d88f728e19"}}
{"ts":"2026-06-23T08:37:29.110145Z","ts_unix":1782203849110150,"event":"TASK_COMPLETE","node":"node_08","addr":"node_08:8001","seq":661,"fields":{"latency_ms":160,"task":"132f2652-70b8-f4b6-5420-42d88f728e19"}}
{"ts":"2026-06-23T08:37:29.297225Z","ts_unix":1782203849297230,"event":"STATE_SYNC","node":"node_08","addr":"node_08:8001","seq":662,"fields":{"comp":9,"load":0,"mem":11,"neighbors":2,"net":3,"peers":2,"queue":0}}
{"ts":"2026-06-23T08:37:29.297276Z","ts_unix":1782203849297278,"event":"POTENTIAL","node":"node_08","addr":"node_08:8001","seq":663,"fields":{"peers":[{"addr":"node_05:8001","trust":1,"load":0,"queue":0,"comp":10,"mem":10,"net":5,"potential":1.7976931348623157e+308,"phi_self":0.1622641278370785,"age_ms":180},{"addr":"node_07:8001","trust":1,"load":0,"queue":0,"comp":5,"mem":8,"net":12,"potential":1.7976931348623157e+308,"phi_self":0.6473445607799742,"age_ms":68}],"self_comp":9,"self_load":0,"self_mem":11,"self_net":3,"self_phi":0,"self_potential":1,"self_queue":0}}
[node_08] spawned task 196278ee
{"ts":"2026-06-23T08:37:29.598412Z","ts_unix":1782203849598415,"event":"TASK_ACCEPT","node":"node_08","addr":"node_08:8001","seq":664,"fields":{"hops":0,"load":0.15,"phi":0.22248536289726606,"potential":2.0155376209282876,"queue":0,"task":"196278ee-c416-087c-7bd5-a267ffcd3696"}}
{"ts":"2026-06-23T08:37:29.762392Z","ts_unix":1782203849762401,"event":"TASK_COMPLETE","node":"node_08","addr":"node_08:8001","seq":665,"fields":{"latency_ms":160,"task":"196278ee-c416-087c-7bd5-a267ffcd3696"}}
{"ts":"2026-06-23T08:37:29.797622Z","ts_unix":1782203849797630,"event":"STATE_SYNC","node":"node_08","addr":"node_08:8001","seq":666,"fields":{"comp":9,"load":0,"mem":11,"neighbors":2,"net":3,"peers":2,"queue":0}}
{"ts":"2026-06-23T08:37:29.797702Z","ts_unix":1782203849797703,"event":"POTENTIAL","node":"node_08","addr":"node_08:8001","seq":667,"fields":{"peers":[{"addr":"node_05:8001","trust":1,"load":0,"queue":0,"comp":10,"mem":10,"net":5,"potential":1.7976931348623157e+308,"phi_self":0.1622641278370785,"age_ms":181},{"addr":"node_07:8001","trust":1,"load":0,"queue":0,"comp":5,"mem":8,"net":12,"potential":1.7976931348623157e+308,"phi_self":0.6473445607799742,"age_ms":68}],"self_comp":9,"self_load":0,"self_mem":11,"self_net":3,"self_phi":0,"self_potential":1,"self_queue":0}}
[node_08] spawned task 47f93bf7
{"ts":"2026-06-23T08:37:30.252749Z","ts_unix":1782203850252758,"event":"TASK_ACCEPT","node":"node_08","addr":"node_08:8001","seq":668,"fields":{"hops":0,"load":0.15,"phi":0.22248536289726606,"potential":2.0155376209282876,"queue":0,"task":"47f93bf7-b9f0-2245-9a99-b78163861a04"}}
{"ts":"2026-06-23T08:37:30.300197Z","ts_unix":1782203850300201,"event":"STATE_SYNC","node":"node_08","addr":"node_08:8001","seq":669,"fields":{"comp":6.5,"load":0.15,"mem":9,"neighbors":2,"net":2,"peers":2,"queue":0}}
{"ts":"2026-06-23T08:37:30.300253Z","ts_unix":1782203850300254,"event":"POTENTIAL","node":"node_08","addr":"node_08:8001","seq":670,"fields":{"peers":[{"addr":"node_05:8001","trust":1,"load":0,"queue":0,"comp":10,"mem":10,"net":5,"potential":1.7976931348623157e+308,"phi_self":0.1622641278370785,"age_ms":183},{"addr":"node_07:8001","trust":1,"load":0.15,"queue":0,"comp":3.5,"mem":5.5,"net":10.5,"potential":1.7976931348623157e+308,"phi_self":0.7257907476246176,"age_ms":69}],"self_comp":6.5,"self_load":0.15,"self_mem":9,"self_net":2,"self_phi":0.06615288822231989,"self_potential":1.7976931348623157e+308,"self_queue":0}}
{"ts":"2026-06-23T08:37:30.419272Z","ts_unix":1782203850419275,"event":"TASK_COMPLETE","node":"node_08","addr":"node_08:8001","seq":671,"fields":{"latency_ms":160,"task":"47f93bf7-b9f0-2245-9a99-b78163861a04"}}
{"ts":"2026-06-23T08:37:30.796753Z","ts_unix":1782203850796758,"event":"STATE_SYNC","node":"node_08","addr":"node_08:8001","seq":672,"fields":{"comp":9,"load":0,"mem":11,"neighbors":2,"net":3,"peers":2,"queue":0}}
{"ts":"2026-06-23T08:37:30.796806Z","ts_unix":1782203850796807,"event":"POTENTIAL","node":"node_08","addr":"node_08:8001","seq":673,"fields":{"peers":[{"addr":"node_05:8001","trust":1,"load":0,"queue":0,"comp":10,"mem":10,"net":5,"potential":1.7976931348623157e+308,"phi_self":0.1622641278370785,"age_ms":180},{"addr":"node_07:8001","trust":1,"load":0,"queue":0,"comp":5,"mem":8,"net":12,"potential":1.7976931348623157e+308,"phi_self":0.6473445607799742,"age_ms":66}],"self_comp":9,"self_load":0,"self_mem":11,"self_net":3,"self_phi":0,"self_potential":1,"self_queue":0}}
[node_08] spawned task 25b4b535
{"ts":"2026-06-23T08:37:30.899287Z","ts_unix":1782203850899296,"event":"TASK_ACCEPT","node":"node_08","addr":"node_08:8001","seq":674,"fields":{"hops":0,"load":0.15,"phi":0.22248536289726606,"potential":2.0155376209282876,"queue":0,"task":"25b4b535-babd-fe84-b90d-186453163a99"}}
{"ts":"2026-06-23T08:37:31.060627Z","ts_unix":1782203851060630,"event":"TASK_COMPLETE","node":"node_08","addr":"node_08:8001","seq":675,"fields":{"latency_ms":160,"task":"25b4b535-babd-fe84-b90d-186453163a99"}}
{"ts":"2026-06-23T08:37:31.304631Z","ts_unix":1782203851304636,"event":"STATE_SYNC","node":"node_08","addr":"node_08:8001","seq":676,"fields":{"comp":9,"load":0,"mem":11,"neighbors":2,"net":3,"peers":2,"queue":0}}
{"ts":"2026-06-23T08:37:31.304680Z","ts_unix":1782203851304681,"event":"POTENTIAL","node":"node_08","addr":"node_08:8001","seq":677,"fields":{"peers":[{"addr":"node_05:8001","trust":1,"load":0.15,"queue":0,"comp":7,"mem":9,"net":2,"potential":1.7976931348623157e+308,"phi_self":0.04205245699288487,"age_ms":187},{"addr":"node_07:8001","trust":1,"load":0,"queue":0,"comp":5,"mem":8,"net":12,"potential":1.7976931348623157e+308,"phi_self":0.6473445607799742,"age_ms":67}],"self_comp":9,"self_load":0,"self_mem":11,"self_net":3,"self_phi":0,"self_potential":1,"self_queue":0}}
[node_08] spawned task dece51b3
{"ts":"2026-06-23T08:37:31.554267Z","ts_unix":1782203851554271,"event":"TASK_ACCEPT","node":"node_08","addr":"node_08:8001","seq":678,"fields":{"hops":0,"load":0.15,"phi":0.22248536289726606,"potential":2.0155376209282876,"queue":0,"task":"dece51b3-e321-e1a5-a5cb-9e73acc27abc"}}
{"ts":"2026-06-23T08:37:31.715847Z","ts_unix":1782203851715855,"event":"TASK_COMPLETE","node":"node_08","addr":"node_08:8001","seq":679,"fields":{"latency_ms":160,"task":"dece51b3-e321-e1a5-a5cb-9e73acc27abc"}}
{"ts":"2026-06-23T08:37:31.797523Z","ts_unix":1782203851797526,"event":"STATE_SYNC","node":"node_08","addr":"node_08:8001","seq":680,"fields":{"comp":9,"load":0,"mem":11,"neighbors":2,"net":3,"peers":2,"queue":0}}
{"ts":"2026-06-23T08:37:31.797592Z","ts_unix":1782203851797594,"event":"POTENTIAL","node":"node_08","addr":"node_08:8001","seq":681,"fields":{"peers":[{"addr":"node_05:8001","trust":1,"load":0,"queue":0,"comp":10,"mem":10,"net":5,"potential":1.7976931348623157e+308,"phi_self":0.1622641278370785,"age_ms":180},{"addr":"node_07:8001","trust":1,"load":0.15,"queue":0,"comp":3.5,"mem":5.5,"net":10.5,"potential":1.7976931348623157e+308,"phi_self":0.7257907476246176,"age_ms":68}],"self_comp":9,"self_load":0,"self_mem":11,"self_net":3,"self_phi":0,"self_potential":1,"self_queue":0}}
[node_08] spawned task 41533424
{"ts":"2026-06-23T08:37:32.198278Z","ts_unix":1782203852198283,"event":"TASK_ACCEPT","node":"node_08","addr":"node_08:8001","seq":682,"fields":{"hops":0,"load":0.15,"phi":0.22248536289726606,"potential":2.0155376209282876,"queue":0,"task":"41533424-a39d-2cea-06cc-ff7deccbc1a0"}}
{"ts":"2026-06-23T08:37:32.306474Z","ts_unix":1782203852306482,"event":"STATE_SYNC","node":"node_08","addr":"node_08:8001","seq":683,"fields":{"comp":6.5,"load":0.15,"mem":9,"neighbors":2,"net":2,"peers":2,"queue":0}}
{"ts":"2026-06-23T08:37:32.306556Z","ts_unix":1782203852306557,"event":"POTENTIAL","node":"node_08","addr":"node_08:8001","seq":684,"fields":{"peers":[{"addr":"node_05:8001","trust":1,"load":0,"queue":0,"comp":10,"mem":10,"net":5,"potential":1.7976931348623157e+308,"phi_self":0.1622641278370785,"age_ms":189},{"addr":"node_07:8001","trust":1,"load":0,"queue":0,"comp":5,"mem":8,"net":12,"potential":1.7976931348623157e+308,"phi_self":0.6473445607799742,"age_ms":75}],"self_comp":6.5,"self_load":0.15,"self_mem":9,"self_net":2,"self_phi":0.06615288822231989,"self_potential":1.7976931348623157e+308,"self_queue":0}}
{"ts":"2026-06-23T08:37:32.362466Z","ts_unix":1782203852362469,"event":"TASK_COMPLETE","node":"node_08","addr":"node_08:8001","seq":685,"fields":{"latency_ms":160,"task":"41533424-a39d-2cea-06cc-ff7deccbc1a0"}}
{"ts":"2026-06-23T08:37:32.797235Z","ts_unix":1782203852797242,"event":"STATE_SYNC","node":"node_08","addr":"node_08:8001","seq":686,"fields":{"comp":9,"load":0,"mem":11,"neighbors":2,"net":3,"peers":2,"queue":0}}
{"ts":"2026-06-23T08:37:32.797306Z","ts_unix":1782203852797307,"event":"POTENTIAL","node":"node_08","addr":"node_08:8001","seq":687,"fields":{"peers":[{"addr":"node_05:8001","trust":1,"load":0,"queue":0,"comp":10,"mem":10,"net":5,"potential":1.7976931348623157e+308,"phi_self":0.1622641278370785,"age_ms":179},{"addr":"node_07:8001","trust":1,"load":0,"queue":0,"comp":5,"mem":8,"net":12,"potential":1.7976931348623157e+308,"phi_self":0.6473445607799742,"age_ms":68}],"self_comp":9,"self_load":0,"self_mem":11,"self_net":3,"self_phi":0,"self_potential":1,"self_queue":0}}
[node_08] spawned task 0c4dea3a
{"ts":"2026-06-23T08:37:32.849462Z","ts_unix":1782203852849473,"event":"TASK_ACCEPT","node":"node_08","addr":"node_08:8001","seq":688,"fields":{"hops":0,"load":0.15,"phi":0.22248536289726606,"potential":2.0155376209282876,"queue":0,"task":"0c4dea3a-b7d4-b3e9-85c3-fc52dba73021"}}
{"ts":"2026-06-23T08:37:33.011885Z","ts_unix":1782203853011891,"event":"TASK_COMPLETE","node":"node_08","addr":"node_08:8001","seq":689,"fields":{"latency_ms":160,"task":"0c4dea3a-b7d4-b3e9-85c3-fc52dba73021"}}
{"ts":"2026-06-23T08:37:33.298195Z","ts_unix":1782203853298203,"event":"STATE_SYNC","node":"node_08","addr":"node_08:8001","seq":690,"fields":{"comp":9,"load":0,"mem":11,"neighbors":2,"net":3,"peers":2,"queue":0}}
{"ts":"2026-06-23T08:37:33.298290Z","ts_unix":1782203853298291,"event":"POTENTIAL","node":"node_08","addr":"node_08:8001","seq":691,"fields":{"peers":[{"addr":"node_07:8001","trust":1,"load":0,"queue":0,"comp":5,"mem":8,"net":12,"potential":1.7976931348623157e+308,"phi_self":0.6473445607799742,"age_ms":68},{"addr":"node_05:8001","trust":1,"load":0.15,"queue":0,"comp":7,"mem":9,"net":2,"potential":1.7976931348623157e+308,"phi_self":0.04205245699288487,"age_ms":181}],"self_comp":9,"self_load":0,"self_mem":11,"self_net":3,"self_phi":0,"self_potential":1,"self_queue":0}}
[node_08] spawned task fdff66bf
{"ts":"2026-06-23T08:37:33.497112Z","ts_unix":1782203853497117,"event":"TASK_ACCEPT","node":"node_08","addr":"node_08:8001","seq":692,"fields":{"hops":0,"load":0.15,"phi":0.22248536289726606,"potential":2.0155376209282876,"queue":0,"task":"fdff66bf-99f8-ec55-881a-235c29663ad7"}}
{"ts":"2026-06-23T08:37:33.657572Z","ts_unix":1782203853657577,"event":"TASK_COMPLETE","node":"node_08","addr":"node_08:8001","seq":693,"fields":{"latency_ms":160,"task":"fdff66bf-99f8-ec55-881a-235c29663ad7"}}
{"ts":"2026-06-23T08:37:33.797719Z","ts_unix":1782203853797725,"event":"STATE_SYNC","node":"node_08","addr":"node_08:8001","seq":694,"fields":{"comp":9,"load":0,"mem":11,"neighbors":2,"net":3,"peers":2,"queue":0}}
{"ts":"2026-06-23T08:37:33.797823Z","ts_unix":1782203853797825,"event":"POTENTIAL","node":"node_08","addr":"node_08:8001","seq":695,"fields":{"peers":[{"addr":"node_05:8001","trust":1,"load":0,"queue":0,"comp":10,"mem":10,"net":5,"potential":1.7976931348623157e+308,"phi_self":0.1622641278370785,"age_ms":180},{"addr":"node_07:8001","trust":1,"load":0,"queue":0,"comp":5,"mem":8,"net":12,"potential":1.7976931348623157e+308,"phi_self":0.6473445607799742,"age_ms":70}],"self_comp":9,"self_load":0,"self_mem":11,"self_net":3,"self_phi":0,"self_potential":1,"self_queue":0}}
[node_08] spawned task aeff3a6a
{"ts":"2026-06-23T08:37:34.148410Z","ts_unix":1782203854148417,"event":"TASK_ACCEPT","node":"node_08","addr":"node_08:8001","seq":696,"fields":{"hops":0,"load":0.15,"phi":0.22248536289726606,"potential":2.0155376209282876,"queue":0,"task":"aeff3a6a-dc20-b2a2-dac4-844a9019653f"}}
{"ts":"2026-06-23T08:37:34.297610Z","ts_unix":1782203854297614,"event":"STATE_SYNC","node":"node_08","addr":"node_08:8001","seq":697,"fields":{"comp":6.5,"load":0.15,"mem":9,"neighbors":2,"net":2,"peers":2,"queue":0}}
{"ts":"2026-06-23T08:37:34.297646Z","ts_unix":1782203854297655,"event":"POTENTIAL","node":"node_08","addr":"node_08:8001","seq":698,"fields":{"peers":[{"addr":"node_05:8001","trust":1,"load":0,"queue":0,"comp":10,"mem":10,"net":5,"potential":1.7976931348623157e+308,"phi_self":0.1622641278370785,"age_ms":181},{"addr":"node_07:8001","trust":1,"load":0.15,"queue":0,"comp":3.5,"mem":5.5,"net":10.5,"potential":1.7976931348623157e+308,"phi_self":0.7257907476246176,"age_ms":69}],"self_comp":6.5,"self_load":0.15,"self_mem":9,"self_net":2,"self_phi":0.06615288822231989,"self_potential":1.7976931348623157e+308,"self_queue":0}}
{"ts":"2026-06-23T08:37:34.311971Z","ts_unix":1782203854311977,"event":"TASK_COMPLETE","node":"node_08","addr":"node_08:8001","seq":699,"fields":{"latency_ms":160,"task":"aeff3a6a-dc20-b2a2-dac4-844a9019653f"}}
{"ts":"2026-06-23T08:37:34.798300Z","ts_unix":1782203854798303,"event":"STATE_SYNC","node":"node_08","addr":"node_08:8001","seq":700,"fields":{"comp":9,"load":0,"mem":11,"neighbors":2,"net":3,"peers":2,"queue":0}}
[node_08] spawned task d9a9e63d
{"ts":"2026-06-23T08:37:34.798373Z","ts_unix":1782203854798374,"event":"POTENTIAL","node":"node_08","addr":"node_08:8001","seq":701,"fields":{"peers":[{"addr":"node_05:8001","trust":1,"load":0,"queue":0,"comp":10,"mem":10,"net":5,"potential":1.7976931348623157e+308,"phi_self":0.1622641278370785,"age_ms":181},{"addr":"node_07:8001","trust":1,"load":0,"queue":0,"comp":5,"mem":8,"net":12,"potential":1.7976931348623157e+308,"phi_self":0.6473445607799742,"age_ms":71}],"self_comp":9,"self_load":0,"self_mem":11,"self_net":3,"self_phi":0,"self_potential":1,"self_queue":0}}
{"ts":"2026-06-23T08:37:34.798407Z","ts_unix":1782203854798408,"event":"TASK_ACCEPT","node":"node_08","addr":"node_08:8001","seq":702,"fields":{"hops":0,"load":0.15,"phi":0.22248536289726606,"potential":2.0155376209282876,"queue":0,"task":"d9a9e63d-2e9d-9034-121c-66a34ce17345"}}
{"ts":"2026-06-23T08:37:34.962314Z","ts_unix":1782203854962318,"event":"TASK_COMPLETE","node":"node_08","addr":"node_08:8001","seq":703,"fields":{"latency_ms":160,"task":"d9a9e63d-2e9d-9034-121c-66a34ce17345"}}
{"ts":"2026-06-23T08:37:35.299572Z","ts_unix":1782203855299581,"event":"STATE_SYNC","node":"node_08","addr":"node_08:8001","seq":704,"fields":{"comp":9,"load":0,"mem":11,"neighbors":2,"net":3,"peers":2,"queue":0}}
{"ts":"2026-06-23T08:37:35.299664Z","ts_unix":1782203855299665,"event":"POTENTIAL","node":"node_08","addr":"node_08:8001","seq":705,"fields":{"peers":[{"addr":"node_05:8001","trust":1,"load":0,"queue":0,"comp":10,"mem":10,"net":5,"potential":1.7976931348623157e+308,"phi_self":0.1622641278370785,"age_ms":178},{"addr":"node_07:8001","trust":1,"load":0,"queue":0,"comp":5,"mem":8,"net":12,"potential":1.7976931348623157e+308,"phi_self":0.6473445607799742,"age_ms":66}],"self_comp":9,"self_load":0,"self_mem":11,"self_net":3,"self_phi":0,"self_potential":1,"self_queue":0}}
[node_08] spawned task 5583e6b4
{"ts":"2026-06-23T08:37:35.448149Z","ts_unix":1782203855448153,"event":"TASK_ACCEPT","node":"node_08","addr":"node_08:8001","seq":706,"fields":{"hops":0,"load":0.15,"phi":0.22248536289726606,"potential":2.0155376209282876,"queue":0,"task":"5583e6b4-0351-e843-2890-d34c5ed33bcb"}}
{"ts":"2026-06-23T08:37:35.612770Z","ts_unix":1782203855612776,"event":"TASK_COMPLETE","node":"node_08","addr":"node_08:8001","seq":707,"fields":{"latency_ms":160,"task":"5583e6b4-0351-e843-2890-d34c5ed33bcb"}}
{"ts":"2026-06-23T08:37:35.796243Z","ts_unix":1782203855796259,"event":"STATE_SYNC","node":"node_08","addr":"node_08:8001","seq":708,"fields":{"comp":9,"load":0,"mem":11,"neighbors":2,"net":3,"peers":2,"queue":0}}
{"ts":"2026-06-23T08:37:35.796321Z","ts_unix":1782203855796322,"event":"POTENTIAL","node":"node_08","addr":"node_08:8001","seq":709,"fields":{"peers":[{"addr":"node_05:8001","trust":1,"load":0,"queue":0,"comp":10,"mem":10,"net":5,"potential":1.7976931348623157e+308,"phi_self":0.1622641278370785,"age_ms":175},{"addr":"node_07:8001","trust":1,"load":0.15,"queue":0,"comp":3.5,"mem":5.5,"net":10.5,"potential":1.7976931348623157e+308,"phi_self":0.7257907476246176,"age_ms":67}],"self_comp":9,"self_load":0,"self_mem":11,"self_net":3,"self_phi":0,"self_potential":1,"self_queue":0}}
[node_08] spawned task 81b8bba7
{"ts":"2026-06-23T08:37:36.098125Z","ts_unix":1782203856098130,"event":"TASK_ACCEPT","node":"node_08","addr":"node_08:8001","seq":710,"fields":{"hops":0,"load":0.15,"phi":0.22248536289726606,"potential":2.0155376209282876,"queue":0,"task":"81b8bba7-67d0-28d8-cb46-03990f15b9e5"}}
{"ts":"2026-06-23T08:37:36.264811Z","ts_unix":1782203856264814,"event":"TASK_COMPLETE","node":"node_08","addr":"node_08:8001","seq":711,"fields":{"latency_ms":160,"task":"81b8bba7-67d0-28d8-cb46-03990f15b9e5"}}
{"ts":"2026-06-23T08:37:36.296813Z","ts_unix":1782203856296817,"event":"STATE_SYNC","node":"node_08","addr":"node_08:8001","seq":712,"fields":{"comp":9,"load":0,"mem":11,"neighbors":2,"net":3,"peers":2,"queue":0}}
{"ts":"2026-06-23T08:37:36.296853Z","ts_unix":1782203856296853,"event":"POTENTIAL","node":"node_08","addr":"node_08:8001","seq":713,"fields":{"peers":[{"addr":"node_05:8001","trust":1,"load":0,"queue":0,"comp":10,"mem":10,"net":5,"potential":1.7976931348623157e+308,"phi_self":0.1622641278370785,"age_ms":179},{"addr":"node_07:8001","trust":1,"load":0,"queue":0,"comp":5,"mem":8,"net":12,"potential":1.7976931348623157e+308,"phi_self":0.6473445607799742,"age_ms":60}],"self_comp":9,"self_load":0,"self_mem":11,"self_net":3,"self_phi":0,"self_potential":1,"self_queue":0}}
[node_08] spawned task 7e92de79
{"ts":"2026-06-23T08:37:36.748819Z","ts_unix":1782203856748826,"event":"TASK_ACCEPT","node":"node_08","addr":"node_08:8001","seq":714,"fields":{"hops":0,"load":0.15,"phi":0.22248536289726606,"potential":2.0155376209282876,"queue":0,"task":"7e92de79-7194-0766-977c-308de1d5dcb6"}}
{"ts":"2026-06-23T08:37:36.796801Z","ts_unix":1782203856796808,"event":"STATE_SYNC","node":"node_08","addr":"node_08:8001","seq":715,"fields":{"comp":6.5,"load":0.15,"mem":9,"neighbors":2,"net":2,"peers":2,"queue":0}}
{"ts":"2026-06-23T08:37:36.796893Z","ts_unix":1782203856796894,"event":"POTENTIAL","node":"node_08","addr":"node_08:8001","seq":716,"fields":{"peers":[{"addr":"node_05:8001","trust":1,"load":0.15,"queue":0,"comp":7,"mem":9,"net":2,"potential":1.7976931348623157e+308,"phi_self":0.04205245699288487,"age_ms":178},{"addr":"node_07:8001","trust":1,"load":0,"queue":0,"comp":5,"mem":8,"net":12,"potential":1.7976931348623157e+308,"phi_self":0.6473445607799742,"age_ms":68}],"self_comp":6.5,"self_load":0.15,"self_mem":9,"self_net":2,"self_phi":0.06615288822231989,"self_potential":1.7976931348623157e+308,"self_queue":0}}
{"ts":"2026-06-23T08:37:36.910979Z","ts_unix":1782203856910984,"event":"TASK_COMPLETE","node":"node_08","addr":"node_08:8001","seq":717,"fields":{"latency_ms":160,"task":"7e92de79-7194-0766-977c-308de1d5dcb6"}}
{"ts":"2026-06-23T08:37:37.296708Z","ts_unix":1782203857296713,"event":"STATE_SYNC","node":"node_08","addr":"node_08:8001","seq":718,"fields":{"comp":9,"load":0,"mem":11,"neighbors":2,"net":3,"peers":2,"queue":0}}
{"ts":"2026-06-23T08:37:37.296765Z","ts_unix":1782203857296766,"event":"POTENTIAL","node":"node_08","addr":"node_08:8001","seq":719,"fields":{"peers":[{"addr":"node_05:8001","trust":1,"load":0,"queue":0,"comp":10,"mem":10,"net":5,"potential":1.7976931348623157e+308,"phi_self":0.1622641278370785,"age_ms":179},{"addr":"node_07:8001","trust":1,"load":0,"queue":0,"comp":5,"mem":8,"net":12,"potential":1.7976931348623157e+308,"phi_self":0.6473445607799742,"age_ms":66}],"self_comp":9,"self_load":0,"self_mem":11,"self_net":3,"self_phi":0,"self_potential":1,"self_queue":0}}
[node_08] spawned task a1cf780d
{"ts":"2026-06-23T08:37:37.398772Z","ts_unix":1782203857398779,"event":"TASK_ACCEPT","node":"node_08","addr":"node_08:8001","seq":720,"fields":{"hops":0,"load":0.15,"phi":0.22248536289726606,"potential":2.0155376209282876,"queue":0,"task":"a1cf780d-9b54-6e4d-1c26-a7c197fd1d54"}}
{"ts":"2026-06-23T08:37:37.561274Z","ts_unix":1782203857561278,"event":"TASK_COMPLETE","node":"node_08","addr":"node_08:8001","seq":721,"fields":{"latency_ms":160,"task":"a1cf780d-9b54-6e4d-1c26-a7c197fd1d54"}}
{"ts":"2026-06-23T08:37:37.797496Z","ts_unix":1782203857797501,"event":"STATE_SYNC","node":"node_08","addr":"node_08:8001","seq":722,"fields":{"comp":9,"load":0,"mem":11,"neighbors":2,"net":3,"peers":2,"queue":0}}
{"ts":"2026-06-23T08:37:37.797552Z","ts_unix":1782203857797553,"event":"POTENTIAL","node":"node_08","addr":"node_08:8001","seq":723,"fields":{"peers":[{"addr":"node_05:8001","trust":1,"load":0,"queue":0,"comp":10,"mem":10,"net":5,"potential":1.7976931348623157e+308,"phi_self":0.1622641278370785,"age_ms":179},{"addr":"node_07:8001","trust":1,"load":0,"queue":0,"comp":5,"mem":8,"net":12,"potential":1.7976931348623157e+308,"phi_self":0.6473445607799742,"age_ms":68}],"self_comp":9,"self_load":0,"self_mem":11,"self_net":3,"self_phi":0,"self_potential":1,"self_queue":0}}
[node_08] spawned task 7f0ab892
{"ts":"2026-06-23T08:37:38.049807Z","ts_unix":1782203858049810,"event":"TASK_ACCEPT","node":"node_08","addr":"node_08:8001","seq":724,"fields":{"hops":0,"load":0.15,"phi":0.22248536289726606,"potential":2.0155376209282876,"queue":0,"task":"7f0ab892-17c5-58b2-fb44-122d9b7ec828"}}
{"ts":"2026-06-23T08:37:38.210914Z","ts_unix":1782203858210924,"event":"TASK_COMPLETE","node":"node_08","addr":"node_08:8001","seq":725,"fields":{"latency_ms":160,"task":"7f0ab892-17c5-58b2-fb44-122d9b7ec828"}}
{"ts":"2026-06-23T08:37:38.300812Z","ts_unix":1782203858300818,"event":"STATE_SYNC","node":"node_08","addr":"node_08:8001","seq":726,"fields":{"comp":9,"load":0,"mem":11,"neighbors":2,"net":3,"peers":2,"queue":0}}
{"ts":"2026-06-23T08:37:38.300889Z","ts_unix":1782203858300890,"event":"POTENTIAL","node":"node_08","addr":"node_08:8001","seq":727,"fields":{"peers":[{"addr":"node_05:8001","trust":1,"load":0,"queue":0,"comp":10,"mem":10,"net":5,"potential":1.7976931348623157e+308,"phi_self":0.1622641278370785,"age_ms":184},{"addr":"node_07:8001","trust":1,"load":0.15,"queue":0,"comp":3.5,"mem":5.5,"net":10.5,"potential":1.7976931348623157e+308,"phi_self":0.7257907476246176,"age_ms":72}],"self_comp":9,"self_load":0,"self_mem":11,"self_net":3,"self_phi":0,"self_potential":1,"self_queue":0}}
[node_08] spawned task 09a20a21
{"ts":"2026-06-23T08:37:38.699065Z","ts_unix":1782203858699073,"event":"TASK_ACCEPT","node":"node_08","addr":"node_08:8001","seq":728,"fields":{"hops":0,"load":0.15,"phi":0.22248536289726606,"potential":2.0155376209282876,"queue":0,"task":"09a20a21-56ae-354e-781f-0bb9ef367ae8"}}
{"ts":"2026-06-23T08:37:38.797008Z","ts_unix":1782203858797015,"event":"STATE_SYNC","node":"node_08","addr":"node_08:8001","seq":729,"fields":{"comp":6.5,"load":0.15,"mem":9,"neighbors":2,"net":2,"peers":2,"queue":0}}
{"ts":"2026-06-23T08:37:38.797071Z","ts_unix":1782203858797072,"event":"POTENTIAL","node":"node_08","addr":"node_08:8001","seq":730,"fields":{"peers":[{"addr":"node_05:8001","trust":1,"load":0,"queue":0,"comp":10,"mem":10,"net":5,"potential":1.7976931348623157e+308,"phi_self":0.1622641278370785,"age_ms":180},{"addr":"node_07:8001","trust":1,"load":0,"queue":0,"comp":5,"mem":8,"net":12,"potential":1.7976931348623157e+308,"phi_self":0.6473445607799742,"age_ms":68}],"self_comp":6.5,"self_load":0.15,"self_mem":9,"self_net":2,"self_phi":0.06615288822231989,"self_potential":1.7976931348623157e+308,"self_queue":0}}
{"ts":"2026-06-23T08:37:38.860834Z","ts_unix":1782203858860844,"event":"TASK_COMPLETE","node":"node_08","addr":"node_08:8001","seq":731,"fields":{"latency_ms":160,"task":"09a20a21-56ae-354e-781f-0bb9ef367ae8"}}
{"ts":"2026-06-23T08:37:39.306325Z","ts_unix":1782203859306333,"event":"STATE_SYNC","node":"node_08","addr":"node_08:8001","seq":732,"fields":{"comp":9,"load":0,"mem":11,"neighbors":2,"net":3,"peers":2,"queue":0}}
{"ts":"2026-06-23T08:37:39.306407Z","ts_unix":1782203859306408,"event":"POTENTIAL","node":"node_08","addr":"node_08:8001","seq":733,"fields":{"peers":[{"addr":"node_05:8001","trust":1,"load":0,"queue":0,"comp":10,"mem":10,"net":5,"potential":1.7976931348623157e+308,"phi_self":0.1622641278370785,"age_ms":187},{"addr":"node_07:8001","trust":1,"load":0,"queue":0,"comp":5,"mem":8,"net":12,"potential":1.7976931348623157e+308,"phi_self":0.6473445607799742,"age_ms":77}],"self_comp":9,"self_load":0,"self_mem":11,"self_net":3,"self_phi":0,"self_potential":1,"self_queue":0}}
[node_08] spawned task d841daab
{"ts":"2026-06-23T08:37:39.353341Z","ts_unix":1782203859353349,"event":"TASK_ACCEPT","node":"node_08","addr":"node_08:8001","seq":734,"fields":{"hops":0,"load":0.15,"phi":0.22248536289726606,"potential":2.0155376209282876,"queue":0,"task":"d841daab-90f3-30b0-a92e-94df6b95ce5f"}}
{"ts":"2026-06-23T08:37:39.515805Z","ts_unix":1782203859515810,"event":"TASK_COMPLETE","node":"node_08","addr":"node_08:8001","seq":735,"fields":{"latency_ms":160,"task":"d841daab-90f3-30b0-a92e-94df6b95ce5f"}}
{"ts":"2026-06-23T08:37:39.798104Z","ts_unix":1782203859798108,"event":"STATE_SYNC","node":"node_08","addr":"node_08:8001","seq":736,"fields":{"comp":9,"load":0,"mem":11,"neighbors":2,"net":3,"peers":2,"queue":0}}
{"ts":"2026-06-23T08:37:39.798143Z","ts_unix":1782203859798144,"event":"POTENTIAL","node":"node_08","addr":"node_08:8001","seq":737,"fields":{"peers":[{"addr":"node_05:8001","trust":1,"load":0,"queue":0,"comp":10,"mem":10,"net":5,"potential":1.7976931348623157e+308,"phi_self":0.1622641278370785,"age_ms":181},{"addr":"node_07:8001","trust":1,"load":0.15,"queue":0,"comp":3.5,"mem":5.5,"net":10.5,"potential":1.7976931348623157e+308,"phi_self":0.7257907476246176,"age_ms":68}],"self_comp":9,"self_load":0,"self_mem":11,"self_net":3,"self_phi":0,"self_potential":1,"self_queue":0}}
[node_08] spawned task 4c4b88ff
{"ts":"2026-06-23T08:37:39.998326Z","ts_unix":1782203859998332,"event":"TASK_ACCEPT","node":"node_08","addr":"node_08:8001","seq":738,"fields":{"hops":0,"load":0.15,"phi":0.22248536289726606,"potential":2.0155376209282876,"queue":0,"task":"4c4b88ff-0641-dffd-ec71-6e5f8a9fefbd"}}
{"ts":"2026-06-23T08:37:40.163559Z","ts_unix":1782203860163567,"event":"TASK_COMPLETE","node":"node_08","addr":"node_08:8001","seq":739,"fields":{"latency_ms":160,"task":"4c4b88ff-0641-dffd-ec71-6e5f8a9fefbd"}}
{"ts":"2026-06-23T08:37:40.298622Z","ts_unix":1782203860298627,"event":"STATE_SYNC","node":"node_08","addr":"node_08:8001","seq":740,"fields":{"comp":9,"load":0,"mem":11,"neighbors":2,"net":3,"peers":2,"queue":0}}
{"ts":"2026-06-23T08:37:40.298687Z","ts_unix":1782203860298688,"event":"POTENTIAL","node":"node_08","addr":"node_08:8001","seq":741,"fields":{"peers":[{"addr":"node_05:8001","trust":1,"load":0.15,"queue":0,"comp":7,"mem":9,"net":2,"potential":1.7976931348623157e+308,"phi_self":0.04205245699288487,"age_ms":181},{"addr":"node_07:8001","trust":1,"load":0,"queue":0,"comp":5,"mem":8,"net":12,"potential":1.7976931348623157e+308,"phi_self":0.6473445607799742,"age_ms":68}],"self_comp":9,"self_load":0,"self_mem":11,"self_net":3,"self_phi":0,"self_potential":1,"self_queue":0}}
[node_08] spawned task 02d54471
{"ts":"2026-06-23T08:37:40.648098Z","ts_unix":1782203860648102,"event":"TASK_ACCEPT","node":"node_08","addr":"node_08:8001","seq":742,"fields":{"hops":0,"load":0.15,"phi":0.22248536289726606,"potential":2.0155376209282876,"queue":0,"task":"02d54471-e4d7-0833-8c66-c0e884fbb177"}}
{"ts":"2026-06-23T08:37:40.796687Z","ts_unix":1782203860796691,"event":"STATE_SYNC","node":"node_08","addr":"node_08:8001","seq":743,"fields":{"comp":6.5,"load":0.15,"mem":9,"neighbors":2,"net":2,"peers":2,"queue":0}}
{"ts":"2026-06-23T08:37:40.796739Z","ts_unix":1782203860796740,"event":"POTENTIAL","node":"node_08","addr":"node_08:8001","seq":744,"fields":{"peers":[{"addr":"node_05:8001","trust":1,"load":0,"queue":0,"comp":10,"mem":10,"net":5,"potential":1.7976931348623157e+308,"phi_self":0.1622641278370785,"age_ms":180},{"addr":"node_07:8001","trust":1,"load":0,"queue":0,"comp":5,"mem":8,"net":12,"potential":1.7976931348623157e+308,"phi_self":0.6473445607799742,"age_ms":67}],"self_comp":6.5,"self_load":0.15,"self_mem":9,"self_net":2,"self_phi":0.06615288822231989,"self_potential":1.7976931348623157e+308,"self_queue":0}}
{"ts":"2026-06-23T08:37:40.810611Z","ts_unix":1782203860810614,"event":"TASK_COMPLETE","node":"node_08","addr":"node_08:8001","seq":745,"fields":{"latency_ms":160,"task":"02d54471-e4d7-0833-8c66-c0e884fbb177"}}
[node_08] spawned task 48731ab6
{"ts":"2026-06-23T08:37:41.298706Z","ts_unix":1782203861298714,"event":"TASK_ACCEPT","node":"node_08","addr":"node_08:8001","seq":746,"fields":{"hops":0,"load":0.15,"phi":0.22248536289726606,"potential":2.0155376209282876,"queue":0,"task":"48731ab6-4b44-7b36-41a3-270ba48477bd"}}
{"ts":"2026-06-23T08:37:41.298749Z","ts_unix":1782203861298750,"event":"STATE_SYNC","node":"node_08","addr":"node_08:8001","seq":747,"fields":{"comp":6.5,"load":0.15,"mem":9,"neighbors":2,"net":2,"peers":2,"queue":0}}
{"ts":"2026-06-23T08:37:41.298765Z","ts_unix":1782203861298766,"event":"POTENTIAL","node":"node_08","addr":"node_08:8001","seq":748,"fields":{"peers":[{"addr":"node_07:8001","trust":1,"load":0,"queue":0,"comp":5,"mem":8,"net":12,"potential":1.7976931348623157e+308,"phi_self":0.6473445607799742,"age_ms":70},{"addr":"node_05:8001","trust":1,"load":0,"queue":0,"comp":10,"mem":10,"net":5,"potential":1.7976931348623157e+308,"phi_self":0.1622641278370785,"age_ms":172}],"self_comp":6.5,"self_load":0.15,"self_mem":9,"self_net":2,"self_phi":0.06615288822231989,"self_potential":1.7976931348623157e+308,"self_queue":0}}
{"ts":"2026-06-23T08:37:41.459247Z","ts_unix":1782203861459252,"event":"TASK_COMPLETE","node":"node_08","addr":"node_08:8001","seq":749,"fields":{"latency_ms":160,"task":"48731ab6-4b44-7b36-41a3-270ba48477bd"}}
{"ts":"2026-06-23T08:37:41.799640Z","ts_unix":1782203861799649,"event":"STATE_SYNC","node":"node_08","addr":"node_08:8001","seq":750,"fields":{"comp":9,"load":0,"mem":11,"neighbors":2,"net":3,"peers":2,"queue":0}}
{"ts":"2026-06-23T08:37:41.799718Z","ts_unix":1782203861799720,"event":"POTENTIAL","node":"node_08","addr":"node_08:8001","seq":751,"fields":{"peers":[{"addr":"node_05:8001","trust":1,"load":0.15,"queue":0,"comp":7,"mem":9,"net":2,"potential":1.7976931348623157e+308,"phi_self":0.04205245699288487,"age_ms":182},{"addr":"node_07:8001","trust":1,"load":0,"queue":0,"comp":5,"mem":8,"net":12,"potential":1.7976931348623157e+308,"phi_self":0.6473445607799742,"age_ms":70}],"self_comp":9,"self_load":0,"self_mem":11,"self_net":3,"self_phi":0,"self_potential":1,"self_queue":0}}
[node_08] spawned task b3790d75
{"ts":"2026-06-23T08:37:41.948170Z","ts_unix":1782203861948176,"event":"TASK_ACCEPT","node":"node_08","addr":"node_08:8001","seq":752,"fields":{"hops":0,"load":0.15,"phi":0.22248536289726606,"potential":2.0155376209282876,"queue":0,"task":"b3790d75-52a8-06d7-4f5c-21716f5e6dc0"}}
{"ts":"2026-06-23T08:37:42.113588Z","ts_unix":1782203862113592,"event":"TASK_COMPLETE","node":"node_08","addr":"node_08:8001","seq":753,"fields":{"latency_ms":160,"task":"b3790d75-52a8-06d7-4f5c-21716f5e6dc0"}}
{"ts":"2026-06-23T08:37:42.296638Z","ts_unix":1782203862296644,"event":"STATE_SYNC","node":"node_08","addr":"node_08:8001","seq":754,"fields":{"comp":9,"load":0,"mem":11,"neighbors":2,"net":3,"peers":2,"queue":0}}
{"ts":"2026-06-23T08:37:42.296715Z","ts_unix":1782203862296716,"event":"POTENTIAL","node":"node_08","addr":"node_08:8001","seq":755,"fields":{"peers":[{"addr":"node_05:8001","trust":1,"load":0,"queue":0,"comp":10,"mem":10,"net":5,"potential":1.7976931348623157e+308,"phi_self":0.1622641278370785,"age_ms":179},{"addr":"node_07:8001","trust":1,"load":0.15,"queue":0,"comp":3.5,"mem":5.5,"net":10.5,"potential":1.7976931348623157e+308,"phi_self":0.7257907476246176,"age_ms":64}],"self_comp":9,"self_load":0,"self_mem":11,"self_net":3,"self_phi":0,"self_potential":1,"self_queue":0}}
[node_08] spawned task 5014bd7c
{"ts":"2026-06-23T08:37:42.598282Z","ts_unix":1782203862598284,"event":"TASK_ACCEPT","node":"node_08","addr":"node_08:8001","seq":756,"fields":{"hops":0,"load":0.15,"phi":0.22248536289726606,"potential":2.0155376209282876,"queue":0,"task":"5014bd7c-a2f8-2634-7297-163498d0a9ae"}}
{"ts":"2026-06-23T08:37:42.763451Z","ts_unix":1782203862763460,"event":"TASK_COMPLETE","node":"node_08","addr":"node_08:8001","seq":757,"fields":{"latency_ms":160,"task":"5014bd7c-a2f8-2634-7297-163498d0a9ae"}}
{"ts":"2026-06-23T08:37:42.797416Z","ts_unix":1782203862797418,"event":"STATE_SYNC","node":"node_08","addr":"node_08:8001","seq":758,"fields":{"comp":9,"load":0,"mem":11,"neighbors":2,"net":3,"peers":2,"queue":0}}
{"ts":"2026-06-23T08:37:42.797465Z","ts_unix":1782203862797467,"event":"POTENTIAL","node":"node_08","addr":"node_08:8001","seq":759,"fields":{"peers":[{"addr":"node_07:8001","trust":1,"load":0,"queue":0,"comp":5,"mem":8,"net":12,"potential":1.7976931348623157e+308,"phi_self":0.6473445607799742,"age_ms":67},{"addr":"node_05:8001","trust":1,"load":0,"queue":0,"comp":10,"mem":10,"net":5,"potential":1.7976931348623157e+308,"phi_self":0.1622641278370785,"age_ms":180}],"self_comp":9,"self_load":0,"self_mem":11,"self_net":3,"self_phi":0,"self_potential":1,"self_queue":0}}
[node_08] spawned task 90de4b67
{"ts":"2026-06-23T08:37:43.251003Z","ts_unix":1782203863251007,"event":"TASK_ACCEPT","node":"node_08","addr":"node_08:8001","seq":760,"fields":{"hops":0,"load":0.15,"phi":0.22248536289726606,"potential":2.0155376209282876,"queue":0,"task":"90de4b67-1b0b-c171-0d0a-fd7e19ac6a55"}}
{"ts":"2026-06-23T08:37:43.301726Z","ts_unix":1782203863301734,"event":"STATE_SYNC","node":"node_08","addr":"node_08:8001","seq":761,"fields":{"comp":6.5,"load":0.15,"mem":9,"neighbors":2,"net":2,"peers":2,"queue":0}}
{"ts":"2026-06-23T08:37:43.301807Z","ts_unix":1782203863301809,"event":"POTENTIAL","node":"node_08","addr":"node_08:8001","seq":762,"fields":{"peers":[{"addr":"node_07:8001","trust":1,"load":0,"queue":0,"comp":5,"mem":8,"net":12,"potential":1.7976931348623157e+308,"phi_self":0.6473445607799742,"age_ms":63},{"addr":"node_05:8001","trust":1,"load":0,"queue":0,"comp":10,"mem":10,"net":5,"potential":1.7976931348623157e+308,"phi_self":0.1622641278370785,"age_ms":182}],"self_comp":6.5,"self_load":0.15,"self_mem":9,"self_net":2,"self_phi":0.06615288822231989,"self_potential":1.7976931348623157e+308,"self_queue":0}}
{"ts":"2026-06-23T08:37:43.412686Z","ts_unix":1782203863412690,"event":"TASK_COMPLETE","node":"node_08","addr":"node_08:8001","seq":763,"fields":{"latency_ms":160,"task":"90de4b67-1b0b-c171-0d0a-fd7e19ac6a55"}}
{"ts":"2026-06-23T08:37:43.796603Z","ts_unix":1782203863796606,"event":"STATE_SYNC","node":"node_08","addr":"node_08:8001","seq":764,"fields":{"comp":9,"load":0,"mem":11,"neighbors":2,"net":3,"peers":2,"queue":0}}
{"ts":"2026-06-23T08:37:43.796650Z","ts_unix":1782203863796651,"event":"POTENTIAL","node":"node_08","addr":"node_08:8001","seq":765,"fields":{"peers":[{"addr":"node_05:8001","trust":1,"load":0.15,"queue":0,"comp":7,"mem":9,"net":2,"potential":1.7976931348623157e+308,"phi_self":0.04205245699288487,"age_ms":180},{"addr":"node_07:8001","trust":1,"load":0.15,"queue":0,"comp":3.5,"mem":5.5,"net":10.5,"potential":1.7976931348623157e+308,"phi_self":0.7257907476246176,"age_ms":67}],"self_comp":9,"self_load":0,"self_mem":11,"self_net":3,"self_phi":0,"self_potential":1,"self_queue":0}}
[node_08] spawned task ccd34e78
{"ts":"2026-06-23T08:37:43.897492Z","ts_unix":1782203863897496,"event":"TASK_ACCEPT","node":"node_08","addr":"node_08:8001","seq":766,"fields":{"hops":0,"load":0.15,"phi":0.22248536289726606,"potential":2.0155376209282876,"queue":0,"task":"ccd34e78-86a8-8c01-367f-08c19bf1ec31"}}
{"ts":"2026-06-23T08:37:44.060456Z","ts_unix":1782203864060460,"event":"TASK_COMPLETE","node":"node_08","addr":"node_08:8001","seq":767,"fields":{"latency_ms":160,"task":"ccd34e78-86a8-8c01-367f-08c19bf1ec31"}}
{"ts":"2026-06-23T08:37:44.298194Z","ts_unix":1782203864298200,"event":"STATE_SYNC","node":"node_08","addr":"node_08:8001","seq":768,"fields":{"comp":9,"load":0,"mem":11,"neighbors":2,"net":3,"peers":2,"queue":0}}
{"ts":"2026-06-23T08:37:44.298255Z","ts_unix":1782203864298256,"event":"POTENTIAL","node":"node_08","addr":"node_08:8001","seq":769,"fields":{"peers":[{"addr":"node_05:8001","trust":1,"load":0,"queue":0,"comp":10,"mem":10,"net":5,"potential":1.7976931348623157e+308,"phi_self":0.1622641278370785,"age_ms":180},{"addr":"node_07:8001","trust":1,"load":0,"queue":0,"comp":5,"mem":8,"net":12,"potential":1.7976931348623157e+308,"phi_self":0.6473445607799742,"age_ms":70}],"self_comp":9,"self_load":0,"self_mem":11,"self_net":3,"self_phi":0,"self_potential":1,"self_queue":0}}
[node_08] spawned task 0602e51a
{"ts":"2026-06-23T08:37:44.549960Z","ts_unix":1782203864549970,"event":"TASK_ACCEPT","node":"node_08","addr":"node_08:8001","seq":770,"fields":{"hops":0,"load":0.15,"phi":0.22248536289726606,"potential":2.0155376209282876,"queue":0,"task":"0602e51a-10c9-dc34-4c8b-a4f0acccbbe3"}}
{"ts":"2026-06-23T08:37:44.711430Z","ts_unix":1782203864711437,"event":"TASK_COMPLETE","node":"node_08","addr":"node_08:8001","seq":771,"fields":{"latency_ms":160,"task":"0602e51a-10c9-dc34-4c8b-a4f0acccbbe3"}}
{"ts":"2026-06-23T08:37:44.797012Z","ts_unix":1782203864797021,"event":"STATE_SYNC","node":"node_08","addr":"node_08:8001","seq":772,"fields":{"comp":9,"load":0,"mem":11,"neighbors":2,"net":3,"peers":2,"queue":0}}
{"ts":"2026-06-23T08:37:44.797104Z","ts_unix":1782203864797106,"event":"POTENTIAL","node":"node_08","addr":"node_08:8001","seq":773,"fields":{"peers":[{"addr":"node_05:8001","trust":1,"load":0,"queue":0,"comp":10,"mem":10,"net":5,"potential":1.7976931348623157e+308,"phi_self":0.1622641278370785,"age_ms":180},{"addr":"node_07:8001","trust":1,"load":0,"queue":0,"comp":5,"mem":8,"net":12,"potential":1.7976931348623157e+308,"phi_self":0.6473445607799742,"age_ms":65}],"self_comp":9,"self_load":0,"self_mem":11,"self_net":3,"self_phi":0,"self_potential":1,"self_queue":0}}
[node_08] spawned task 1736a2cc
{"ts":"2026-06-23T08:37:45.199035Z","ts_unix":1782203865199037,"event":"TASK_ACCEPT","node":"node_08","addr":"node_08:8001","seq":774,"fields":{"hops":0,"load":0.15,"phi":0.22248536289726606,"potential":2.0155376209282876,"queue":0,"task":"1736a2cc-0247-3c26-93eb-38a07e38c3fd"}}
{"ts":"2026-06-23T08:37:45.304549Z","ts_unix":1782203865304555,"event":"STATE_SYNC","node":"node_08","addr":"node_08:8001","seq":775,"fields":{"comp":6.5,"load":0.15,"mem":9,"neighbors":2,"net":2,"peers":2,"queue":0}}
{"ts":"2026-06-23T08:37:45.304617Z","ts_unix":1782203865304618,"event":"POTENTIAL","node":"node_08","addr":"node_08:8001","seq":776,"fields":{"peers":[{"addr":"node_05:8001","trust":1,"load":0.15,"queue":0,"comp":7,"mem":9,"net":2,"potential":1.7976931348623157e+308,"phi_self":0.04205245699288487,"age_ms":188},{"addr":"node_07:8001","trust":1,"load":0,"queue":0,"comp":5,"mem":8,"net":12,"potential":1.7976931348623157e+308,"phi_self":0.6473445607799742,"age_ms":72}],"self_comp":6.5,"self_load":0.15,"self_mem":9,"self_net":2,"self_phi":0.06615288822231989,"self_potential":1.7976931348623157e+308,"self_queue":0}}
{"ts":"2026-06-23T08:37:45.364405Z","ts_unix":1782203865364414,"event":"TASK_COMPLETE","node":"node_08","addr":"node_08:8001","seq":777,"fields":{"latency_ms":160,"task":"1736a2cc-0247-3c26-93eb-38a07e38c3fd"}}
{"ts":"2026-06-23T08:37:45.796371Z","ts_unix":1782203865796375,"event":"STATE_SYNC","node":"node_08","addr":"node_08:8001","seq":778,"fields":{"comp":9,"load":0,"mem":11,"neighbors":2,"net":3,"peers":2,"queue":0}}
{"ts":"2026-06-23T08:37:45.796441Z","ts_unix":1782203865796442,"event":"POTENTIAL","node":"node_08","addr":"node_08:8001","seq":779,"fields":{"peers":[{"addr":"node_05:8001","trust":1,"load":0,"queue":0,"comp":10,"mem":10,"net":5,"potential":1.7976931348623157e+308,"phi_self":0.1622641278370785,"age_ms":180},{"addr":"node_07:8001","trust":1,"load":0,"queue":0,"comp":5,"mem":8,"net":12,"potential":1.7976931348623157e+308,"phi_self":0.6473445607799742,"age_ms":67}],"self_comp":9,"self_load":0,"self_mem":11,"self_net":3,"self_phi":0,"self_potential":1,"self_queue":0}}
[node_08] spawned task 54a211c5
{"ts":"2026-06-23T08:37:45.850741Z","ts_unix":1782203865850748,"event":"TASK_ACCEPT","node":"node_08","addr":"node_08:8001","seq":780,"fields":{"hops":0,"load":0.15,"phi":0.22248536289726606,"potential":2.0155376209282876,"queue":0,"task":"54a211c5-6a22-35c1-97e3-a11d638d7ba0"}}
{"ts":"2026-06-23T08:37:46.013064Z","ts_unix":1782203866013067,"event":"TASK_COMPLETE","node":"node_08","addr":"node_08:8001","seq":781,"fields":{"latency_ms":160,"task":"54a211c5-6a22-35c1-97e3-a11d638d7ba0"}}
{"ts":"2026-06-23T08:37:46.300518Z","ts_unix":1782203866300522,"event":"STATE_SYNC","node":"node_08","addr":"node_08:8001","seq":782,"fields":{"comp":9,"load":0,"mem":11,"neighbors":2,"net":3,"peers":2,"queue":0}}
{"ts":"2026-06-23T08:37:46.300570Z","ts_unix":1782203866300571,"event":"POTENTIAL","node":"node_08","addr":"node_08:8001","seq":783,"fields":{"peers":[{"addr":"node_05:8001","trust":1,"load":0,"queue":0,"comp":10,"mem":10,"net":5,"potential":1.7976931348623157e+308,"phi_self":0.1622641278370785,"age_ms":184},{"addr":"node_07:8001","trust":1,"load":0.15,"queue":0,"comp":3.5,"mem":5.5,"net":10.5,"potential":1.7976931348623157e+308,"phi_self":0.7257907476246176,"age_ms":73}],"self_comp":9,"self_load":0,"self_mem":11,"self_net":3,"self_phi":0,"self_potential":1,"self_queue":0}}
[node_08] spawned task 4e43c425
{"ts":"2026-06-23T08:37:46.497678Z","ts_unix":1782203866497682,"event":"TASK_ACCEPT","node":"node_08","addr":"node_08:8001","seq":784,"fields":{"hops":0,"load":0.15,"phi":0.22248536289726606,"potential":2.0155376209282876,"queue":0,"task":"4e43c425-6dff-d0a5-4a8b-ac549f673d94"}}
{"ts":"2026-06-23T08:37:46.662119Z","ts_unix":1782203866662123,"event":"TASK_COMPLETE","node":"node_08","addr":"node_08:8001","seq":785,"fields":{"latency_ms":160,"task":"4e43c425-6dff-d0a5-4a8b-ac549f673d94"}}
{"ts":"2026-06-23T08:37:46.796339Z","ts_unix":1782203866796341,"event":"STATE_SYNC","node":"node_08","addr":"node_08:8001","seq":786,"fields":{"comp":9,"load":0,"mem":11,"neighbors":2,"net":3,"peers":2,"queue":0}}
{"ts":"2026-06-23T08:37:46.796539Z","ts_unix":1782203866796542,"event":"POTENTIAL","node":"node_08","addr":"node_08:8001","seq":787,"fields":{"peers":[{"addr":"node_05:8001","trust":1,"load":0,"queue":0,"comp":10,"mem":10,"net":5,"potential":1.7976931348623157e+308,"phi_self":0.1622641278370785,"age_ms":179},{"addr":"node_07:8001","trust":1,"load":0,"queue":0,"comp":5,"mem":8,"net":12,"potential":1.7976931348623157e+308,"phi_self":0.6473445607799742,"age_ms":66}],"self_comp":9,"self_load":0,"self_mem":11,"self_net":3,"self_phi":0,"self_potential":1,"self_queue":0}}
[node_08] spawned task fb171156
{"ts":"2026-06-23T08:37:47.151742Z","ts_unix":1782203867151747,"event":"TASK_ACCEPT","node":"node_08","addr":"node_08:8001","seq":788,"fields":{"hops":0,"load":0.15,"phi":0.22248536289726606,"potential":2.0155376209282876,"queue":0,"task":"fb171156-09fc-aabf-f4ed-ce07d5446821"}}
{"ts":"2026-06-23T08:37:47.296307Z","ts_unix":1782203867296310,"event":"STATE_SYNC","node":"node_08","addr":"node_08:8001","seq":789,"fields":{"comp":6.5,"load":0.15,"mem":9,"neighbors":2,"net":2,"peers":2,"queue":0}}
{"ts":"2026-06-23T08:37:47.296356Z","ts_unix":1782203867296357,"event":"POTENTIAL","node":"node_08","addr":"node_08:8001","seq":790,"fields":{"peers":[{"addr":"node_05:8001","trust":1,"load":0.15,"queue":0,"comp":7,"mem":9,"net":2,"potential":1.7976931348623157e+308,"phi_self":0.04205245699288487,"age_ms":177},{"addr":"node_07:8001","trust":1,"load":0,"queue":0,"comp":5,"mem":8,"net":12,"potential":1.7976931348623157e+308,"phi_self":0.6473445607799742,"age_ms":66}],"self_comp":6.5,"self_load":0.15,"self_mem":9,"self_net":2,"self_phi":0.06615288822231989,"self_potential":1.7976931348623157e+308,"self_queue":0}}
{"ts":"2026-06-23T08:37:47.313532Z","ts_unix":1782203867313540,"event":"TASK_COMPLETE","node":"node_08","addr":"node_08:8001","seq":791,"fields":{"latency_ms":160,"task":"fb171156-09fc-aabf-f4ed-ce07d5446821"}}
{"ts":"2026-06-23T08:37:47.796393Z","ts_unix":1782203867796399,"event":"STATE_SYNC","node":"node_08","addr":"node_08:8001","seq":792,"fields":{"comp":9,"load":0,"mem":11,"neighbors":2,"net":3,"peers":2,"queue":0}}
{"ts":"2026-06-23T08:37:47.796472Z","ts_unix":1782203867796474,"event":"POTENTIAL","node":"node_08","addr":"node_08:8001","seq":793,"fields":{"peers":[{"addr":"node_05:8001","trust":1,"load":0,"queue":0,"comp":10,"mem":10,"net":5,"potential":1.7976931348623157e+308,"phi_self":0.1622641278370785,"age_ms":179},{"addr":"node_07:8001","trust":1,"load":0.15,"queue":0,"comp":3.5,"mem":5.5,"net":10.5,"potential":1.7976931348623157e+308,"phi_self":0.7257907476246176,"age_ms":68}],"self_comp":9,"self_load":0,"self_mem":11,"self_net":3,"self_phi":0,"self_potential":1,"self_queue":0}}
[node_08] spawned task 38896b37
{"ts":"2026-06-23T08:37:47.796997Z","ts_unix":1782203867796999,"event":"TASK_ACCEPT","node":"node_08","addr":"node_08:8001","seq":794,"fields":{"hops":0,"load":0.15,"phi":0.22248536289726606,"potential":2.0155376209282876,"queue":0,"task":"38896b37-502c-b6ba-3994-a86308b2338e"}}
{"ts":"2026-06-23T08:37:47.958016Z","ts_unix":1782203867958021,"event":"TASK_COMPLETE","node":"node_08","addr":"node_08:8001","seq":795,"fields":{"latency_ms":160,"task":"38896b37-502c-b6ba-3994-a86308b2338e"}}
{"ts":"2026-06-23T08:37:48.303841Z","ts_unix":1782203868303849,"event":"STATE_SYNC","node":"node_08","addr":"node_08:8001","seq":796,"fields":{"comp":9,"load":0,"mem":11,"neighbors":2,"net":3,"peers":2,"queue":0}}
{"ts":"2026-06-23T08:37:48.303925Z","ts_unix":1782203868303927,"event":"POTENTIAL","node":"node_08","addr":"node_08:8001","seq":797,"fields":{"peers":[{"addr":"node_07:8001","trust":1,"load":0,"queue":0,"comp":5,"mem":8,"net":12,"potential":1.7976931348623157e+308,"phi_self":0.6473445607799742,"age_ms":66},{"addr":"node_05:8001","trust":1,"load":0,"queue":0,"comp":10,"mem":10,"net":5,"potential":1.7976931348623157e+308,"phi_self":0.1622641278370785,"age_ms":186}],"self_comp":9,"self_load":0,"self_mem":11,"self_net":3,"self_phi":0,"self_potential":1,"self_queue":0}}
[node_08] spawned task 9e118244
{"ts":"2026-06-23T08:37:48.447116Z","ts_unix":1782203868447126,"event":"TASK_ACCEPT","node":"node_08","addr":"node_08:8001","seq":798,"fields":{"hops":0,"load":0.15,"phi":0.22248536289726606,"potential":2.0155376209282876,"queue":0,"task":"9e118244-3fd9-a799-e6b4-3a24fc325d9e"}}
{"ts":"2026-06-23T08:37:48.611366Z","ts_unix":1782203868611369,"event":"TASK_COMPLETE","node":"node_08","addr":"node_08:8001","seq":799,"fields":{"latency_ms":160,"task":"9e118244-3fd9-a799-e6b4-3a24fc325d9e"}}
{"ts":"2026-06-23T08:37:48.797555Z","ts_unix":1782203868797559,"event":"STATE_SYNC","node":"node_08","addr":"node_08:8001","seq":800,"fields":{"comp":9,"load":0,"mem":11,"neighbors":2,"net":3,"peers":2,"queue":0}}
{"ts":"2026-06-23T08:37:48.797620Z","ts_unix":1782203868797622,"event":"POTENTIAL","node":"node_08","addr":"node_08:8001","seq":801,"fields":{"peers":[{"addr":"node_05:8001","trust":1,"load":0.15,"queue":0,"comp":7,"mem":9,"net":2,"potential":1.7976931348623157e+308,"phi_self":0.04205245699288487,"age_ms":181},{"addr":"node_07:8001","trust":1,"load":0,"queue":0,"comp":5,"mem":8,"net":12,"potential":1.7976931348623157e+308,"phi_self":0.6473445607799742,"age_ms":67}],"self_comp":9,"self_load":0,"self_mem":11,"self_net":3,"self_phi":0,"self_potential":1,"self_queue":0}}
[node_08] spawned task 6752dab9
{"ts":"2026-06-23T08:37:49.100930Z","ts_unix":1782203869100938,"event":"TASK_ACCEPT","node":"node_08","addr":"node_08:8001","seq":802,"fields":{"hops":0,"load":0.15,"phi":0.22248536289726606,"potential":2.0155376209282876,"queue":0,"task":"6752dab9-420a-5c00-c2f5-bdb3bcd1a227"}}
{"ts":"2026-06-23T08:37:49.261301Z","ts_unix":1782203869261304,"event":"TASK_COMPLETE","node":"node_08","addr":"node_08:8001","seq":803,"fields":{"latency_ms":160,"task":"6752dab9-420a-5c00-c2f5-bdb3bcd1a227"}}
{"ts":"2026-06-23T08:37:49.297172Z","ts_unix":1782203869297175,"event":"STATE_SYNC","node":"node_08","addr":"node_08:8001","seq":804,"fields":{"comp":9,"load":0,"mem":11,"neighbors":2,"net":3,"peers":2,"queue":0}}
{"ts":"2026-06-23T08:37:49.297214Z","ts_unix":1782203869297215,"event":"POTENTIAL","node":"node_08","addr":"node_08:8001","seq":805,"fields":{"peers":[{"addr":"node_05:8001","trust":1,"load":0,"queue":0,"comp":10,"mem":10,"net":5,"potential":1.7976931348623157e+308,"phi_self":0.1622641278370785,"age_ms":180},{"addr":"node_07:8001","trust":1,"load":0.15,"queue":0,"comp":3.5,"mem":5.5,"net":10.5,"potential":1.7976931348623157e+308,"phi_self":0.7257907476246176,"age_ms":67}],"self_comp":9,"self_load":0,"self_mem":11,"self_net":3,"self_phi":0,"self_potential":1,"self_queue":0}}
[node_08] spawned task 027b21ea
{"ts":"2026-06-23T08:37:49.749360Z","ts_unix":1782203869749365,"event":"TASK_ACCEPT","node":"node_08","addr":"node_08:8001","seq":806,"fields":{"hops":0,"load":0.15,"phi":0.22248536289726606,"potential":2.0155376209282876,"queue":0,"task":"027b21ea-ea9d-44d3-daea-5113352c4cd4"}}
{"ts":"2026-06-23T08:37:49.798609Z","ts_unix":1782203869798613,"event":"STATE_SYNC","node":"node_08","addr":"node_08:8001","seq":807,"fields":{"comp":6.5,"load":0.15,"mem":9,"neighbors":2,"net":2,"peers":2,"queue":0}}
{"ts":"2026-06-23T08:37:49.798665Z","ts_unix":1782203869798667,"event":"POTENTIAL","node":"node_08","addr":"node_08:8001","seq":808,"fields":{"peers":[{"addr":"node_07:8001","trust":1,"load":0,"queue":0,"comp":5,"mem":8,"net":12,"potential":1.7976931348623157e+308,"phi_self":0.6473445607799742,"age_ms":70},{"addr":"node_05:8001","trust":1,"load":0,"queue":0,"comp":10,"mem":10,"net":5,"potential":1.7976931348623157e+308,"phi_self":0.1622641278370785,"age_ms":171}],"self_comp":6.5,"self_load":0.15,"self_mem":9,"self_net":2,"self_phi":0.06615288822231989,"self_potential":1.7976931348623157e+308,"self_queue":0}}
{"ts":"2026-06-23T08:37:49.911551Z","ts_unix":1782203869911557,"event":"TASK_COMPLETE","node":"node_08","addr":"node_08:8001","seq":809,"fields":{"latency_ms":160,"task":"027b21ea-ea9d-44d3-daea-5113352c4cd4"}}
{"ts":"2026-06-23T08:37:50.299716Z","ts_unix":1782203870299721,"event":"STATE_SYNC","node":"node_08","addr":"node_08:8001","seq":810,"fields":{"comp":9,"load":0,"mem":11,"neighbors":2,"net":3,"peers":2,"queue":0}}
{"ts":"2026-06-23T08:37:50.299782Z","ts_unix":1782203870299783,"event":"POTENTIAL","node":"node_08","addr":"node_08:8001","seq":811,"fields":{"peers":[{"addr":"node_05:8001","trust":1,"load":0,"queue":0,"comp":10,"mem":10,"net":5,"potential":1.7976931348623157e+308,"phi_self":0.1622641278370785,"age_ms":175},{"addr":"node_07:8001","trust":1,"load":0.15,"queue":0,"comp":3.5,"mem":5.5,"net":10.5,"potential":1.7976931348623157e+308,"phi_self":0.7257907476246176,"age_ms":69}],"self_comp":9,"self_load":0,"self_mem":11,"self_net":3,"self_phi":0,"self_potential":1,"self_queue":0}}
[node_08] spawned task 074c712f
{"ts":"2026-06-23T08:37:50.397675Z","ts_unix":1782203870397679,"event":"TASK_ACCEPT","node":"node_08","addr":"node_08:8001","seq":812,"fields":{"hops":0,"load":0.15,"phi":0.22248536289726606,"potential":2.0155376209282876,"queue":0,"task":"074c712f-8e92-ac0d-bd9d-b3c1e290c546"}}
{"ts":"2026-06-23T08:37:50.562488Z","ts_unix":1782203870562491,"event":"TASK_COMPLETE","node":"node_08","addr":"node_08:8001","seq":813,"fields":{"latency_ms":160,"task":"074c712f-8e92-ac0d-bd9d-b3c1e290c546"}}
{"ts":"2026-06-23T08:37:50.796291Z","ts_unix":1782203870796302,"event":"STATE_SYNC","node":"node_08","addr":"node_08:8001","seq":814,"fields":{"comp":9,"load":0,"mem":11,"neighbors":2,"net":3,"peers":2,"queue":0}}
{"ts":"2026-06-23T08:37:50.796360Z","ts_unix":1782203870796362,"event":"POTENTIAL","node":"node_08","addr":"node_08:8001","seq":815,"fields":{"peers":[{"addr":"node_05:8001","trust":1,"load":0.15,"queue":0,"comp":7,"mem":9,"net":2,"potential":1.7976931348623157e+308,"phi_self":0.04205245699288487,"age_ms":179},{"addr":"node_07:8001","trust":1,"load":0,"queue":0,"comp":5,"mem":8,"net":12,"potential":1.7976931348623157e+308,"phi_self":0.6473445607799742,"age_ms":66}],"self_comp":9,"self_load":0,"self_mem":11,"self_net":3,"self_phi":0,"self_potential":1,"self_queue":0}}
[node_08] spawned task 579fc145
{"ts":"2026-06-23T08:37:51.048370Z","ts_unix":1782203871048375,"event":"TASK_ACCEPT","node":"node_08","addr":"node_08:8001","seq":816,"fields":{"hops":0,"load":0.15,"phi":0.22248536289726606,"potential":2.0155376209282876,"queue":0,"task":"579fc145-84c0-78ca-0e90-2da495dde35f"}}
{"ts":"2026-06-23T08:37:51.210136Z","ts_unix":1782203871210140,"event":"TASK_COMPLETE","node":"node_08","addr":"node_08:8001","seq":817,"fields":{"latency_ms":160,"task":"579fc145-84c0-78ca-0e90-2da495dde35f"}}
{"ts":"2026-06-23T08:37:51.296775Z","ts_unix":1782203871296780,"event":"STATE_SYNC","node":"node_08","addr":"node_08:8001","seq":818,"fields":{"comp":9,"load":0,"mem":11,"neighbors":2,"net":3,"peers":2,"queue":0}}
{"ts":"2026-06-23T08:37:51.296848Z","ts_unix":1782203871296849,"event":"POTENTIAL","node":"node_08","addr":"node_08:8001","seq":819,"fields":{"peers":[{"addr":"node_05:8001","trust":1,"load":0,"queue":0,"comp":10,"mem":10,"net":5,"potential":1.7976931348623157e+308,"phi_self":0.1622641278370785,"age_ms":180},{"addr":"node_07:8001","trust":1,"load":0,"queue":0,"comp":5,"mem":8,"net":12,"potential":1.7976931348623157e+308,"phi_self":0.6473445607799742,"age_ms":68}],"self_comp":9,"self_load":0,"self_mem":11,"self_net":3,"self_phi":0,"self_potential":1,"self_queue":0}}
[node_08] spawned task c0c1daeb
{"ts":"2026-06-23T08:37:51.698333Z","ts_unix":1782203871698357,"event":"TASK_ACCEPT","node":"node_08","addr":"node_08:8001","seq":820,"fields":{"hops":0,"load":0.15,"phi":0.22248536289726606,"potential":2.0155376209282876,"queue":0,"task":"c0c1daeb-466d-e8da-0a24-7e00b5cc40fb"}}
{"ts":"2026-06-23T08:37:51.797256Z","ts_unix":1782203871797261,"event":"STATE_SYNC","node":"node_08","addr":"node_08:8001","seq":821,"fields":{"comp":6.5,"load":0.15,"mem":9,"neighbors":2,"net":2,"peers":2,"queue":0}}
{"ts":"2026-06-23T08:37:51.797335Z","ts_unix":1782203871797347,"event":"POTENTIAL","node":"node_08","addr":"node_08:8001","seq":822,"fields":{"peers":[{"addr":"node_05:8001","trust":1,"load":0,"queue":0,"comp":10,"mem":10,"net":5,"potential":1.7976931348623157e+308,"phi_self":0.1622641278370785,"age_ms":180},{"addr":"node_07:8001","trust":1,"load":0.15,"queue":0,"comp":3.5,"mem":5.5,"net":10.5,"potential":1.7976931348623157e+308,"phi_self":0.7257907476246176,"age_ms":68}],"self_comp":6.5,"self_load":0.15,"self_mem":9,"self_net":2,"self_phi":0.06615288822231989,"self_potential":1.7976931348623157e+308,"self_queue":0}}
{"ts":"2026-06-23T08:37:51.859103Z","ts_unix":1782203871859108,"event":"TASK_COMPLETE","node":"node_08","addr":"node_08:8001","seq":823,"fields":{"latency_ms":160,"task":"c0c1daeb-466d-e8da-0a24-7e00b5cc40fb"}}
{"ts":"2026-06-23T08:37:52.298840Z","ts_unix":1782203872298847,"event":"STATE_SYNC","node":"node_08","addr":"node_08:8001","seq":824,"fields":{"comp":9,"load":0,"mem":11,"neighbors":2,"net":3,"peers":2,"queue":0}}
{"ts":"2026-06-23T08:37:52.298936Z","ts_unix":1782203872298938,"event":"POTENTIAL","node":"node_08","addr":"node_08:8001","seq":825,"fields":{"peers":[{"addr":"node_05:8001","trust":1,"load":0.15,"queue":0,"comp":7,"mem":9,"net":2,"potential":1.7976931348623157e+308,"phi_self":0.04205245699288487,"age_ms":182},{"addr":"node_07:8001","trust":1,"load":0,"queue":0,"comp":5,"mem":8,"net":12,"potential":1.7976931348623157e+308,"phi_self":0.6473445607799742,"age_ms":66}],"self_comp":9,"self_load":0,"self_mem":11,"self_net":3,"self_phi":0,"self_potential":1,"self_queue":0}}
[node_08] spawned task 7840fc3b
{"ts":"2026-06-23T08:37:52.349314Z","ts_unix":1782203872349322,"event":"TASK_ACCEPT","node":"node_08","addr":"node_08:8001","seq":826,"fields":{"hops":0,"load":0.15,"phi":0.22248536289726606,"potential":2.0155376209282876,"queue":0,"task":"7840fc3b-f175-9ef9-b392-096ce315f1de"}}
{"ts":"2026-06-23T08:37:52.511584Z","ts_unix":1782203872511593,"event":"TASK_COMPLETE","node":"node_08","addr":"node_08:8001","seq":827,"fields":{"latency_ms":160,"task":"7840fc3b-f175-9ef9-b392-096ce315f1de"}}
{"ts":"2026-06-23T08:37:52.796396Z","ts_unix":1782203872796405,"event":"STATE_SYNC","node":"node_08","addr":"node_08:8001","seq":828,"fields":{"comp":9,"load":0,"mem":11,"neighbors":2,"net":3,"peers":2,"queue":0}}
{"ts":"2026-06-23T08:37:52.796488Z","ts_unix":1782203872796490,"event":"POTENTIAL","node":"node_08","addr":"node_08:8001","seq":829,"fields":{"peers":[{"addr":"node_05:8001","trust":1,"load":0,"queue":0,"comp":10,"mem":10,"net":5,"potential":1.7976931348623157e+308,"phi_self":0.1622641278370785,"age_ms":179},{"addr":"node_07:8001","trust":1,"load":0,"queue":0,"comp":5,"mem":8,"net":12,"potential":1.7976931348623157e+308,"phi_self":0.6473445607799742,"age_ms":69}],"self_comp":9,"self_load":0,"self_mem":11,"self_net":3,"self_phi":0,"self_potential":1,"self_queue":0}}
[node_08] spawned task 8344ea80
{"ts":"2026-06-23T08:37:52.997716Z","ts_unix":1782203872997722,"event":"TASK_ACCEPT","node":"node_08","addr":"node_08:8001","seq":830,"fields":{"hops":0,"load":0.15,"phi":0.22248536289726606,"potential":2.0155376209282876,"queue":0,"task":"8344ea80-4472-9d46-788b-1cd82e6b1382"}}
{"ts":"2026-06-23T08:37:53.160303Z","ts_unix":1782203873160311,"event":"TASK_COMPLETE","node":"node_08","addr":"node_08:8001","seq":831,"fields":{"latency_ms":160,"task":"8344ea80-4472-9d46-788b-1cd82e6b1382"}}
{"ts":"2026-06-23T08:37:53.295989Z","ts_unix":1782203873295998,"event":"STATE_SYNC","node":"node_08","addr":"node_08:8001","seq":832,"fields":{"comp":9,"load":0,"mem":11,"neighbors":2,"net":3,"peers":2,"queue":0}}
{"ts":"2026-06-23T08:37:53.296107Z","ts_unix":1782203873296108,"event":"POTENTIAL","node":"node_08","addr":"node_08:8001","seq":833,"fields":{"peers":[{"addr":"node_05:8001","trust":1,"load":0,"queue":0,"comp":10,"mem":10,"net":5,"potential":1.7976931348623157e+308,"phi_self":0.1622641278370785,"age_ms":179},{"addr":"node_07:8001","trust":1,"load":0,"queue":1,"comp":5,"mem":8,"net":12,"potential":1.7976931348623157e+308,"phi_self":0.6473445607799742,"age_ms":65}],"self_comp":9,"self_load":0,"self_mem":11,"self_net":3,"self_phi":0,"self_potential":1,"self_queue":0}}
[node_08] spawned task fa7bc304
{"ts":"2026-06-23T08:37:53.649303Z","ts_unix":1782203873649306,"event":"TASK_ACCEPT","node":"node_08","addr":"node_08:8001","seq":834,"fields":{"hops":0,"load":0.15,"phi":0.22248536289726606,"potential":2.0155376209282876,"queue":0,"task":"fa7bc304-dc25-0770-a8d5-f8b7ce60e932"}}
{"ts":"2026-06-23T08:37:53.798070Z","ts_unix":1782203873798077,"event":"STATE_SYNC","node":"node_08","addr":"node_08:8001","seq":835,"fields":{"comp":6.5,"load":0.15,"mem":9,"neighbors":2,"net":2,"peers":2,"queue":0}}
{"ts":"2026-06-23T08:37:53.798148Z","ts_unix":1782203873798148,"event":"POTENTIAL","node":"node_08","addr":"node_08:8001","seq":836,"fields":{"peers":[{"addr":"node_05:8001","trust":1,"load":0,"queue":0,"comp":10,"mem":10,"net":5,"potential":1.7976931348623157e+308,"phi_self":0.1622641278370785,"age_ms":181},{"addr":"node_07:8001","trust":1,"load":0,"queue":0,"comp":5,"mem":8,"net":12,"potential":1.7976931348623157e+308,"phi_self":0.6473445607799742,"age_ms":68}],"self_comp":6.5,"self_load":0.15,"self_mem":9,"self_net":2,"self_phi":0.06615288822231989,"self_potential":1.7976931348623157e+308,"self_queue":0}}
{"ts":"2026-06-23T08:37:53.810560Z","ts_unix":1782203873810566,"event":"TASK_COMPLETE","node":"node_08","addr":"node_08:8001","seq":837,"fields":{"latency_ms":160,"task":"fa7bc304-dc25-0770-a8d5-f8b7ce60e932"}}
[node_08] spawned task a9342c4f
{"ts":"2026-06-23T08:37:54.297412Z","ts_unix":1782203874297415,"event":"TASK_ACCEPT","node":"node_08","addr":"node_08:8001","seq":838,"fields":{"hops":0,"load":0.15,"phi":0.22248536289726606,"potential":2.0155376209282876,"queue":0,"task":"a9342c4f-a652-5c88-2d74-cea824077078"}}
{"ts":"2026-06-23T08:37:54.297613Z","ts_unix":1782203874297614,"event":"STATE_SYNC","node":"node_08","addr":"node_08:8001","seq":839,"fields":{"comp":6.5,"load":0.15,"mem":9,"neighbors":2,"net":2,"peers":2,"queue":0}}
{"ts":"2026-06-23T08:37:54.297634Z","ts_unix":1782203874297634,"event":"POTENTIAL","node":"node_08","addr":"node_08:8001","seq":840,"fields":{"peers":[{"addr":"node_05:8001","trust":1,"load":0.15,"queue":0,"comp":7,"mem":9,"net":2,"potential":1.7976931348623157e+308,"phi_self":0.04205245699288487,"age_ms":181},{"addr":"node_07:8001","trust":1,"load":0.15,"queue":0,"comp":3.5,"mem":5.5,"net":10.5,"potential":1.7976931348623157e+308,"phi_self":0.7257907476246176,"age_ms":62}],"self_comp":6.5,"self_load":0.15,"self_mem":9,"self_net":2,"self_phi":0.06615288822231989,"self_potential":1.7976931348623157e+308,"self_queue":0}}
{"ts":"2026-06-23T08:37:54.461156Z","ts_unix":1782203874461160,"event":"TASK_COMPLETE","node":"node_08","addr":"node_08:8001","seq":841,"fields":{"latency_ms":160,"task":"a9342c4f-a652-5c88-2d74-cea824077078"}}
{"ts":"2026-06-23T08:37:54.797445Z","ts_unix":1782203874797449,"event":"STATE_SYNC","node":"node_08","addr":"node_08:8001","seq":842,"fields":{"comp":9,"load":0,"mem":11,"neighbors":2,"net":3,"peers":2,"queue":0}}
{"ts":"2026-06-23T08:37:54.797525Z","ts_unix":1782203874797526,"event":"POTENTIAL","node":"node_08","addr":"node_08:8001","seq":843,"fields":{"peers":[{"addr":"node_05:8001","trust":1,"load":0,"queue":0,"comp":10,"mem":10,"net":5,"potential":1.7976931348623157e+308,"phi_self":0.1622641278370785,"age_ms":180},{"addr":"node_07:8001","trust":1,"load":0,"queue":0,"comp":5,"mem":8,"net":12,"potential":1.7976931348623157e+308,"phi_self":0.6473445607799742,"age_ms":68}],"self_comp":9,"self_load":0,"self_mem":11,"self_net":3,"self_phi":0,"self_potential":1,"self_queue":0}}
[node_08] spawned task 16aaa03f
{"ts":"2026-06-23T08:37:54.949307Z","ts_unix":1782203874949311,"event":"TASK_ACCEPT","node":"node_08","addr":"node_08:8001","seq":844,"fields":{"hops":0,"load":0.15,"phi":0.22248536289726606,"potential":2.0155376209282876,"queue":0,"task":"16aaa03f-e764-e7d6-34b7-a5191310dd88"}}
{"ts":"2026-06-23T08:37:55.113141Z","ts_unix":1782203875113146,"event":"TASK_COMPLETE","node":"node_08","addr":"node_08:8001","seq":845,"fields":{"latency_ms":160,"task":"16aaa03f-e764-e7d6-34b7-a5191310dd88"}}
{"ts":"2026-06-23T08:37:55.304352Z","ts_unix":1782203875304356,"event":"STATE_SYNC","node":"node_08","addr":"node_08:8001","seq":846,"fields":{"comp":9,"load":0,"mem":11,"neighbors":2,"net":3,"peers":2,"queue":0}}
{"ts":"2026-06-23T08:37:55.304405Z","ts_unix":1782203875304406,"event":"POTENTIAL","node":"node_08","addr":"node_08:8001","seq":847,"fields":{"peers":[{"addr":"node_07:8001","trust":1,"load":0,"queue":0,"comp":5,"mem":8,"net":12,"potential":1.7976931348623157e+308,"phi_self":0.6473445607799742,"age_ms":76},{"addr":"node_05:8001","trust":1,"load":0,"queue":0,"comp":10,"mem":10,"net":5,"potential":1.7976931348623157e+308,"phi_self":0.1622641278370785,"age_ms":187}],"self_comp":9,"self_load":0,"self_mem":11,"self_net":3,"self_phi":0,"self_potential":1,"self_queue":0}}
[node_08] spawned task 0d00c16b
{"ts":"2026-06-23T08:37:55.598196Z","ts_unix":1782203875598206,"event":"TASK_ACCEPT","node":"node_08","addr":"node_08:8001","seq":848,"fields":{"hops":0,"load":0.15,"phi":0.22248536289726606,"potential":2.0155376209282876,"queue":0,"task":"0d00c16b-42a9-dfb0-5aea-6879eb6a93c6"}}
{"ts":"2026-06-23T08:37:55.766017Z","ts_unix":1782203875766026,"event":"TASK_COMPLETE","node":"node_08","addr":"node_08:8001","seq":849,"fields":{"latency_ms":160,"task":"0d00c16b-42a9-dfb0-5aea-6879eb6a93c6"}}
{"ts":"2026-06-23T08:37:55.798257Z","ts_unix":1782203875798261,"event":"STATE_SYNC","node":"node_08","addr":"node_08:8001","seq":850,"fields":{"comp":9,"load":0,"mem":11,"neighbors":2,"net":3,"peers":2,"queue":0}}
{"ts":"2026-06-23T08:37:55.798319Z","ts_unix":1782203875798320,"event":"POTENTIAL","node":"node_08","addr":"node_08:8001","seq":851,"fields":{"peers":[{"addr":"node_05:8001","trust":1,"load":0,"queue":0,"comp":10,"mem":10,"net":5,"potential":1.7976931348623157e+308,"phi_self":0.1622641278370785,"age_ms":180},{"addr":"node_07:8001","trust":1,"load":0.15,"queue":0,"comp":3.5,"mem":5.5,"net":10.5,"potential":1.7976931348623157e+308,"phi_self":0.7257907476246176,"age_ms":70}],"self_comp":9,"self_load":0,"self_mem":11,"self_net":3,"self_phi":0,"self_potential":1,"self_queue":0}}
[node_08] spawned task 1d024c7d
{"ts":"2026-06-23T08:37:56.250302Z","ts_unix":1782203876250305,"event":"TASK_ACCEPT","node":"node_08","addr":"node_08:8001","seq":852,"fields":{"hops":0,"load":0.15,"phi":0.22248536289726606,"potential":2.0155376209282876,"queue":0,"task":"1d024c7d-e1cb-4abb-28a5-0c1cdf35a97c"}}
{"ts":"2026-06-23T08:37:56.306374Z","ts_unix":1782203876306378,"event":"STATE_SYNC","node":"node_08","addr":"node_08:8001","seq":853,"fields":{"comp":6.5,"load":0.15,"mem":9,"neighbors":2,"net":2,"peers":2,"queue":0}}
{"ts":"2026-06-23T08:37:56.306415Z","ts_unix":1782203876306415,"event":"POTENTIAL","node":"node_08","addr":"node_08:8001","seq":854,"fields":{"peers":[{"addr":"node_05:8001","trust":1,"load":0,"queue":0,"comp":10,"mem":10,"net":5,"potential":1.7976931348623157e+308,"phi_self":0.1622641278370785,"age_ms":190},{"addr":"node_07:8001","trust":1,"load":0,"queue":0,"comp":5,"mem":8,"net":12,"potential":1.7976931348623157e+308,"phi_self":0.6473445607799742,"age_ms":78}],"self_comp":6.5,"self_load":0.15,"self_mem":9,"self_net":2,"self_phi":0.06615288822231989,"self_potential":1.7976931348623157e+308,"self_queue":0}}
{"ts":"2026-06-23T08:37:56.413537Z","ts_unix":1782203876413541,"event":"TASK_COMPLETE","node":"node_08","addr":"node_08:8001","seq":855,"fields":{"latency_ms":160,"task":"1d024c7d-e1cb-4abb-28a5-0c1cdf35a97c"}}
{"ts":"2026-06-23T08:37:56.798595Z","ts_unix":1782203876798606,"event":"STATE_SYNC","node":"node_08","addr":"node_08:8001","seq":856,"fields":{"comp":9,"load":0,"mem":11,"neighbors":2,"net":3,"peers":2,"queue":0}}
{"ts":"2026-06-23T08:37:56.798710Z","ts_unix":1782203876798712,"event":"POTENTIAL","node":"node_08","addr":"node_08:8001","seq":857,"fields":{"peers":[{"addr":"node_05:8001","trust":1,"load":0,"queue":0,"comp":10,"mem":10,"net":5,"potential":1.7976931348623157e+308,"phi_self":0.1622641278370785,"age_ms":181},{"addr":"node_07:8001","trust":1,"load":0,"queue":0,"comp":5,"mem":8,"net":12,"potential":1.7976931348623157e+308,"phi_self":0.6473445607799742,"age_ms":69}],"self_comp":9,"self_load":0,"self_mem":11,"self_net":3,"self_phi":0,"self_potential":1,"self_queue":0}}
[node_08] spawned task d9fcf591
{"ts":"2026-06-23T08:37:56.900542Z","ts_unix":1782203876900552,"event":"TASK_ACCEPT","node":"node_08","addr":"node_08:8001","seq":858,"fields":{"hops":0,"load":0.15,"phi":0.22248536289726606,"potential":2.0155376209282876,"queue":0,"task":"d9fcf591-a4df-6654-7edf-b843b8368da0"}}
{"ts":"2026-06-23T08:37:57.062383Z","ts_unix":1782203877062386,"event":"TASK_COMPLETE","node":"node_08","addr":"node_08:8001","seq":859,"fields":{"latency_ms":160,"task":"d9fcf591-a4df-6654-7edf-b843b8368da0"}}
{"ts":"2026-06-23T08:37:57.302782Z","ts_unix":1782203877302787,"event":"STATE_SYNC","node":"node_08","addr":"node_08:8001","seq":860,"fields":{"comp":9,"load":0,"mem":11,"neighbors":2,"net":3,"peers":2,"queue":0}}
{"ts":"2026-06-23T08:37:57.302872Z","ts_unix":1782203877302874,"event":"POTENTIAL","node":"node_08","addr":"node_08:8001","seq":861,"fields":{"peers":[{"addr":"node_05:8001","trust":1,"load":0,"queue":0,"comp":10,"mem":10,"net":5,"potential":1.7976931348623157e+308,"phi_self":0.1622641278370785,"age_ms":186},{"addr":"node_07:8001","trust":1,"load":0,"queue":0,"comp":5,"mem":8,"net":12,"potential":1.7976931348623157e+308,"phi_self":0.6473445607799742,"age_ms":71}],"self_comp":9,"self_load":0,"self_mem":11,"self_net":3,"self_phi":0,"self_potential":1,"self_queue":0}}
[node_08] spawned task 836aa72f
{"ts":"2026-06-23T08:37:57.554010Z","ts_unix":1782203877554014,"event":"TASK_ACCEPT","node":"node_08","addr":"node_08:8001","seq":862,"fields":{"hops":0,"load":0.15,"phi":0.22248536289726606,"potential":2.0155376209282876,"queue":0,"task":"836aa72f-6108-ed95-59e2-5bbbdddb85c5"}}
{"ts":"2026-06-23T08:37:57.714488Z","ts_unix":1782203877714497,"event":"TASK_COMPLETE","node":"node_08","addr":"node_08:8001","seq":863,"fields":{"latency_ms":160,"task":"836aa72f-6108-ed95-59e2-5bbbdddb85c5"}}
{"ts":"2026-06-23T08:37:57.797582Z","ts_unix":1782203877797588,"event":"STATE_SYNC","node":"node_08","addr":"node_08:8001","seq":864,"fields":{"comp":9,"load":0,"mem":11,"neighbors":2,"net":3,"peers":2,"queue":0}}
{"ts":"2026-06-23T08:37:57.797659Z","ts_unix":1782203877797661,"event":"POTENTIAL","node":"node_08","addr":"node_08:8001","seq":865,"fields":{"peers":[{"addr":"node_05:8001","trust":1,"load":0,"queue":0,"comp":10,"mem":10,"net":5,"potential":1.7976931348623157e+308,"phi_self":0.1622641278370785,"age_ms":180},{"addr":"node_07:8001","trust":1,"load":0,"queue":0,"comp":5,"mem":8,"net":12,"potential":1.7976931348623157e+308,"phi_self":0.6473445607799742,"age_ms":69}],"self_comp":9,"self_load":0,"self_mem":11,"self_net":3,"self_phi":0,"self_potential":1,"self_queue":0}}
[node_08] spawned task 2e171526
{"ts":"2026-06-23T08:37:58.197713Z","ts_unix":1782203878197716,"event":"TASK_ACCEPT","node":"node_08","addr":"node_08:8001","seq":866,"fields":{"hops":0,"load":0.15,"phi":0.22248536289726606,"potential":2.0155376209282876,"queue":0,"task":"2e171526-1ae0-1e0e-4704-448357767d37"}}
{"ts":"2026-06-23T08:37:58.300345Z","ts_unix":1782203878300353,"event":"STATE_SYNC","node":"node_08","addr":"node_08:8001","seq":867,"fields":{"comp":6.5,"load":0.15,"mem":9,"neighbors":2,"net":2,"peers":2,"queue":0}}
{"ts":"2026-06-23T08:37:58.300431Z","ts_unix":1782203878300432,"event":"POTENTIAL","node":"node_08","addr":"node_08:8001","seq":868,"fields":{"peers":[{"addr":"node_05:8001","trust":1,"load":0,"queue":0,"comp":10,"mem":10,"net":5,"potential":1.7976931348623157e+308,"phi_self":0.1622641278370785,"age_ms":183},{"addr":"node_07:8001","trust":1,"load":0.15,"queue":0,"comp":3.5,"mem":5.5,"net":10.5,"potential":1.7976931348623157e+308,"phi_self":0.7257907476246176,"age_ms":70}],"self_comp":6.5,"self_load":0.15,"self_mem":9,"self_net":2,"self_phi":0.06615288822231989,"self_potential":1.7976931348623157e+308,"self_queue":0}}
{"ts":"2026-06-23T08:37:58.365419Z","ts_unix":1782203878365425,"event":"TASK_COMPLETE","node":"node_08","addr":"node_08:8001","seq":869,"fields":{"latency_ms":160,"task":"2e171526-1ae0-1e0e-4704-448357767d37"}}
{"ts":"2026-06-23T08:37:58.797863Z","ts_unix":1782203878797867,"event":"STATE_SYNC","node":"node_08","addr":"node_08:8001","seq":870,"fields":{"comp":9,"load":0,"mem":11,"neighbors":2,"net":3,"peers":2,"queue":0}}
{"ts":"2026-06-23T08:37:58.797914Z","ts_unix":1782203878797915,"event":"POTENTIAL","node":"node_08","addr":"node_08:8001","seq":871,"fields":{"peers":[{"addr":"node_05:8001","trust":1,"load":0,"queue":0,"comp":10,"mem":10,"net":5,"potential":1.7976931348623157e+308,"phi_self":0.1622641278370785,"age_ms":181},{"addr":"node_07:8001","trust":1,"load":0,"queue":0,"comp":5,"mem":8,"net":12,"potential":1.7976931348623157e+308,"phi_self":0.6473445607799742,"age_ms":70}],"self_comp":9,"self_load":0,"self_mem":11,"self_net":3,"self_phi":0,"self_potential":1,"self_queue":0}}
[node_08] spawned task 37e301f7
{"ts":"2026-06-23T08:37:58.853294Z","ts_unix":1782203878853301,"event":"TASK_ACCEPT","node":"node_08","addr":"node_08:8001","seq":872,"fields":{"hops":0,"load":0.15,"phi":0.22248536289726606,"potential":2.0155376209282876,"queue":0,"task":"37e301f7-9c12-6ccd-52b5-95108327252c"}}
{"ts":"2026-06-23T08:37:59.016864Z","ts_unix":1782203879016870,"event":"TASK_COMPLETE","node":"node_08","addr":"node_08:8001","seq":873,"fields":{"latency_ms":160,"task":"37e301f7-9c12-6ccd-52b5-95108327252c"}}
{"ts":"2026-06-23T08:37:59.300494Z","ts_unix":1782203879300499,"event":"STATE_SYNC","node":"node_08","addr":"node_08:8001","seq":874,"fields":{"comp":9,"load":0,"mem":11,"neighbors":2,"net":3,"peers":2,"queue":0}}
{"ts":"2026-06-23T08:37:59.300565Z","ts_unix":1782203879300567,"event":"POTENTIAL","node":"node_08","addr":"node_08:8001","seq":875,"fields":{"peers":[{"addr":"node_05:8001","trust":1,"load":0,"queue":0,"comp":10,"mem":10,"net":5,"potential":1.7976931348623157e+308,"phi_self":0.1622641278370785,"age_ms":183},{"addr":"node_07:8001","trust":1,"load":0,"queue":0,"comp":5,"mem":8,"net":12,"potential":1.7976931348623157e+308,"phi_self":0.6473445607799742,"age_ms":70}],"self_comp":9,"self_load":0,"self_mem":11,"self_net":3,"self_phi":0,"self_potential":1,"self_queue":0}}
[node_08] spawned task 9697af91
{"ts":"2026-06-23T08:37:59.497325Z","ts_unix":1782203879497329,"event":"TASK_ACCEPT","node":"node_08","addr":"node_08:8001","seq":876,"fields":{"hops":0,"load":0.15,"phi":0.22248536289726606,"potential":2.0155376209282876,"queue":0,"task":"9697af91-6dd5-21eb-075f-a45e66eb351b"}}
{"ts":"2026-06-23T08:37:59.660555Z","ts_unix":1782203879660563,"event":"TASK_COMPLETE","node":"node_08","addr":"node_08:8001","seq":877,"fields":{"latency_ms":160,"task":"9697af91-6dd5-21eb-075f-a45e66eb351b"}}
{"ts":"2026-06-23T08:37:59.796394Z","ts_unix":1782203879796406,"event":"STATE_SYNC","node":"node_08","addr":"node_08:8001","seq":878,"fields":{"comp":9,"load":0,"mem":11,"neighbors":2,"net":3,"peers":2,"queue":0}}
{"ts":"2026-06-23T08:37:59.796498Z","ts_unix":1782203879796500,"event":"POTENTIAL","node":"node_08","addr":"node_08:8001","seq":879,"fields":{"peers":[{"addr":"node_05:8001","trust":1,"load":0,"queue":0,"comp":10,"mem":10,"net":5,"potential":1.7976931348623157e+308,"phi_self":0.1622641278370785,"age_ms":179},{"addr":"node_07:8001","trust":1,"load":0.15,"queue":0,"comp":3.5,"mem":5.5,"net":10.5,"potential":1.7976931348623157e+308,"phi_self":0.7257907476246176,"age_ms":65}],"self_comp":9,"self_load":0,"self_mem":11,"self_net":3,"self_phi":0,"self_potential":1,"self_queue":0}}
[node_08] spawned task 5ce88db9
{"ts":"2026-06-23T08:38:00.151778Z","ts_unix":1782203880151785,"event":"TASK_ACCEPT","node":"node_08","addr":"node_08:8001","seq":880,"fields":{"hops":0,"load":0.15,"phi":0.22248536289726606,"potential":2.0155376209282876,"queue":0,"task":"5ce88db9-3448-dfa1-3f5f-c0ae284a76bb"}}
{"ts":"2026-06-23T08:38:00.305075Z","ts_unix":1782203880305080,"event":"STATE_SYNC","node":"node_08","addr":"node_08:8001","seq":881,"fields":{"comp":6.5,"load":0.15,"mem":9,"neighbors":2,"net":2,"peers":2,"queue":0}}
{"ts":"2026-06-23T08:38:00.305131Z","ts_unix":1782203880305132,"event":"POTENTIAL","node":"node_08","addr":"node_08:8001","seq":882,"fields":{"peers":[{"addr":"node_05:8001","trust":1,"load":0,"queue":0,"comp":10,"mem":10,"net":5,"potential":1.7976931348623157e+308,"phi_self":0.1622641278370785,"age_ms":187},{"addr":"node_07:8001","trust":1,"load":0,"queue":0,"comp":5,"mem":8,"net":12,"potential":1.7976931348623157e+308,"phi_self":0.6473445607799742,"age_ms":72}],"self_comp":6.5,"self_load":0.15,"self_mem":9,"self_net":2,"self_phi":0.06615288822231989,"self_potential":1.7976931348623157e+308,"self_queue":0}}
{"ts":"2026-06-23T08:38:00.313969Z","ts_unix":1782203880313972,"event":"TASK_COMPLETE","node":"node_08","addr":"node_08:8001","seq":883,"fields":{"latency_ms":160,"task":"5ce88db9-3448-dfa1-3f5f-c0ae284a76bb"}}
{"ts":"2026-06-23T08:38:00.797566Z","ts_unix":1782203880797572,"event":"STATE_SYNC","node":"node_08","addr":"node_08:8001","seq":884,"fields":{"comp":9,"load":0,"mem":11,"neighbors":2,"net":3,"peers":2,"queue":0}}
{"ts":"2026-06-23T08:38:00.797675Z","ts_unix":1782203880797678,"event":"POTENTIAL","node":"node_08","addr":"node_08:8001","seq":885,"fields":{"peers":[{"addr":"node_05:8001","trust":1,"load":0,"queue":0,"comp":10,"mem":10,"net":5,"potential":1.7976931348623157e+308,"phi_self":0.1622641278370785,"age_ms":181},{"addr":"node_07:8001","trust":1,"load":0,"queue":0,"comp":5,"mem":8,"net":12,"potential":1.7976931348623157e+308,"phi_self":0.6473445607799742,"age_ms":68}],"self_comp":9,"self_load":0,"self_mem":11,"self_net":3,"self_phi":0,"self_potential":1,"self_queue":0}}
[node_08] spawned task 803411dc
{"ts":"2026-06-23T08:38:00.797742Z","ts_unix":1782203880797744,"event":"TASK_ACCEPT","node":"node_08","addr":"node_08:8001","seq":886,"fields":{"hops":0,"load":0.15,"phi":0.22248536289726606,"potential":2.0155376209282876,"queue":0,"task":"803411dc-7704-523e-044e-68d7e8f4c834"}}
{"ts":"2026-06-23T08:38:00.968314Z","ts_unix":1782203880968319,"event":"TASK_COMPLETE","node":"node_08","addr":"node_08:8001","seq":887,"fields":{"latency_ms":160,"task":"803411dc-7704-523e-044e-68d7e8f4c834"}}
{"ts":"2026-06-23T08:38:01.297721Z","ts_unix":1782203881297725,"event":"STATE_SYNC","node":"node_08","addr":"node_08:8001","seq":888,"fields":{"comp":9,"load":0,"mem":11,"neighbors":2,"net":3,"peers":2,"queue":0}}
{"ts":"2026-06-23T08:38:01.297809Z","ts_unix":1782203881297812,"event":"POTENTIAL","node":"node_08","addr":"node_08:8001","seq":889,"fields":{"peers":[{"addr":"node_07:8001","trust":1,"load":0,"queue":0,"comp":5,"mem":8,"net":12,"potential":1.7976931348623157e+308,"phi_self":0.6473445607799742,"age_ms":68},{"addr":"node_05:8001","trust":1,"load":0,"queue":0,"comp":10,"mem":10,"net":5,"potential":1.7976931348623157e+308,"phi_self":0.1622641278370785,"age_ms":180}],"self_comp":9,"self_load":0,"self_mem":11,"self_net":3,"self_phi":0,"self_potential":1,"self_queue":0}}
[node_08] spawned task d6005583
{"ts":"2026-06-23T08:38:01.448793Z","ts_unix":1782203881448803,"event":"TASK_ACCEPT","node":"node_08","addr":"node_08:8001","seq":890,"fields":{"hops":0,"load":0.15,"phi":0.22248536289726606,"potential":2.0155376209282876,"queue":0,"task":"d6005583-e676-d5be-91f2-f64200859ab6"}}
{"ts":"2026-06-23T08:38:01.609826Z","ts_unix":1782203881609832,"event":"TASK_COMPLETE","node":"node_08","addr":"node_08:8001","seq":891,"fields":{"latency_ms":160,"task":"d6005583-e676-d5be-91f2-f64200859ab6"}}
{"ts":"2026-06-23T08:38:01.796407Z","ts_unix":1782203881796413,"event":"STATE_SYNC","node":"node_08","addr":"node_08:8001","seq":892,"fields":{"comp":9,"load":0,"mem":11,"neighbors":2,"net":3,"peers":2,"queue":0}}
{"ts":"2026-06-23T08:38:01.796464Z","ts_unix":1782203881796465,"event":"POTENTIAL","node":"node_08","addr":"node_08:8001","seq":893,"fields":{"peers":[{"addr":"node_05:8001","trust":1,"load":0,"queue":0,"comp":10,"mem":10,"net":5,"potential":1.7976931348623157e+308,"phi_self":0.1622641278370785,"age_ms":180},{"addr":"node_07:8001","trust":1,"load":0,"queue":0,"comp":5,"mem":8,"net":12,"potential":1.7976931348623157e+308,"phi_self":0.6473445607799742,"age_ms":68}],"self_comp":9,"self_load":0,"self_mem":11,"self_net":3,"self_phi":0,"self_potential":1,"self_queue":0}}
[node_08] spawned task 93820ced
{"ts":"2026-06-23T08:38:02.099805Z","ts_unix":1782203882099808,"event":"TASK_ACCEPT","node":"node_08","addr":"node_08:8001","seq":894,"fields":{"hops":0,"load":0.15,"phi":0.22248536289726606,"potential":2.0155376209282876,"queue":0,"task":"93820ced-afa7-6f01-976f-2f0d73e3b669"}}
{"ts":"2026-06-23T08:38:02.260365Z","ts_unix":1782203882260369,"event":"TASK_COMPLETE","node":"node_08","addr":"node_08:8001","seq":895,"fields":{"latency_ms":160,"task":"93820ced-afa7-6f01-976f-2f0d73e3b669"}}
{"ts":"2026-06-23T08:38:02.300218Z","ts_unix":1782203882300249,"event":"STATE_SYNC","node":"node_08","addr":"node_08:8001","seq":896,"fields":{"comp":9,"load":0,"mem":11,"neighbors":2,"net":3,"peers":2,"queue":0}}
{"ts":"2026-06-23T08:38:02.300294Z","ts_unix":1782203882300296,"event":"POTENTIAL","node":"node_08","addr":"node_08:8001","seq":897,"fields":{"peers":[{"addr":"node_05:8001","trust":1,"load":0,"queue":0,"comp":10,"mem":10,"net":5,"potential":1.7976931348623157e+308,"phi_self":0.1622641278370785,"age_ms":183},{"addr":"node_07:8001","trust":1,"load":0.15,"queue":0,"comp":3.5,"mem":5.5,"net":10.5,"potential":1.7976931348623157e+308,"phi_self":0.7257907476246176,"age_ms":71}],"self_comp":9,"self_load":0,"self_mem":11,"self_net":3,"self_phi":0,"self_potential":1,"self_queue":0}}
[node_08] spawned task 7633afeb
{"ts":"2026-06-23T08:38:02.751757Z","ts_unix":1782203882751765,"event":"TASK_ACCEPT","node":"node_08","addr":"node_08:8001","seq":898,"fields":{"hops":0,"load":0.15,"phi":0.22248536289726606,"potential":2.0155376209282876,"queue":0,"task":"7633afeb-ba0f-3001-6346-f66f3686c38e"}}
{"ts":"2026-06-23T08:38:02.800305Z","ts_unix":1782203882800313,"event":"STATE_SYNC","node":"node_08","addr":"node_08:8001","seq":899,"fields":{"comp":6.5,"load":0.15,"mem":9,"neighbors":2,"net":2,"peers":2,"queue":0}}
{"ts":"2026-06-23T08:38:02.800387Z","ts_unix":1782203882800388,"event":"POTENTIAL","node":"node_08","addr":"node_08:8001","seq":900,"fields":{"peers":[{"addr":"node_05:8001","trust":1,"load":0.15,"queue":0,"comp":7,"mem":9,"net":2,"potential":1.7976931348623157e+308,"phi_self":0.04205245699288487,"age_ms":182},{"addr":"node_07:8001","trust":1,"load":0,"queue":0,"comp":5,"mem":8,"net":12,"potential":1.7976931348623157e+308,"phi_self":0.6473445607799742,"age_ms":69}],"self_comp":6.5,"self_load":0.15,"self_mem":9,"self_net":2,"self_phi":0.06615288822231989,"self_potential":1.7976931348623157e+308,"self_queue":0}}
{"ts":"2026-06-23T08:38:02.914619Z","ts_unix":1782203882914627,"event":"TASK_COMPLETE","node":"node_08","addr":"node_08:8001","seq":901,"fields":{"latency_ms":160,"task":"7633afeb-ba0f-3001-6346-f66f3686c38e"}}
{"ts":"2026-06-23T08:38:03.296747Z","ts_unix":1782203883296757,"event":"STATE_SYNC","node":"node_08","addr":"node_08:8001","seq":902,"fields":{"comp":9,"load":0,"mem":11,"neighbors":2,"net":3,"peers":2,"queue":0}}
{"ts":"2026-06-23T08:38:03.296829Z","ts_unix":1782203883296831,"event":"POTENTIAL","node":"node_08","addr":"node_08:8001","seq":903,"fields":{"peers":[{"addr":"node_05:8001","trust":1,"load":0,"queue":0,"comp":10,"mem":10,"net":5,"potential":1.7976931348623157e+308,"phi_self":0.1622641278370785,"age_ms":180},{"addr":"node_07:8001","trust":1,"load":0,"queue":0,"comp":5,"mem":8,"net":12,"potential":1.7976931348623157e+308,"phi_self":0.6473445607799742,"age_ms":69}],"self_comp":9,"self_load":0,"self_mem":11,"self_net":3,"self_phi":0,"self_potential":1,"self_queue":0}}
[node_08] spawned task dbe38431
{"ts":"2026-06-23T08:38:03.398364Z","ts_unix":1782203883398370,"event":"TASK_ACCEPT","node":"node_08","addr":"node_08:8001","seq":904,"fields":{"hops":0,"load":0.15,"phi":0.22248536289726606,"potential":2.0155376209282876,"queue":0,"task":"dbe38431-d7b3-c89c-5efa-fce479df854a"}}
{"ts":"2026-06-23T08:38:03.564980Z","ts_unix":1782203883564985,"event":"TASK_COMPLETE","node":"node_08","addr":"node_08:8001","seq":905,"fields":{"latency_ms":160,"task":"dbe38431-d7b3-c89c-5efa-fce479df854a"}}
{"ts":"2026-06-23T08:38:03.798000Z","ts_unix":1782203883798004,"event":"STATE_SYNC","node":"node_08","addr":"node_08:8001","seq":906,"fields":{"comp":9,"load":0,"mem":11,"neighbors":2,"net":3,"peers":2,"queue":0}}
{"ts":"2026-06-23T08:38:03.798065Z","ts_unix":1782203883798067,"event":"POTENTIAL","node":"node_08","addr":"node_08:8001","seq":907,"fields":{"peers":[{"addr":"node_05:8001","trust":1,"load":0,"queue":0,"comp":10,"mem":10,"net":5,"potential":1.7976931348623157e+308,"phi_self":0.1622641278370785,"age_ms":178},{"addr":"node_07:8001","trust":1,"load":0.15,"queue":0,"comp":3.5,"mem":5.5,"net":10.5,"potential":1.7976931348623157e+308,"phi_self":0.7257907476246176,"age_ms":69}],"self_comp":9,"self_load":0,"self_mem":11,"self_net":3,"self_phi":0,"self_potential":1,"self_queue":0}}
[node_08] spawned task 2659df61
{"ts":"2026-06-23T08:38:04.048727Z","ts_unix":1782203884048736,"event":"TASK_ACCEPT","node":"node_08","addr":"node_08:8001","seq":908,"fields":{"hops":0,"load":0.15,"phi":0.22248536289726606,"potential":2.0155376209282876,"queue":0,"task":"2659df61-ad59-abf9-c31d-1bcfd459e837"}}
{"ts":"2026-06-23T08:38:04.209413Z","ts_unix":1782203884209416,"event":"TASK_COMPLETE","node":"node_08","addr":"node_08:8001","seq":909,"fields":{"latency_ms":160,"task":"2659df61-ad59-abf9-c31d-1bcfd459e837"}}
{"ts":"2026-06-23T08:38:04.302627Z","ts_unix":1782203884302631,"event":"STATE_SYNC","node":"node_08","addr":"node_08:8001","seq":910,"fields":{"comp":9,"load":0,"mem":11,"neighbors":2,"net":3,"peers":2,"queue":0}}
{"ts":"2026-06-23T08:38:04.302660Z","ts_unix":1782203884302661,"event":"POTENTIAL","node":"node_08","addr":"node_08:8001","seq":911,"fields":{"peers":[{"addr":"node_05:8001","trust":1,"load":0,"queue":0,"comp":10,"mem":10,"net":5,"potential":1.7976931348623157e+308,"phi_self":0.1622641278370785,"age_ms":186},{"addr":"node_07:8001","trust":1,"load":0,"queue":0,"comp":5,"mem":8,"net":12,"potential":1.7976931348623157e+308,"phi_self":0.6473445607799742,"age_ms":73}],"self_comp":9,"self_load":0,"self_mem":11,"self_net":3,"self_phi":0,"self_potential":1,"self_queue":0}}
[node_08] spawned task 0249f6aa
{"ts":"2026-06-23T08:38:04.698137Z","ts_unix":1782203884698140,"event":"TASK_ACCEPT","node":"node_08","addr":"node_08:8001","seq":912,"fields":{"hops":0,"load":0.15,"phi":0.22248536289726606,"potential":2.0155376209282876,"queue":0,"task":"0249f6aa-c49c-902e-5fd6-59487e81da99"}}
{"ts":"2026-06-23T08:38:04.798202Z","ts_unix":1782203884798206,"event":"STATE_SYNC","node":"node_08","addr":"node_08:8001","seq":913,"fields":{"comp":6.5,"load":0.15,"mem":9,"neighbors":2,"net":2,"peers":2,"queue":0}}
{"ts":"2026-06-23T08:38:04.798279Z","ts_unix":1782203884798280,"event":"POTENTIAL","node":"node_08","addr":"node_08:8001","seq":914,"fields":{"peers":[{"addr":"node_05:8001","trust":1,"load":0.15,"queue":0,"comp":7,"mem":9,"net":2,"potential":1.7976931348623157e+308,"phi_self":0.04205245699288487,"age_ms":181},{"addr":"node_07:8001","trust":1,"load":0,"queue":0,"comp":5,"mem":8,"net":12,"potential":1.7976931348623157e+308,"phi_self":0.6473445607799742,"age_ms":70}],"self_comp":6.5,"self_load":0.15,"self_mem":9,"self_net":2,"self_phi":0.06615288822231989,"self_potential":1.7976931348623157e+308,"self_queue":0}}
{"ts":"2026-06-23T08:38:04.861922Z","ts_unix":1782203884861932,"event":"TASK_COMPLETE","node":"node_08","addr":"node_08:8001","seq":915,"fields":{"latency_ms":160,"task":"0249f6aa-c49c-902e-5fd6-59487e81da99"}}
{"ts":"2026-06-23T08:38:05.298181Z","ts_unix":1782203885298186,"event":"STATE_SYNC","node":"node_08","addr":"node_08:8001","seq":916,"fields":{"comp":9,"load":0,"mem":11,"neighbors":2,"net":3,"peers":2,"queue":0}}
{"ts":"2026-06-23T08:38:05.298251Z","ts_unix":1782203885298253,"event":"POTENTIAL","node":"node_08","addr":"node_08:8001","seq":917,"fields":{"peers":[{"addr":"node_05:8001","trust":1,"load":0,"queue":0,"comp":10,"mem":10,"net":5,"potential":1.7976931348623157e+308,"phi_self":0.1622641278370785,"age_ms":181},{"addr":"node_07:8001","trust":1,"load":0,"queue":0,"comp":5,"mem":8,"net":12,"potential":1.7976931348623157e+308,"phi_self":0.6473445607799742,"age_ms":68}],"self_comp":9,"self_load":0,"self_mem":11,"self_net":3,"self_phi":0,"self_potential":1,"self_queue":0}}
[node_08] spawned task 07cd380a
{"ts":"2026-06-23T08:38:05.349281Z","ts_unix":1782203885349290,"event":"TASK_ACCEPT","node":"node_08","addr":"node_08:8001","seq":918,"fields":{"hops":0,"load":0.15,"phi":0.22248536289726606,"potential":2.0155376209282876,"queue":0,"task":"07cd380a-acf1-bf75-3c2f-70f4e0f8c5f7"}}
{"ts":"2026-06-23T08:38:05.510362Z","ts_unix":1782203885510366,"event":"TASK_COMPLETE","node":"node_08","addr":"node_08:8001","seq":919,"fields":{"latency_ms":160,"task":"07cd380a-acf1-bf75-3c2f-70f4e0f8c5f7"}}
{"ts":"2026-06-23T08:38:05.796546Z","ts_unix":1782203885796556,"event":"STATE_SYNC","node":"node_08","addr":"node_08:8001","seq":920,"fields":{"comp":9,"load":0,"mem":11,"neighbors":2,"net":3,"peers":2,"queue":0}}
{"ts":"2026-06-23T08:38:05.796627Z","ts_unix":1782203885796628,"event":"POTENTIAL","node":"node_08","addr":"node_08:8001","seq":921,"fields":{"peers":[{"addr":"node_05:8001","trust":1,"load":0,"queue":0,"comp":10,"mem":10,"net":5,"potential":1.7976931348623157e+308,"phi_self":0.1622641278370785,"age_ms":180},{"addr":"node_07:8001","trust":1,"load":0,"queue":0,"comp":5,"mem":8,"net":12,"potential":1.7976931348623157e+308,"phi_self":0.6473445607799742,"age_ms":67}],"self_comp":9,"self_load":0,"self_mem":11,"self_net":3,"self_phi":0,"self_potential":1,"self_queue":0}}
[node_08] spawned task dba33983
{"ts":"2026-06-23T08:38:05.998368Z","ts_unix":1782203885998371,"event":"TASK_ACCEPT","node":"node_08","addr":"node_08:8001","seq":922,"fields":{"hops":0,"load":0.15,"phi":0.22248536289726606,"potential":2.0155376209282876,"queue":0,"task":"dba33983-22ee-8b5c-eda7-8b4c5aedff95"}}
{"ts":"2026-06-23T08:38:06.162594Z","ts_unix":1782203886162603,"event":"TASK_COMPLETE","node":"node_08","addr":"node_08:8001","seq":923,"fields":{"latency_ms":160,"task":"dba33983-22ee-8b5c-eda7-8b4c5aedff95"}}
{"ts":"2026-06-23T08:38:06.296877Z","ts_unix":1782203886296880,"event":"STATE_SYNC","node":"node_08","addr":"node_08:8001","seq":924,"fields":{"comp":9,"load":0,"mem":11,"neighbors":2,"net":3,"peers":2,"queue":0}}
{"ts":"2026-06-23T08:38:06.296913Z","ts_unix":1782203886296913,"event":"POTENTIAL","node":"node_08","addr":"node_08:8001","seq":925,"fields":{"peers":[{"addr":"node_05:8001","trust":1,"load":0.15,"queue":0,"comp":7,"mem":9,"net":2,"potential":1.7976931348623157e+308,"phi_self":0.04205245699288487,"age_ms":180},{"addr":"node_07:8001","trust":1,"load":0.15,"queue":0,"comp":3.5,"mem":5.5,"net":10.5,"potential":1.7976931348623157e+308,"phi_self":0.7257907476246176,"age_ms":69}],"self_comp":9,"self_load":0,"self_mem":11,"self_net":3,"self_phi":0,"self_potential":1,"self_queue":0}}
[node_08] spawned task 24904382
{"ts":"2026-06-23T08:38:06.654109Z","ts_unix":1782203886654116,"event":"TASK_ACCEPT","node":"node_08","addr":"node_08:8001","seq":926,"fields":{"hops":0,"load":0.15,"phi":0.22248536289726606,"potential":2.0155376209282876,"queue":0,"task":"24904382-779d-66ff-0c45-00d1a92e0aff"}}
{"ts":"2026-06-23T08:38:06.796650Z","ts_unix":1782203886796657,"event":"STATE_SYNC","node":"node_08","addr":"node_08:8001","seq":927,"fields":{"comp":6.5,"load":0.15,"mem":9,"neighbors":2,"net":2,"peers":2,"queue":0}}
{"ts":"2026-06-23T08:38:06.796746Z","ts_unix":1782203886796747,"event":"POTENTIAL","node":"node_08","addr":"node_08:8001","seq":928,"fields":{"peers":[{"addr":"node_05:8001","trust":1,"load":0,"queue":0,"comp":10,"mem":10,"net":5,"potential":1.7976931348623157e+308,"phi_self":0.1622641278370785,"age_ms":179},{"addr":"node_07:8001","trust":1,"load":0,"queue":0,"comp":5,"mem":8,"net":12,"potential":1.7976931348623157e+308,"phi_self":0.6473445607799742,"age_ms":67}],"self_comp":6.5,"self_load":0.15,"self_mem":9,"self_net":2,"self_phi":0.06615288822231989,"self_potential":1.7976931348623157e+308,"self_queue":0}}
{"ts":"2026-06-23T08:38:06.814219Z","ts_unix":1782203886814247,"event":"TASK_COMPLETE","node":"node_08","addr":"node_08:8001","seq":929,"fields":{"latency_ms":160,"task":"24904382-779d-66ff-0c45-00d1a92e0aff"}}
{"ts":"2026-06-23T08:38:07.296415Z","ts_unix":1782203887296418,"event":"STATE_SYNC","node":"node_08","addr":"node_08:8001","seq":930,"fields":{"comp":9,"load":0,"mem":11,"neighbors":2,"net":3,"peers":2,"queue":0}}
{"ts":"2026-06-23T08:38:07.296461Z","ts_unix":1782203887296462,"event":"POTENTIAL","node":"node_08","addr":"node_08:8001","seq":931,"fields":{"peers":[{"addr":"node_05:8001","trust":1,"load":0,"queue":0,"comp":10,"mem":10,"net":5,"potential":1.7976931348623157e+308,"phi_self":0.1622641278370785,"age_ms":175},{"addr":"node_07:8001","trust":1,"load":0,"queue":0,"comp":5,"mem":8,"net":12,"potential":1.7976931348623157e+308,"phi_self":0.6473445607799742,"age_ms":68}],"self_comp":9,"self_load":0,"self_mem":11,"self_net":3,"self_phi":0,"self_potential":1,"self_queue":0}}
[node_08] spawned task aaf68c78
{"ts":"2026-06-23T08:38:07.298308Z","ts_unix":1782203887298310,"event":"TASK_ACCEPT","node":"node_08","addr":"node_08:8001","seq":932,"fields":{"hops":0,"load":0.15,"phi":0.22248536289726606,"potential":2.0155376209282876,"queue":0,"task":"aaf68c78-ba40-03b4-80ad-788b018bd781"}}
