algorithm,variance
Manifold (L3),0.10239999999999927
P2C (Sampling),0.10639999999999938
Round Robin,36.41840000000001