algorithm,variance
Manifold (L3),3.5675999999999988
P2C (Sampling),308.8196
Round Robin,44.02159999999999