algorithm,variance
Manifold (L3),0.034400000000000014
P2C (Sampling),0.2664000000000006
Round Robin,4.554400000000003