algorithm,variance
Manifold (L3),2.345600000000002
P2C (Sampling),128.36800000000002
Round Robin,47.19039999999999