algorithm,variance
Manifold (L3),1.5415999999999985
P2C (Sampling),299.85839999999996
Round Robin,45.1684