algorithm,variance
Manifold (L3),2.137599999999998
P2C (Sampling),603.9656
Round Robin,6.297600000000003