algorithm,variance
Manifold (L3),1.5619999999999983
P2C (Sampling),215.5016
Round Robin,47.34400000000001