algorithm,variance
Manifold (L3),0.10639999999999941
P2C (Sampling),0.014399999999999729
Round Robin,15.938399999999998