algorithm,variance
Manifold (L3),0.1943999999999994
P2C (Sampling),0.15439999999999957
Round Robin,20.786400000000015