algorithm,variance
Manifold (L3),0.0024000000000000683
P2C (Sampling),0.006400000000000182
Round Robin,21.074400000000004