algorithm,variance
Manifold (L3),0.06560000000000055
P2C (Sampling),0.2815999999999991
Round Robin,0.7976000000000006