algorithm,variance
Manifold (L3),0.1335999999999997
P2C (Sampling),0.21359999999999965
Round Robin,28.717600000000015