algorithm,variance
Manifold (L3),3.541599999999999
P2C (Sampling),99.25399999999999
Round Robin,5.401599999999996