algorithm,variance
Manifold (L3),0.023999999999999827
P2C (Sampling),0.13200000000000062
Round Robin,23.492