algorithm,variance
Manifold (L3),0.014399999999999613
P2C (Sampling),0.15440000000000006
Round Robin,14.1624