algorithm,variance
Manifold (L3),0.002400000000000068
P2C (Sampling),0.002400000000000068
Round Robin,2.6584000000000003