algorithm,variance
Manifold (L3),5.425600000000001
P2C (Sampling),354.3264000000001
Round Robin,30.90160000000001