algorithm,variance
Manifold (L3),0.010400000000000294
P2C (Sampling),0.03440000000000001
Round Robin,9.082399999999996