algorithm,variance
Manifold (L3),0.0024000000000000683
P2C (Sampling),0.10640000000000019
Round Robin,32.27440000000002