algorithm,variance
Manifold (L3),6.1663999999999985
P2C (Sampling),217.10159999999996
Round Robin,67.85839999999999