algorithm,variance
Manifold (L3),1.9524000000000004
P2C (Sampling),175.3016
Round Robin,19.089599999999997