algorithm,variance
Manifold (L3),0.11199999999999921
P2C (Sampling),0.06799999999999966
Round Robin,12.388000000000002