algorithm,variance
Manifold (L3),1.4160000000000017
P2C (Sampling),295.90239999999994
Round Robin,111.4444