algorithm,variance
Manifold (L3),2.6823999999999972
P2C (Sampling),138.0104
Round Robin,49.476000000000006