Name,Input,Iterations per Second,Standard Deviation Iterations Per Second,Run Time Average,Run Time Median,Run Time Minimum,Run Time Maximum,Run Time Standard Deviation,Run Time Standard Deviation Ratio,Run Time Sample Size,Memory Usage Average,Memory Usage Median,Memory Usage Minimum,Memory Usage Maximum,Memory Usage Standard Deviation,Memory Usage Standard Deviation Ratio,Memory Usage Sample Size
Elixir VM,Heavy (1M ops),53.30479780379012,2.5762491286739584,18760037.392523363,18601541.0,17809083,26882041,906682.5497449454,0.0483305299863792,107,79999496.0,79999496.0,79999496,79999496,0.0,0.0,37
Rust NIF,Heavy (1M ops),44.07285394288144,0.35155816240387694,22689703.764044944,22645792.0,22119042,23383708,180990.10722368615,0.00797675056077597,89,16.0,16.0,16,16,0.0,0.0,45
Elixir VM,Med (10k ops),8017.051328321155,1750.184893568474,124734.13965398788,114084.0,89000,342125,27230.43647774495,0.21830780693466997,16011,800160.0,800160.0,800160,800160,0.0,0.0,3458
Rust NIF,Med (10k ops),4502.097641269489,57.19507216957207,222118.68326294734,220959.0,200167,293084,2821.816657857364,0.012704094119434593,8998,16.0,16.0,16,16,0.0,0.0,4411
Elixir VM,Micro (10 ops),10600628.639936473,146106928.7707511,94.33402810024225,87.5,66.6,943408.3,1300.192242597296,13.782855124300125,1000000,960.0,960.0,960,960,0.0,0.0,235914
Rust NIF,Micro (10 ops),2072860.6024377984,263192.63447008876,482.425108,500.0,375,29584,61.253870597816615,0.1269707351090371,1000000,16.0,16.0,16,16,0.0,0.0,207415
