algorithm,variance
Manifold (L3),4.829600000000002
P2C (Sampling),154.47040000000004
Round Robin,108.8984