algorithm,variance
Manifold (L3),0.12559999999999932
P2C (Sampling),0.12559999999999932
Round Robin,11.525600000000004