algorithm,variance
Manifold (L3),0.12159999999999957
P2C (Sampling),0.09360000000000057
Round Robin,14.685600000000013