algorithm,variance
Manifold (L3),0.07840000000000066
P2C (Sampling),0.058399999999999674
Round Robin,18.814399999999985