algorithm,variance
Manifold (L3),1.9455999999999989
P2C (Sampling),408.0064000000001
Round Robin,32.2324