algorithm,variance
Manifold (L3),0.004000000000000114
P2C (Sampling),0.04
Round Robin,19.939999999999987