algorithm,variance
Manifold (L3),1.4864000000000004
P2C (Sampling),164.508
Round Robin,34.387599999999985