algorithm,variance
Manifold (L3),0.03759999999999982
P2C (Sampling),0.23759999999999998
Round Robin,10.161599999999998