Name,Input,Iterations per Second,Standard Deviation Iterations Per Second,Run Time Average,Run Time Median,Run Time Minimum,Run Time Maximum,Run Time Standard Deviation,Run Time Standard Deviation Ratio,Run Time Sample Size,Memory Usage Average,Memory Usage Median,Memory Usage Minimum,Memory Usage Maximum,Memory Usage Standard Deviation,Memory Usage Standard Deviation Ratio,Memory Usage Sample Size
Rust NIF,Heavy (1M ops),46.685748608849615,0.6015460527307409,21419812.893617023,21396770.5,20958583,22355167,275994.3725941219,0.01288500389638635,94,16.0,16.0,16,16,0.0,0.0,48
Elixir VM,Heavy (1M ops),40.55939403477866,13.01594379024975,24655200.69512195,19458374.5,18209834,42254875,7912117.871136364,0.3209107063850339,82,79999496.0,79999496.0,79999496,79999496,0.0,0.0,34
Elixir VM,Med (10k ops),5634.764590402494,2227.424393818273,177469.70329572711,151917.0,101916,997458,70153.83516782505,0.3953003462845938,11257,800160.0,800160.0,800160,800160,0.0,0.0,3301
Rust NIF,Med (10k ops),4798.053203424125,76.54781726697607,208417.8639966625,208250.0,194709,235458,3325.084548250629,0.01595393256838999,9588,16.0,16.0,16,16,0.0,0.0,4650
Elixir VM,Micro (10 ops),7354399.83515554,291423165.97032785,135.973026,84.0,41,3445083,5388.024939039455,39.625689723485706,1000000,960.0,960.0,960,960,0.0,0.0,207843
Rust NIF,Micro (10 ops),2011568.2433246695,348826.71175008075,497.124571,500.0,375,42458,86.20653562590117,0.17341032943209955,1000000,16.0,16.0,16,16,0.0,0.0,199212
