algorithm,variance
Manifold (L3),0.05039999999999996
P2C (Sampling),0.13840000000000013
Round Robin,6.146399999999997