algorithm,variance
Manifold (L3),2.4303999999999997
P2C (Sampling),445.08159999999987
Round Robin,163.92960000000002