algorithm,variance
Manifold (L3),0.11760000000000095
P2C (Sampling),0.13760000000000017
Round Robin,20.16559999999999