algorithm,variance
Manifold (L3),1.7896000000000014
P2C (Sampling),155.48760000000004
Round Robin,86.18239999999999